<?xml version="1.0" encoding="UTF-8"?>
<kml xmlns="http://www.opengis.net/kml/2.2">
  <Document>
    <name>2026 Shannons Adelaide Rally Day 2</name>
    <description>Day 2 of the 2026 Shannons Adelaide Rally </description>
    <Style id="icon-1899-DB4436-nodesc-normal">
      <IconStyle>
        <color>ff3644db</color>
        <scale>1</scale>
        <Icon>
          <href>https://www.gstatic.com/mapspro/images/stock/503-wht-blank_maps.png</href>
        </Icon>
        <hotSpot x="32" xunits="pixels" y="64" yunits="insetPixels"/>
      </IconStyle>
      <LabelStyle>
        <scale>0</scale>
      </LabelStyle>
      <BalloonStyle>
        <text><![CDATA[<h3>$[name]</h3>]]></text>
      </BalloonStyle>
    </Style>
    <Style id="icon-1899-DB4436-nodesc-highlight">
      <IconStyle>
        <color>ff3644db</color>
        <scale>1</scale>
        <Icon>
          <href>https://www.gstatic.com/mapspro/images/stock/503-wht-blank_maps.png</href>
        </Icon>
        <hotSpot x="32" xunits="pixels" y="64" yunits="insetPixels"/>
      </IconStyle>
      <LabelStyle>
        <scale>1</scale>
      </LabelStyle>
      <BalloonStyle>
        <text><![CDATA[<h3>$[name]</h3>]]></text>
      </BalloonStyle>
    </Style>
    <StyleMap id="icon-1899-DB4436-nodesc">
      <Pair>
        <key>normal</key>
        <styleUrl>#icon-1899-DB4436-nodesc-normal</styleUrl>
      </Pair>
      <Pair>
        <key>highlight</key>
        <styleUrl>#icon-1899-DB4436-nodesc-highlight</styleUrl>
      </Pair>
    </StyleMap>
    <Style id="line-1267FF-5000-nodesc-normal">
      <LineStyle>
        <color>ffff6712</color>
        <width>5</width>
      </LineStyle>
      <BalloonStyle>
        <text><![CDATA[<h3>$[name]</h3>]]></text>
      </BalloonStyle>
    </Style>
    <Style id="line-1267FF-5000-nodesc-highlight">
      <LineStyle>
        <color>ffff6712</color>
        <width>7.5</width>
      </LineStyle>
      <BalloonStyle>
        <text><![CDATA[<h3>$[name]</h3>]]></text>
      </BalloonStyle>
    </Style>
    <StyleMap id="line-1267FF-5000-nodesc">
      <Pair>
        <key>normal</key>
        <styleUrl>#line-1267FF-5000-nodesc-normal</styleUrl>
      </Pair>
      <Pair>
        <key>highlight</key>
        <styleUrl>#line-1267FF-5000-nodesc-highlight</styleUrl>
      </Pair>
    </StyleMap>
    <Folder>
      <name>SS12 - Hermitage</name>
      <Placemark>
        <name>SS12 - Hermitage</name>
        <styleUrl>#line-1267FF-5000-nodesc</styleUrl>
        <LineString>
          <tessellate>1</tessellate>
          <coordinates>
            138.75874,-34.7867,0
            138.75873,-34.78668,0
            138.75872,-34.78656,0
            138.75872,-34.78613,0
            138.75868,-34.78576,0
            138.75867,-34.78564,0
            138.75868,-34.78555,0
            138.7587,-34.78549,0
            138.75872,-34.78547,0
            138.7588,-34.78533,0
            138.75892,-34.78516,0
            138.75904,-34.78502,0
            138.75917,-34.78488,0
            138.75922,-34.78485,0
            138.75924,-34.78483,0
            138.75925,-34.78482,0
            138.75926,-34.78481,0
            138.75927,-34.7848,0
            138.75927,-34.78478,0
            138.75927,-34.78476,0
            138.75927,-34.78475,0
            138.75927,-34.78473,0
            138.75927,-34.78472,0
            138.75926,-34.7847,0
            138.75925,-34.78469,0
            138.75923,-34.78468,0
            138.75922,-34.78468,0
            138.7592,-34.78468,0
            138.75917,-34.78468,0
            138.75915,-34.78469,0
            138.75913,-34.78469,0
            138.7591,-34.78471,0
            138.75907,-34.78472,0
            138.75901,-34.78476,0
            138.75878,-34.7849,0
            138.75829,-34.78514,0
            138.75793,-34.78531,0
            138.75789,-34.78532,0
            138.75786,-34.78533,0
            138.75782,-34.78534,0
            138.75778,-34.78535,0
            138.75771,-34.78536,0
            138.75765,-34.78536,0
            138.75753,-34.78534,0
            138.75736,-34.78529,0
            138.75711,-34.78518,0
            138.75709,-34.78517,0
            138.75675,-34.78502,0
            138.7565,-34.78491,0
            138.75631,-34.78483,0
            138.75619,-34.7848,0
            138.75611,-34.78477,0
            138.75606,-34.78476,0
            138.7559,-34.78472,0
            138.75573,-34.78468,0
            138.75506,-34.78453,0
            138.75463,-34.78444,0
            138.75428,-34.78436,0
            138.75403,-34.7843,0
            138.75391,-34.78425,0
            138.75382,-34.78419,0
            138.75391,-34.78411,0
            138.75411,-34.7839,0
            138.75449,-34.78346,0
            138.75461,-34.78327,0
            138.75466,-34.78319,0
            138.75468,-34.78317,0
            138.7547,-34.78313,0
            138.75471,-34.78311,0
            138.75472,-34.78308,0
            138.75472,-34.78305,0
            138.75473,-34.78302,0
            138.75473,-34.783,0
            138.75473,-34.78297,0
            138.75474,-34.78293,0
            138.75471,-34.7826,0
            138.7547,-34.78241,0
            138.75468,-34.78212,0
            138.75467,-34.78193,0
            138.75467,-34.78185,0
            138.75467,-34.78176,0
            138.75467,-34.78158,0
            138.75467,-34.78151,0
            138.75468,-34.78086,0
            138.75468,-34.78072,0
            138.75469,-34.78065,0
            138.7547,-34.78059,0
            138.75473,-34.78046,0
            138.75474,-34.7804,0
            138.75477,-34.78025,0
            138.7548,-34.78014,0
            138.75481,-34.78007,0
            138.75484,-34.77998,0
            138.75491,-34.77983,0
            138.75494,-34.77977,0
            138.75496,-34.77972,0
            138.75499,-34.77968,0
            138.75504,-34.7796,0
            138.75512,-34.77947,0
            138.75514,-34.77944,0
            138.75524,-34.77929,0
            138.75529,-34.77919,0
            138.75576,-34.77855,0
            138.75588,-34.77839,0
            138.75598,-34.77823,0
            138.75606,-34.77806,0
            138.75609,-34.77796,0
            138.75613,-34.77779,0
            138.75624,-34.77731,0
            138.75628,-34.77711,0
            138.75629,-34.7769,0
            138.75626,-34.77669,0
            138.75624,-34.77661,0
            138.75617,-34.77643,0
            138.75608,-34.77625,0
            138.756,-34.77612,0
            138.75588,-34.77595,0
            138.75583,-34.77588,0
            138.75573,-34.77579,0
            138.75564,-34.77573,0
            138.75561,-34.77571,0
            138.75556,-34.77567,0
            138.75523,-34.77554,0
            138.7552,-34.77553,0
            138.75503,-34.77547,0
            138.75492,-34.77543,0
            138.75483,-34.7754,0
            138.75442,-34.77526,0
            138.75432,-34.77523,0
            138.75423,-34.7752,0
            138.75414,-34.77517,0
            138.75376,-34.77507,0
            138.75358,-34.77504,0
            138.75273,-34.7749,0
            138.75226,-34.77479,0
            138.75197,-34.77472,0
            138.75187,-34.7747,0
            138.75182,-34.77467,0
            138.75177,-34.77464,0
            138.75173,-34.77462,0
            138.75169,-34.7746,0
            138.75166,-34.77457,0
            138.75163,-34.77454,0
            138.75158,-34.77449,0
            138.75151,-34.77436,0
            138.75147,-34.77427,0
            138.75146,-34.77416,0
            138.75147,-34.77403,0
            138.7515,-34.77387,0
            138.7515,-34.77376,0
            138.75149,-34.77367,0
            138.75148,-34.77363,0
            138.75143,-34.77352,0
            138.75132,-34.77338,0
            138.7509,-34.77303,0
            138.75071,-34.77282,0
            138.75032,-34.77244,0
            138.75016,-34.77228,0
            138.75011,-34.77223,0
            138.75007,-34.77219,0
            138.75005,-34.77216,0
            138.75003,-34.77214,0
            138.75002,-34.77211,0
            138.75002,-34.77207,0
            138.75,-34.77199,0
            138.75019,-34.77214,0
            138.75023,-34.77217,0
            138.75026,-34.77218,0
            138.75028,-34.77219,0
            138.75031,-34.7722,0
            138.75033,-34.7722,0
            138.75034,-34.77221,0
            138.75036,-34.77221,0
            138.75039,-34.77221,0
            138.7504,-34.77221,0
            138.75043,-34.7722,0
            138.75045,-34.7722,0
            138.75047,-34.77219,0
            138.75052,-34.77218,0
            138.75054,-34.77217,0
            138.75055,-34.77216,0
            138.75056,-34.77216,0
            138.75057,-34.77215,0
            138.75059,-34.77213,0
            138.7506,-34.77212,0
            138.75062,-34.77211,0
            138.75063,-34.7721,0
            138.75064,-34.77209,0
            138.75065,-34.77207,0
            138.75067,-34.77206,0
            138.75068,-34.77205,0
            138.75069,-34.77203,0
            138.75088,-34.77173,0
            138.75103,-34.77143,0
            138.75117,-34.77115,0
            138.75124,-34.77105,0
            138.75131,-34.77096,0
            138.75147,-34.77079,0
            138.75174,-34.77058,0
            138.75181,-34.77051,0
            138.75188,-34.77043,0
            138.75192,-34.77035,0
            138.75201,-34.7702,0
            138.75209,-34.76998,0
            138.75218,-34.76977,0
            138.75225,-34.76961,0
            138.75237,-34.76939,0
            138.75251,-34.76915,0
            138.7526,-34.76893,0
            138.75262,-34.76884,0
            138.75265,-34.76871,0
            138.75269,-34.76844,0
            138.75273,-34.76819,0
            138.75275,-34.76792,0
            138.75277,-34.76777,0
            138.75279,-34.76763,0
            138.7528,-34.76759,0
            138.75286,-34.76737,0
            138.75298,-34.76687,0
            138.75303,-34.7665,0
            138.75303,-34.76632,0
            138.75303,-34.76614,0
            138.75304,-34.76608,0
            138.75305,-34.76601,0
            138.75306,-34.76596,0
            138.75307,-34.76593,0
            138.75311,-34.76582,0
            138.75316,-34.76565,0
            138.75326,-34.76544,0
            138.75346,-34.76507,0
            138.75358,-34.76481,0
            138.7537,-34.76453,0
            138.75384,-34.76421,0
            138.75396,-34.76392,0
            138.75408,-34.76355,0
            138.75411,-34.76348,0
            138.75419,-34.76327,0
            138.75424,-34.76314,0
            138.75453,-34.76227,0
            138.75461,-34.76211,0
            138.75464,-34.76204,0
            138.7547,-34.76193,0
            138.75499,-34.76142,0
            138.755,-34.76139,0
            138.75507,-34.76122,0
            138.75529,-34.76074,0
            138.75535,-34.76065,0
            138.75542,-34.76056,0
            138.7555,-34.76048,0
            138.7557,-34.76033,0
            138.75601,-34.76009,0
            138.75649,-34.7597,0
            138.75661,-34.75963,0
            138.75677,-34.75958,0
            138.75688,-34.75956,0
            138.75689,-34.75956,0
            138.75695,-34.75955,0
            138.75704,-34.75954,0
            138.75714,-34.75954,0
            138.75737,-34.75957,0
            138.75755,-34.75958,0
            138.75775,-34.75958,0
            138.75786,-34.75958,0
            138.75826,-34.75957,0
            138.7584,-34.75956,0
            138.75841,-34.75956,0
            138.75848,-34.75954,0
            138.75854,-34.75951,0
            138.7586,-34.75948,0
            138.75865,-34.75945,0
            138.75885,-34.75932,0
            138.75904,-34.75917,0
            138.75914,-34.75906,0
            138.75928,-34.75888,0
            138.75937,-34.75878,0
            138.75943,-34.75874,0
            138.75947,-34.75871,0
            138.75957,-34.75866,0
            138.75964,-34.75863,0
            138.75971,-34.75861,0
            138.7599,-34.75857,0
            138.76014,-34.75852,0
            138.76094,-34.75832,0
            138.76146,-34.7582,0
            138.76207,-34.75803,0
            138.76225,-34.75799,0
            138.76244,-34.75795,0
            138.76262,-34.75792,0
            138.76279,-34.75791,0
            138.7628,-34.75791,0
            138.76302,-34.75791,0
            138.76315,-34.75791,0
            138.76354,-34.75794,0
            138.76382,-34.75796,0
            138.7641,-34.75799,0
            138.76411,-34.75799,0
            138.76442,-34.75804,0
            138.76463,-34.75806,0
            138.76477,-34.75807,0
            138.76489,-34.75807,0
            138.76494,-34.75807,0
            138.76503,-34.75806,0
            138.7651,-34.75805,0
            138.76525,-34.75801,0
            138.76576,-34.75784,0
            138.7661,-34.75772,0
            138.76641,-34.75764,0
            138.76655,-34.75762,0
            138.76677,-34.75759,0
            138.76693,-34.75757,0
            138.76714,-34.75756,0
            138.7674,-34.75756,0
            138.76756,-34.75758,0
            138.76789,-34.75762,0
            138.7683,-34.75768,0
            138.76855,-34.75771,0
            138.76865,-34.75771,0
            138.76873,-34.75772,0
            138.76879,-34.75771,0
            138.76891,-34.7577,0
            138.76904,-34.75765,0
            138.76917,-34.7576,0
            138.76929,-34.75753,0
          </coordinates>
        </LineString>
      </Placemark>
      <Placemark>
        <name>463 Range Rd N, Upper Hermitage SA 5131, Australia</name>
        <styleUrl>#icon-1899-DB4436-nodesc</styleUrl>
        <Point>
          <coordinates>
            138.7587351,-34.7866972,0
          </coordinates>
        </Point>
      </Placemark>
      <Placemark>
        <name>516 One Tree Hill Rd, Gould Creek SA 5114, Australia</name>
        <styleUrl>#icon-1899-DB4436-nodesc</styleUrl>
        <Point>
          <coordinates>
            138.7692934,-34.7575341,0
          </coordinates>
        </Point>
      </Placemark>
    </Folder>
    <Folder>
      <name>SS13 - Chain of Ponds Long</name>
      <Placemark>
        <name>SS13 - Chain of Ponds Long</name>
        <styleUrl>#line-1267FF-5000-nodesc</styleUrl>
        <LineString>
          <tessellate>1</tessellate>
          <coordinates>
            138.79499,-34.81893,0
            138.79508,-34.81889,0
            138.79533,-34.81881,0
            138.79538,-34.8188,0
            138.79548,-34.81877,0
            138.7957,-34.81874,0
            138.79588,-34.81874,0
            138.79611,-34.81874,0
            138.79622,-34.81876,0
            138.79629,-34.81876,0
            138.79658,-34.81883,0
            138.79688,-34.8189,0
            138.79716,-34.81897,0
            138.79739,-34.819,0
            138.79758,-34.81902,0
            138.79777,-34.81902,0
            138.79792,-34.81901,0
            138.79815,-34.81897,0
            138.79838,-34.81892,0
            138.79855,-34.81885,0
            138.79875,-34.81876,0
            138.7991,-34.81861,0
            138.79941,-34.81846,0
            138.79954,-34.81839,0
            138.79977,-34.81826,0
            138.79995,-34.81815,0
            138.80016,-34.81801,0
            138.80034,-34.8179,0
            138.80049,-34.81782,0
            138.80061,-34.81777,0
            138.80063,-34.81776,0
            138.80079,-34.81769,0
            138.80081,-34.81769,0
            138.80142,-34.81749,0
            138.80145,-34.81748,0
            138.80159,-34.81745,0
            138.80172,-34.81743,0
            138.80189,-34.81741,0
            138.80205,-34.81739,0
            138.80222,-34.81737,0
            138.80233,-34.81734,0
            138.80242,-34.8173,0
            138.8026,-34.81719,0
            138.80293,-34.81701,0
            138.8031,-34.81692,0
            138.8032,-34.81688,0
            138.80326,-34.81686,0
            138.80328,-34.81686,0
            138.80333,-34.81686,0
            138.80339,-34.81686,0
            138.80346,-34.81687,0
            138.80353,-34.8169,0
            138.80428,-34.81718,0
            138.80435,-34.81726,0
            138.8044,-34.81733,0
            138.80444,-34.81739,0
            138.80449,-34.81748,0
            138.80456,-34.81755,0
            138.80464,-34.81763,0
            138.80479,-34.81776,0
            138.80482,-34.81779,0
            138.80486,-34.81783,0
            138.80489,-34.8179,0
            138.80492,-34.81798,0
            138.80496,-34.81808,0
            138.80499,-34.81814,0
            138.80503,-34.81819,0
            138.80507,-34.81823,0
            138.80511,-34.81826,0
            138.80515,-34.81828,0
            138.80521,-34.81831,0
            138.80526,-34.81832,0
            138.80527,-34.81832,0
            138.80536,-34.81833,0
            138.80546,-34.81832,0
            138.80557,-34.81829,0
            138.80565,-34.81826,0
            138.80572,-34.81822,0
            138.80578,-34.81818,0
            138.80582,-34.81813,0
            138.80584,-34.81808,0
            138.80586,-34.81802,0
            138.80587,-34.81781,0
            138.80587,-34.81776,0
            138.80587,-34.81758,0
            138.80587,-34.81751,0
            138.80587,-34.81746,0
            138.80588,-34.81742,0
            138.8059,-34.81738,0
            138.80592,-34.81734,0
            138.80596,-34.81731,0
            138.80599,-34.81728,0
            138.80603,-34.81726,0
            138.80605,-34.81726,0
            138.80611,-34.81724,0
            138.80617,-34.81724,0
            138.80623,-34.81725,0
            138.80629,-34.81727,0
            138.80636,-34.81731,0
            138.80645,-34.81737,0
            138.80655,-34.81742,0
            138.80664,-34.81745,0
            138.80671,-34.81746,0
            138.80678,-34.81747,0
            138.80685,-34.81746,0
            138.80692,-34.81744,0
            138.80699,-34.81739,0
            138.80705,-34.81734,0
            138.80757,-34.81675,0
            138.80767,-34.81665,0
            138.80769,-34.81663,0
            138.80781,-34.81652,0
            138.80812,-34.81622,0
            138.80819,-34.81612,0
            138.80822,-34.81607,0
            138.80827,-34.81601,0
            138.80832,-34.8159,0
            138.80839,-34.81576,0
            138.80851,-34.81548,0
            138.8086,-34.81534,0
            138.80864,-34.81526,0
            138.80873,-34.81514,0
            138.80882,-34.81503,0
            138.80889,-34.81495,0
            138.809,-34.81487,0
            138.80909,-34.8148,0
            138.80918,-34.81475,0
            138.80931,-34.8147,0
            138.80952,-34.81463,0
            138.80977,-34.81457,0
            138.8099,-34.81454,0
            138.81004,-34.81453,0
            138.81011,-34.81452,0
            138.81019,-34.81453,0
            138.81027,-34.81455,0
            138.81039,-34.81459,0
            138.81056,-34.81465,0
            138.8107,-34.81472,0
            138.81082,-34.81478,0
            138.81101,-34.81487,0
            138.8111,-34.8149,0
            138.8112,-34.81493,0
            138.81136,-34.81496,0
            138.81202,-34.81503,0
            138.81224,-34.81506,0
            138.81236,-34.81507,0
            138.81238,-34.81507,0
            138.81249,-34.81509,0
            138.81257,-34.81511,0
            138.81258,-34.81512,0
            138.81267,-34.81516,0
            138.81273,-34.8152,0
            138.81279,-34.81525,0
            138.81284,-34.81531,0
            138.81289,-34.8154,0
            138.81292,-34.81551,0
            138.81303,-34.81598,0
            138.81307,-34.81607,0
            138.81311,-34.81616,0
            138.81316,-34.81623,0
            138.81326,-34.81638,0
            138.8133,-34.81644,0
            138.81346,-34.81665,0
            138.81354,-34.81671,0
            138.81362,-34.81674,0
            138.81371,-34.81676,0
            138.81382,-34.81677,0
            138.8139,-34.81676,0
            138.81398,-34.81675,0
            138.81448,-34.81662,0
            138.81462,-34.8166,0
            138.8147,-34.8166,0
            138.81476,-34.81661,0
            138.81479,-34.81661,0
            138.81486,-34.81664,0
            138.81491,-34.81667,0
            138.81499,-34.81673,0
            138.81515,-34.81689,0
            138.81525,-34.81696,0
            138.81532,-34.817,0
            138.81538,-34.81702,0
            138.81545,-34.81704,0
            138.81552,-34.81705,0
            138.81561,-34.81705,0
            138.81576,-34.81705,0
            138.81586,-34.81705,0
            138.81588,-34.81706,0
            138.81592,-34.81706,0
            138.81599,-34.81709,0
            138.81605,-34.81712,0
            138.81607,-34.81714,0
            138.8161,-34.81716,0
            138.81613,-34.8172,0
            138.81614,-34.81725,0
            138.81615,-34.81729,0
            138.81615,-34.81738,0
            138.81611,-34.81752,0
            138.81607,-34.81765,0
            138.81602,-34.81783,0
            138.816,-34.81789,0
            138.81597,-34.81804,0
            138.81597,-34.81811,0
            138.81597,-34.81818,0
            138.81598,-34.81827,0
            138.81601,-34.81837,0
            138.81605,-34.81847,0
            138.81609,-34.81854,0
            138.81614,-34.81861,0
            138.8162,-34.81867,0
            138.81622,-34.81869,0
            138.81633,-34.81878,0
            138.81636,-34.8188,0
            138.81653,-34.81889,0
            138.81696,-34.81911,0
            138.81707,-34.81918,0
            138.81709,-34.8192,0
            138.81717,-34.81927,0
            138.81748,-34.81963,0
            138.8178,-34.82002,0
            138.818,-34.82025,0
            138.81838,-34.82069,0
            138.81847,-34.8208,0
            138.8185,-34.82084,0
            138.81884,-34.82123,0
            138.81892,-34.82137,0
            138.81899,-34.82153,0
            138.81902,-34.82166,0
            138.81905,-34.8219,0
            138.81907,-34.82223,0
            138.81909,-34.82243,0
            138.8191,-34.82252,0
            138.81911,-34.82257,0
            138.81915,-34.82268,0
            138.81923,-34.82278,0
            138.81931,-34.82285,0
            138.81944,-34.8229,0
            138.81961,-34.82294,0
            138.82002,-34.82297,0
            138.82013,-34.82297,0
            138.82021,-34.82295,0
            138.82031,-34.8229,0
            138.8204,-34.82283,0
            138.82062,-34.82263,0
            138.82068,-34.82255,0
            138.82071,-34.82248,0
            138.82071,-34.82246,0
            138.82072,-34.82239,0
            138.82071,-34.82228,0
            138.8207,-34.82212,0
            138.82071,-34.82202,0
            138.82074,-34.82192,0
            138.82088,-34.82164,0
            138.8209,-34.82161,0
            138.82091,-34.8216,0
            138.82093,-34.82158,0
            138.82099,-34.82155,0
            138.82104,-34.82154,0
            138.82108,-34.82153,0
            138.82111,-34.82153,0
            138.82113,-34.82153,0
            138.82116,-34.82153,0
            138.82125,-34.82155,0
            138.8216,-34.82171,0
            138.82169,-34.82174,0
            138.82175,-34.82175,0
            138.82186,-34.82177,0
            138.82192,-34.82177,0
            138.82196,-34.82176,0
            138.8221,-34.82175,0
            138.8222,-34.82173,0
            138.8223,-34.82169,0
            138.82242,-34.82165,0
            138.82262,-34.82156,0
            138.8229,-34.82142,0
            138.82312,-34.82132,0
            138.82323,-34.82125,0
            138.82348,-34.82108,0
            138.82378,-34.82087,0
            138.82393,-34.82076,0
            138.8249,-34.82003,0
            138.82498,-34.81999,0
            138.82503,-34.81998,0
            138.82509,-34.81998,0
            138.82511,-34.81998,0
            138.82515,-34.81998,0
            138.82523,-34.81999,0
            138.8253,-34.82002,0
            138.82535,-34.82007,0
            138.8254,-34.82012,0
            138.82575,-34.82074,0
            138.82624,-34.82156,0
            138.82649,-34.82196,0
            138.82661,-34.82213,0
            138.82671,-34.82223,0
            138.82683,-34.82232,0
            138.82696,-34.82239,0
            138.82705,-34.82243,0
            138.82741,-34.82259,0
            138.82759,-34.82267,0
            138.82764,-34.82269,0
            138.82778,-34.82276,0
            138.82789,-34.82284,0
            138.82799,-34.82292,0
            138.82811,-34.82303,0
            138.82824,-34.82316,0
            138.82825,-34.82316,0
            138.8284,-34.82328,0
            138.82843,-34.8233,0
            138.82853,-34.82336,0
            138.82863,-34.82342,0
            138.82872,-34.82347,0
            138.82882,-34.82351,0
            138.82887,-34.82353,0
            138.8289,-34.82355,0
            138.82902,-34.82359,0
            138.82911,-34.82362,0
            138.82926,-34.82366,0
            138.82941,-34.8237,0
            138.8294,-34.82376,0
            138.82938,-34.8238,0
            138.82936,-34.82384,0
            138.82933,-34.82387,0
            138.82932,-34.82388,0
            138.8293,-34.8239,0
            138.82927,-34.82393,0
            138.82916,-34.82399,0
            138.82907,-34.82403,0
            138.82897,-34.82407,0
            138.8289,-34.82409,0
            138.82881,-34.82411,0
            138.82875,-34.82412,0
            138.82868,-34.82412,0
            138.82859,-34.82412,0
            138.82852,-34.82411,0
            138.82843,-34.8241,0
            138.82839,-34.82409,0
            138.82835,-34.82409,0
            138.82766,-34.82399,0
            138.82744,-34.82396,0
            138.82742,-34.82396,0
            138.82679,-34.82388,0
            138.82658,-34.82385,0
            138.82586,-34.82377,0
            138.8254,-34.8237,0
            138.82528,-34.82369,0
            138.82523,-34.82369,0
            138.82514,-34.82369,0
            138.82506,-34.8237,0
            138.82502,-34.8237,0
            138.82494,-34.82373,0
            138.82484,-34.82378,0
            138.82479,-34.82382,0
            138.82477,-34.82385,0
            138.82474,-34.82388,0
            138.82471,-34.82396,0
            138.82468,-34.82405,0
            138.82468,-34.82426,0
            138.8247,-34.82444,0
            138.82476,-34.8246,0
            138.82483,-34.82478,0
            138.82487,-34.82494,0
            138.82487,-34.82496,0
            138.82487,-34.82513,0
            138.82487,-34.82514,0
            138.82485,-34.82554,0
            138.82486,-34.82568,0
            138.82487,-34.8258,0
            138.82493,-34.8262,0
            138.8249,-34.82635,0
            138.82486,-34.82646,0
            138.82482,-34.8265,0
            138.8248,-34.82652,0
            138.82478,-34.82655,0
            138.82462,-34.82666,0
            138.82451,-34.82672,0
            138.82426,-34.82681,0
            138.82381,-34.82705,0
            138.82371,-34.82712,0
            138.82361,-34.82721,0
            138.82355,-34.82733,0
            138.82354,-34.82735,0
            138.82352,-34.82744,0
            138.82354,-34.82777,0
            138.8236,-34.82829,0
            138.82365,-34.82858,0
            138.82368,-34.82876,0
            138.8237,-34.82889,0
            138.82371,-34.82894,0
            138.82375,-34.82911,0
            138.82376,-34.82917,0
            138.82385,-34.82927,0
            138.82395,-34.82938,0
            138.82407,-34.82958,0
            138.82412,-34.82982,0
            138.82413,-34.82994,0
            138.82415,-34.83012,0
            138.82419,-34.83054,0
            138.8243,-34.83081,0
            138.82436,-34.83099,0
            138.82438,-34.83104,0
            138.82441,-34.83117,0
            138.82443,-34.83128,0
            138.82441,-34.83136,0
            138.82437,-34.83148,0
            138.82435,-34.83152,0
            138.82423,-34.83174,0
            138.82416,-34.83203,0
            138.82412,-34.83221,0
            138.82401,-34.83295,0
            138.82393,-34.83335,0
            138.82385,-34.83357,0
            138.82382,-34.83365,0
            138.82375,-34.83375,0
            138.82366,-34.83381,0
            138.82342,-34.83397,0
            138.82335,-34.83402,0
            138.82318,-34.83413,0
            138.82302,-34.83425,0
            138.82248,-34.8346,0
            138.82231,-34.83471,0
            138.82217,-34.83481,0
            138.82215,-34.83484,0
            138.82205,-34.83494,0
            138.82187,-34.83519,0
            138.82168,-34.83554,0
            138.82162,-34.8357,0
            138.82149,-34.83597,0
            138.82145,-34.83609,0
            138.82143,-34.8362,0
            138.82143,-34.83621,0
            138.82144,-34.83631,0
            138.82145,-34.83636,0
          </coordinates>
        </LineString>
      </Placemark>
      <Placemark>
        <name>9 Fidlers Hill Rd, Inglewood SA 5133, Australia</name>
        <styleUrl>#icon-1899-DB4436-nodesc</styleUrl>
        <Point>
          <coordinates>
            138.7949886,-34.8189327,0
          </coordinates>
        </Point>
      </Placemark>
      <Placemark>
        <name>197 Tippett Rd, Millbrook SA 5231, Australia</name>
        <styleUrl>#icon-1899-DB4436-nodesc</styleUrl>
        <Point>
          <coordinates>
            138.8214539,-34.8363588,0
          </coordinates>
        </Point>
      </Placemark>
    </Folder>
    <Folder>
      <name>SS14 - Black Hill</name>
      <Placemark>
        <name>SS14 - Black Hill</name>
        <styleUrl>#line-1267FF-5000-nodesc</styleUrl>
        <LineString>
          <tessellate>1</tessellate>
          <coordinates>
            138.75024,-34.88386,0
            138.74926,-34.88384,0
            138.74915,-34.88384,0
            138.74895,-34.88384,0
            138.74882,-34.88385,0
            138.74874,-34.88386,0
            138.7486,-34.88389,0
            138.7483,-34.88398,0
            138.74811,-34.88406,0
            138.74796,-34.88417,0
            138.74789,-34.88427,0
            138.74781,-34.88437,0
            138.74779,-34.88442,0
            138.74776,-34.88446,0
            138.7477,-34.88452,0
            138.74753,-34.88469,0
            138.74742,-34.88479,0
            138.74735,-34.88487,0
            138.74732,-34.8849,0
            138.7473,-34.88493,0
            138.74727,-34.88495,0
            138.74723,-34.88497,0
            138.7472,-34.88499,0
            138.74718,-34.88499,0
            138.74716,-34.88499,0
            138.74714,-34.88499,0
            138.74713,-34.88499,0
            138.74712,-34.88499,0
            138.74711,-34.88499,0
            138.7471,-34.88498,0
            138.74709,-34.88497,0
            138.74706,-34.88494,0
            138.74704,-34.88489,0
            138.74702,-34.88484,0
            138.74701,-34.88479,0
            138.74701,-34.88476,0
            138.74703,-34.88471,0
            138.74706,-34.88466,0
            138.74709,-34.88462,0
            138.74711,-34.88461,0
            138.74712,-34.88459,0
            138.74712,-34.88457,0
            138.74714,-34.88451,0
            138.74714,-34.88448,0
            138.74714,-34.88446,0
            138.74713,-34.88442,0
            138.74711,-34.88436,0
            138.7471,-34.88433,0
            138.74709,-34.88432,0
            138.74706,-34.88429,0
            138.74701,-34.88425,0
            138.74698,-34.88425,0
            138.74696,-34.88425,0
            138.74693,-34.88426,0
            138.74691,-34.88427,0
            138.7469,-34.88427,0
            138.74689,-34.88429,0
            138.74686,-34.88432,0
            138.74682,-34.88438,0
            138.74676,-34.88448,0
            138.74667,-34.88455,0
            138.74661,-34.8846,0
            138.74653,-34.88465,0
            138.7465,-34.88466,0
            138.74647,-34.88467,0
            138.74646,-34.88467,0
            138.74645,-34.88467,0
            138.74644,-34.88467,0
            138.74643,-34.88466,0
            138.74642,-34.88466,0
            138.74641,-34.88465,0
            138.74641,-34.88464,0
            138.7464,-34.88462,0
            138.74639,-34.8846,0
            138.74638,-34.88458,0
            138.74638,-34.88457,0
            138.74638,-34.88454,0
            138.74637,-34.88451,0
            138.74638,-34.88449,0
            138.74638,-34.88447,0
            138.74639,-34.88445,0
            138.74643,-34.88436,0
            138.74645,-34.88432,0
            138.7465,-34.88424,0
            138.74665,-34.88402,0
            138.74671,-34.88393,0
            138.74675,-34.88389,0
            138.74675,-34.88388,0
            138.74676,-34.88386,0
            138.74677,-34.88384,0
            138.74677,-34.88382,0
            138.74676,-34.88379,0
            138.74675,-34.88378,0
            138.74675,-34.88377,0
            138.74674,-34.88377,0
            138.74673,-34.88376,0
            138.74671,-34.88376,0
            138.74669,-34.88376,0
            138.74667,-34.88377,0
            138.74663,-34.88379,0
            138.74656,-34.88384,0
            138.74635,-34.88397,0
            138.74621,-34.88406,0
            138.7461,-34.88412,0
            138.74597,-34.88416,0
            138.74585,-34.8842,0
            138.74575,-34.88423,0
            138.74565,-34.88426,0
            138.74559,-34.88429,0
            138.74552,-34.88435,0
            138.74534,-34.88453,0
            138.74523,-34.88464,0
            138.7452,-34.88468,0
            138.74519,-34.8847,0
            138.74517,-34.88475,0
            138.74516,-34.8848,0
            138.74516,-34.88484,0
            138.74517,-34.88486,0
            138.74518,-34.8849,0
            138.74521,-34.88494,0
            138.74523,-34.88496,0
            138.74526,-34.885,0
            138.74535,-34.8851,0
            138.74538,-34.88513,0
            138.7454,-34.88519,0
            138.74541,-34.88522,0
            138.74541,-34.88527,0
            138.74541,-34.88528,0
            138.74539,-34.88538,0
            138.74538,-34.88545,0
            138.74538,-34.88549,0
            138.74539,-34.88556,0
            138.74542,-34.88561,0
            138.74545,-34.88564,0
            138.74546,-34.88566,0
            138.74548,-34.88567,0
            138.74553,-34.88569,0
            138.7456,-34.88572,0
            138.74567,-34.88573,0
            138.74576,-34.88573,0
            138.74584,-34.88573,0
            138.74595,-34.88573,0
            138.74607,-34.88574,0
            138.74619,-34.88577,0
            138.74631,-34.88582,0
            138.74638,-34.88584,0
            138.74648,-34.88589,0
            138.74661,-34.88598,0
            138.74673,-34.88608,0
            138.7468,-34.88615,0
            138.74686,-34.8862,0
            138.74693,-34.88624,0
            138.74697,-34.88627,0
            138.74704,-34.88629,0
            138.74713,-34.88633,0
            138.74725,-34.88629,0
            138.74731,-34.88626,0
            138.74738,-34.88621,0
            138.74754,-34.88612,0
            138.74759,-34.8861,0
            138.74763,-34.88609,0
            138.74766,-34.88609,0
            138.74768,-34.8861,0
            138.74771,-34.88611,0
            138.74775,-34.88612,0
            138.74777,-34.88614,0
            138.74779,-34.88617,0
            138.74781,-34.88622,0
            138.74782,-34.88624,0
            138.74783,-34.88632,0
            138.74782,-34.88663,0
            138.74784,-34.88668,0
            138.74786,-34.88671,0
            138.7479,-34.88675,0
            138.74792,-34.88677,0
            138.74799,-34.88682,0
            138.74809,-34.88687,0
            138.74821,-34.88691,0
            138.74832,-34.88693,0
            138.7484,-34.88694,0
            138.74848,-34.88695,0
            138.74856,-34.88697,0
            138.74863,-34.88701,0
            138.74873,-34.88706,0
            138.74899,-34.88722,0
            138.74902,-34.88724,0
            138.74905,-34.88726,0
            138.74906,-34.88728,0
            138.74907,-34.88729,0
            138.74907,-34.88732,0
            138.74907,-34.88734,0
            138.74907,-34.88739,0
            138.74903,-34.88751,0
            138.74898,-34.88763,0
            138.74897,-34.8877,0
            138.74897,-34.88772,0
            138.74898,-34.88774,0
            138.74902,-34.8878,0
            138.74907,-34.88787,0
            138.74918,-34.88801,0
            138.74922,-34.88808,0
            138.74923,-34.88809,0
            138.74924,-34.88811,0
            138.74924,-34.88812,0
            138.74923,-34.88813,0
            138.74923,-34.88814,0
            138.74921,-34.88815,0
            138.74919,-34.88817,0
            138.74914,-34.8882,0
            138.74898,-34.88823,0
            138.74889,-34.88816,0
            138.74882,-34.88812,0
            138.74869,-34.88808,0
            138.7486,-34.88806,0
            138.74845,-34.88802,0
            138.74837,-34.88799,0
            138.7482,-34.88794,0
            138.74799,-34.88792,0
            138.74777,-34.88793,0
            138.74772,-34.88793,0
            138.74744,-34.88793,0
            138.74702,-34.88783,0
            138.74685,-34.88783,0
            138.74664,-34.88784,0
            138.74641,-34.88788,0
            138.74616,-34.88792,0
            138.74604,-34.88792,0
            138.74596,-34.88794,0
            138.74588,-34.88796,0
            138.74576,-34.88799,0
            138.74566,-34.888,0
            138.74556,-34.88798,0
            138.74551,-34.88797,0
            138.74547,-34.88796,0
            138.74546,-34.88794,0
            138.74544,-34.88793,0
            138.74541,-34.8879,0
            138.74538,-34.88786,0
            138.74536,-34.88783,0
            138.74533,-34.88778,0
            138.74529,-34.88772,0
            138.74524,-34.88767,0
            138.74518,-34.88764,0
            138.74515,-34.88762,0
            138.7451,-34.8876,0
            138.74506,-34.88759,0
            138.74501,-34.88759,0
            138.74499,-34.8876,0
            138.74491,-34.88762,0
            138.74483,-34.88764,0
            138.74477,-34.88765,0
            138.74474,-34.88766,0
            138.74468,-34.88766,0
            138.74457,-34.88765,0
            138.74454,-34.88764,0
            138.74443,-34.88762,0
            138.74433,-34.8876,0
            138.74431,-34.8876,0
            138.74423,-34.8876,0
            138.7442,-34.8876,0
            138.74415,-34.88761,0
            138.74411,-34.88763,0
            138.74407,-34.88765,0
            138.74406,-34.88767,0
            138.74401,-34.88774,0
            138.7439,-34.88795,0
            138.74382,-34.88808,0
            138.74381,-34.8881,0
            138.74378,-34.88814,0
            138.7437,-34.88822,0
            138.74367,-34.88824,0
            138.74357,-34.88831,0
            138.74349,-34.88834,0
            138.74348,-34.88835,0
            138.74333,-34.88838,0
            138.74319,-34.88841,0
            138.74309,-34.88841,0
            138.74296,-34.8884,0
            138.74291,-34.88839,0
            138.74262,-34.88828,0
            138.74253,-34.88825,0
            138.74248,-34.88823,0
            138.74241,-34.88822,0
            138.74233,-34.88822,0
            138.74227,-34.88823,0
            138.7422,-34.88825,0
            138.74213,-34.8883,0
            138.74207,-34.88835,0
            138.74204,-34.88839,0
            138.742,-34.88843,0
            138.74196,-34.8885,0
            138.74189,-34.88864,0
            138.74185,-34.88875,0
            138.74183,-34.88883,0
            138.7418,-34.88896,0
            138.74175,-34.88909,0
            138.74169,-34.88919,0
            138.74162,-34.88925,0
            138.74156,-34.8893,0
            138.74148,-34.88935,0
            138.74131,-34.88944,0
            138.74109,-34.88957,0
            138.74104,-34.88961,0
            138.74079,-34.8898,0
            138.74037,-34.89007,0
            138.74032,-34.8901,0
            138.74027,-34.89012,0
            138.74022,-34.89013,0
            138.74006,-34.89018,0
            138.73997,-34.89021,0
            138.73988,-34.89024,0
            138.7398,-34.89029,0
            138.73977,-34.89031,0
            138.73968,-34.89039,0
            138.73963,-34.89046,0
            138.73953,-34.89058,0
            138.73948,-34.89061,0
            138.73944,-34.89065,0
            138.73936,-34.89068,0
            138.73925,-34.89073,0
            138.73914,-34.89077,0
            138.73895,-34.89081,0
            138.73885,-34.89085,0
            138.73875,-34.89088,0
            138.73858,-34.89091,0
            138.73831,-34.89091,0
            138.73806,-34.89091,0
            138.73749,-34.89103,0
            138.73739,-34.89107,0
            138.73724,-34.89113,0
            138.73718,-34.89115,0
            138.73692,-34.89126,0
            138.73682,-34.89131,0
            138.73676,-34.89135,0
            138.73674,-34.89137,0
            138.73669,-34.89141,0
            138.73658,-34.8915,0
            138.73638,-34.89173,0
            138.73623,-34.89191,0
            138.73617,-34.89205,0
            138.73616,-34.89206,0
            138.73615,-34.89209,0
            138.73609,-34.89222,0
            138.73606,-34.8923,0
            138.73597,-34.89251,0
            138.73589,-34.89266,0
            138.73576,-34.89279,0
            138.73564,-34.89287,0
            138.7356,-34.8929,0
            138.73532,-34.89304,0
            138.73528,-34.89306,0
            138.73491,-34.89326,0
            138.73447,-34.89348,0
            138.73433,-34.8935,0
            138.73425,-34.8935,0
            138.7342,-34.89349,0
            138.73415,-34.89347,0
            138.73411,-34.89345,0
            138.73404,-34.89341,0
            138.73398,-34.89337,0
            138.73389,-34.89328,0
            138.7338,-34.89318,0
            138.73375,-34.89313,0
            138.73371,-34.89311,0
            138.73365,-34.89308,0
            138.73359,-34.89306,0
            138.73342,-34.89302,0
            138.73326,-34.89295,0
            138.73324,-34.89294,0
            138.73322,-34.89292,0
            138.73319,-34.8929,0
            138.73312,-34.89281,0
            138.73311,-34.89279,0
            138.733,-34.89267,0
            138.73293,-34.8926,0
            138.73288,-34.89255,0
            138.73286,-34.89254,0
            138.73281,-34.89251,0
            138.73275,-34.8925,0
            138.73265,-34.89247,0
            138.73245,-34.89246,0
            138.73213,-34.89248,0
            138.73183,-34.8925,0
            138.73144,-34.89253,0
            138.73119,-34.89249,0
            138.73093,-34.8924,0
            138.7309,-34.89239,0
            138.7307,-34.89228,0
            138.73057,-34.89223,0
            138.7301,-34.8921,0
            138.72997,-34.89206,0
            138.72993,-34.89204,0
            138.72981,-34.89198,0
            138.72971,-34.8919,0
            138.7296,-34.89179,0
            138.72937,-34.89153,0
            138.72924,-34.89142,0
            138.72913,-34.8913,0
            138.72905,-34.89123,0
            138.72899,-34.89117,0
            138.72881,-34.89101,0
            138.72868,-34.89091,0
            138.72824,-34.89059,0
            138.72774,-34.89022,0
            138.72759,-34.89012,0
            138.72739,-34.89003,0
            138.72721,-34.88999,0
            138.7266,-34.88988,0
            138.72638,-34.88985,0
            138.72623,-34.88982,0
            138.72574,-34.88981,0
            138.72529,-34.88981,0
            138.72525,-34.88981,0
            138.72519,-34.8898,0
            138.7251,-34.88977,0
            138.72501,-34.88973,0
            138.72491,-34.88968,0
            138.72488,-34.88966,0
            138.72487,-34.88965,0
            138.72481,-34.88959,0
            138.72475,-34.88953,0
            138.72474,-34.88952,0
            138.7247,-34.88946,0
            138.72461,-34.88934,0
            138.72453,-34.88927,0
            138.72444,-34.88922,0
            138.72434,-34.88919,0
            138.72426,-34.88918,0
            138.72419,-34.88918,0
            138.72414,-34.88919,0
            138.72403,-34.88923,0
            138.72387,-34.8893,0
            138.72376,-34.88936,0
            138.72351,-34.88948,0
            138.7234,-34.88953,0
            138.72331,-34.88956,0
            138.72313,-34.88961,0
            138.72298,-34.88963,0
            138.72278,-34.88965,0
            138.72277,-34.88966,0
            138.72256,-34.88967,0
            138.72255,-34.88967,0
            138.72236,-34.88968,0
            138.72213,-34.8897,0
            138.72191,-34.88973,0
            138.72169,-34.88976,0
            138.72151,-34.88978,0
            138.7214,-34.88979,0
            138.72129,-34.8898,0
            138.72119,-34.88978,0
            138.72109,-34.88976,0
            138.72099,-34.88972,0
            138.72096,-34.8897,0
            138.72091,-34.88967,0
            138.72084,-34.88962,0
            138.7208,-34.88958,0
            138.72072,-34.88949,0
            138.72067,-34.88942,0
            138.72058,-34.88929,0
            138.7205,-34.88919,0
            138.7204,-34.88905,0
            138.72034,-34.88898,0
            138.72028,-34.88893,0
            138.72024,-34.8889,0
            138.72018,-34.88888,0
            138.72011,-34.88886,0
            138.72003,-34.88884,0
            138.71998,-34.88884,0
            138.71991,-34.88884,0
            138.71986,-34.88885,0
            138.7198,-34.88887,0
            138.71974,-34.88889,0
            138.71967,-34.88893,0
            138.71956,-34.88901,0
            138.7194,-34.88912,0
            138.71923,-34.88924,0
            138.71918,-34.88927,0
            138.71907,-34.88935,0
            138.71906,-34.88935,0
            138.71891,-34.88941,0
            138.7188,-34.88948,0
            138.71871,-34.88953,0
            138.71858,-34.88958,0
            138.71854,-34.88959,0
            138.71844,-34.88959,0
            138.71835,-34.88958,0
            138.71819,-34.88956,0
            138.71795,-34.88948,0
            138.71764,-34.88939,0
            138.71763,-34.88939,0
            138.71744,-34.88933,0
            138.7174,-34.88932,0
            138.71724,-34.88924,0
            138.71711,-34.88911,0
            138.71692,-34.88892,0
            138.71683,-34.88886,0
            138.71671,-34.88881,0
            138.7166,-34.88879,0
            138.71636,-34.88874,0
            138.71614,-34.8887,0
            138.71601,-34.88863,0
            138.71587,-34.88855,0
            138.71576,-34.88845,0
            138.71564,-34.88833,0
            138.71554,-34.88822,0
            138.71551,-34.88818,0
            138.7154,-34.88808,0
            138.71534,-34.88802,0
            138.71527,-34.88794,0
            138.71514,-34.88781,0
            138.71513,-34.8878,0
            138.71497,-34.88767,0
            138.71483,-34.88759,0
            138.71479,-34.88757,0
            138.7147,-34.88754,0
            138.71455,-34.88752,0
            138.71439,-34.88752,0
            138.71417,-34.88753,0
            138.71396,-34.88755,0
            138.71377,-34.88757,0
            138.71351,-34.88758,0
            138.71329,-34.88759,0
            138.71306,-34.88756,0
            138.71286,-34.88753,0
            138.71266,-34.88749,0
            138.71247,-34.88747,0
            138.71235,-34.88747,0
            138.71215,-34.88747,0
            138.7119,-34.88751,0
            138.71154,-34.88756,0
            138.71151,-34.88757,0
            138.71132,-34.88759,0
            138.71114,-34.88762,0
            138.71111,-34.88762,0
            138.71098,-34.88763,0
            138.71082,-34.88764,0
            138.71045,-34.88765,0
            138.71036,-34.88765,0
            138.71028,-34.88765,0
            138.7102,-34.88766,0
            138.71012,-34.88769,0
            138.71005,-34.88772,0
            138.71,-34.88775,0
            138.70987,-34.88785,0
            138.70981,-34.88788,0
            138.70967,-34.88796,0
            138.70956,-34.88801,0
            138.7095,-34.88803,0
            138.70944,-34.88805,0
            138.70942,-34.88805,0
            138.70929,-34.88806,0
            138.70924,-34.88806,0
            138.70921,-34.88806,0
            138.70916,-34.88806,0
            138.70908,-34.88804,0
            138.70901,-34.88803,0
            138.70892,-34.88798,0
          </coordinates>
        </LineString>
      </Placemark>
      <Placemark>
        <name>224 Corkscrew Road, Montacute SA</name>
        <styleUrl>#icon-1899-DB4436-nodesc</styleUrl>
        <Point>
          <coordinates>
            138.7502368,-34.8838636,0
          </coordinates>
        </Point>
      </Placemark>
      <Placemark>
        <name>498 Montacute Rd, Montacute SA 5134, Australia</name>
        <styleUrl>#icon-1899-DB4436-nodesc</styleUrl>
        <Point>
          <coordinates>
            138.7089205,-34.8879789,0
          </coordinates>
        </Point>
      </Placemark>
    </Folder>
    <Folder>
      <name><![CDATA[SS15 & SS19 - Norton Summit 1 & 2]]></name>
      <Placemark>
        <name><![CDATA[SS15 & SS19 - Norton Summit 1 & 2]]></name>
        <styleUrl>#line-1267FF-5000-nodesc</styleUrl>
        <LineString>
          <tessellate>1</tessellate>
          <coordinates>
            138.69098,-34.90837,0
            138.69113,-34.90848,0
            138.69133,-34.90861,0
            138.69148,-34.90873,0
            138.69166,-34.90887,0
            138.69194,-34.90909,0
            138.69197,-34.90911,0
            138.69212,-34.90921,0
            138.69225,-34.90927,0
            138.69248,-34.90936,0
            138.69254,-34.90938,0
            138.69296,-34.9095,0
            138.69321,-34.90959,0
            138.6933,-34.90964,0
            138.69335,-34.90966,0
            138.69342,-34.90971,0
            138.69377,-34.9101,0
            138.69382,-34.91019,0
            138.69401,-34.91054,0
            138.69407,-34.91065,0
            138.6942,-34.91091,0
            138.69427,-34.91101,0
            138.69435,-34.91109,0
            138.69445,-34.91118,0
            138.69452,-34.91124,0
            138.6946,-34.9113,0
            138.69472,-34.91137,0
            138.69482,-34.91143,0
            138.69488,-34.91146,0
            138.69516,-34.91159,0
            138.69535,-34.91168,0
            138.6958,-34.91184,0
            138.69596,-34.91191,0
            138.69615,-34.912,0
            138.69628,-34.91206,0
            138.69637,-34.91211,0
            138.69647,-34.91217,0
            138.69653,-34.9122,0
            138.69658,-34.91221,0
            138.6967,-34.91224,0
            138.6969,-34.91225,0
            138.69696,-34.91225,0
            138.69702,-34.91226,0
            138.6971,-34.91228,0
            138.69714,-34.91229,0
            138.6972,-34.91231,0
            138.69725,-34.91233,0
            138.69757,-34.91251,0
            138.69781,-34.91263,0
            138.69785,-34.91264,0
            138.69789,-34.91265,0
            138.69792,-34.91265,0
            138.69794,-34.91264,0
            138.69798,-34.91263,0
            138.698,-34.91261,0
            138.69802,-34.91258,0
            138.69804,-34.91256,0
            138.69804,-34.91253,0
            138.69804,-34.9125,0
            138.69803,-34.91247,0
            138.69801,-34.91243,0
            138.69798,-34.91238,0
            138.69782,-34.91216,0
            138.69776,-34.9121,0
            138.69772,-34.91204,0
            138.69763,-34.91197,0
            138.69625,-34.91116,0
            138.6962,-34.91112,0
            138.69589,-34.91084,0
            138.69587,-34.9108,0
            138.69584,-34.91077,0
            138.69583,-34.91074,0
            138.69583,-34.91073,0
            138.69583,-34.91071,0
            138.69584,-34.91067,0
            138.69586,-34.91064,0
            138.69587,-34.91061,0
            138.6959,-34.91059,0
            138.69592,-34.91057,0
            138.69597,-34.91054,0
            138.69603,-34.9105,0
            138.6961,-34.91047,0
            138.69612,-34.91047,0
            138.69737,-34.91017,0
            138.69746,-34.91015,0
            138.69754,-34.91012,0
            138.69757,-34.9101,0
            138.69763,-34.91007,0
            138.6977,-34.91002,0
            138.69773,-34.90999,0
            138.69776,-34.90996,0
            138.69777,-34.90993,0
            138.69778,-34.90988,0
            138.69777,-34.90984,0
            138.69775,-34.90981,0
            138.69772,-34.90977,0
            138.69767,-34.90972,0
            138.69761,-34.90968,0
            138.69725,-34.90948,0
            138.69694,-34.90927,0
            138.69676,-34.90914,0
            138.69655,-34.90899,0
            138.69636,-34.90887,0
            138.69633,-34.90883,0
            138.69629,-34.90876,0
            138.69626,-34.90867,0
            138.69622,-34.90849,0
            138.69622,-34.90841,0
            138.69623,-34.90832,0
            138.69625,-34.90824,0
            138.69629,-34.90817,0
            138.69632,-34.90812,0
            138.69634,-34.90811,0
            138.69635,-34.9081,0
            138.69636,-34.90809,0
            138.69638,-34.90808,0
            138.69639,-34.90807,0
            138.69641,-34.90806,0
            138.69645,-34.90805,0
            138.69651,-34.90805,0
            138.69661,-34.90805,0
            138.6968,-34.90811,0
            138.69707,-34.90823,0
            138.69716,-34.90827,0
            138.69756,-34.90852,0
            138.69802,-34.90883,0
            138.69811,-34.90891,0
            138.69827,-34.90902,0
            138.69835,-34.90909,0
            138.69846,-34.90914,0
            138.69857,-34.90918,0
            138.69871,-34.9092,0
            138.69899,-34.90923,0
            138.69914,-34.90925,0
            138.69924,-34.90928,0
            138.69934,-34.90931,0
            138.69945,-34.90935,0
            138.69956,-34.90941,0
            138.69964,-34.90947,0
            138.69966,-34.90949,0
            138.69971,-34.90954,0
            138.69975,-34.90959,0
            138.6998,-34.90963,0
            138.69983,-34.90966,0
            138.69994,-34.90972,0
            138.70012,-34.90979,0
            138.70017,-34.9098,0
            138.70037,-34.90986,0
            138.70073,-34.91,0
            138.70089,-34.91008,0
            138.7012,-34.91025,0
            138.70131,-34.91031,0
            138.70145,-34.91037,0
            138.70153,-34.91039,0
            138.70173,-34.91045,0
            138.70293,-34.91081,0
            138.70327,-34.91091,0
            138.70351,-34.91099,0
            138.70376,-34.91111,0
            138.70431,-34.91142,0
            138.70483,-34.91175,0
            138.70489,-34.91179,0
            138.70496,-34.91182,0
            138.70502,-34.91182,0
            138.70507,-34.91182,0
            138.70512,-34.9118,0
            138.70517,-34.91178,0
            138.7052,-34.91175,0
            138.70522,-34.91172,0
            138.70524,-34.91168,0
            138.70525,-34.91161,0
            138.70525,-34.91155,0
            138.70523,-34.91148,0
            138.7052,-34.91142,0
            138.70488,-34.91072,0
            138.70487,-34.91071,0
            138.7048,-34.91057,0
            138.70479,-34.91055,0
            138.70459,-34.91024,0
            138.70448,-34.91008,0
            138.70439,-34.90993,0
            138.70433,-34.90986,0
            138.70427,-34.90978,0
            138.70426,-34.90977,0
            138.70417,-34.90968,0
            138.70404,-34.90956,0
            138.70393,-34.90942,0
            138.70376,-34.90914,0
            138.70364,-34.9089,0
            138.70347,-34.9085,0
            138.70341,-34.90832,0
            138.70339,-34.9082,0
            138.70338,-34.90811,0
            138.70338,-34.90802,0
            138.70345,-34.90785,0
            138.70346,-34.90781,0
            138.70352,-34.90768,0
            138.70354,-34.90765,0
            138.7036,-34.90751,0
            138.70361,-34.90751,0
            138.70371,-34.90735,0
            138.7038,-34.90723,0
            138.70383,-34.9072,0
            138.70395,-34.90705,0
            138.70414,-34.90684,0
            138.70421,-34.90677,0
            138.7043,-34.90668,0
            138.70435,-34.90663,0
            138.70439,-34.9066,0
            138.70447,-34.90654,0
            138.70452,-34.90651,0
            138.70455,-34.9065,0
            138.70462,-34.90646,0
            138.70469,-34.90644,0
            138.70472,-34.90644,0
            138.70478,-34.90643,0
            138.70487,-34.90644,0
            138.70493,-34.90646,0
            138.70494,-34.90646,0
            138.70501,-34.90649,0
            138.70507,-34.90654,0
            138.7051,-34.90658,0
            138.70514,-34.90666,0
            138.70518,-34.90674,0
            138.70519,-34.90675,0
            138.70522,-34.90681,0
            138.70528,-34.90689,0
            138.70535,-34.90694,0
            138.70548,-34.90702,0
            138.70561,-34.9071,0
            138.70564,-34.90712,0
            138.70571,-34.90717,0
            138.70574,-34.9072,0
            138.70577,-34.90724,0
            138.70577,-34.90725,0
            138.7058,-34.9073,0
            138.7058,-34.90735,0
            138.7058,-34.90743,0
            138.7058,-34.90754,0
            138.7058,-34.90761,0
            138.70579,-34.90778,0
            138.70579,-34.90784,0
            138.7058,-34.9079,0
            138.70581,-34.90796,0
            138.70584,-34.90805,0
            138.70589,-34.90815,0
            138.70594,-34.90826,0
            138.70599,-34.90834,0
            138.70606,-34.90841,0
            138.70614,-34.90846,0
            138.70621,-34.90849,0
            138.70627,-34.9085,0
            138.70639,-34.90852,0
            138.70645,-34.90854,0
            138.70651,-34.90856,0
            138.70659,-34.9086,0
            138.70667,-34.90864,0
            138.70678,-34.9087,0
            138.7069,-34.90879,0
            138.70697,-34.90883,0
            138.70703,-34.90889,0
            138.70709,-34.90893,0
            138.70728,-34.90911,0
            138.70734,-34.90915,0
            138.70736,-34.90916,0
            138.70743,-34.90921,0
            138.70753,-34.90926,0
            138.70763,-34.90931,0
            138.70771,-34.90933,0
            138.70771,-34.90934,0
            138.70792,-34.9094,0
            138.70798,-34.90943,0
            138.70805,-34.90945,0
            138.70811,-34.90948,0
            138.70812,-34.90948,0
            138.70819,-34.90952,0
            138.70865,-34.90978,0
            138.70872,-34.90983,0
            138.70876,-34.90986,0
            138.7088,-34.9099,0
            138.70885,-34.90994,0
            138.70889,-34.90998,0
            138.70892,-34.91004,0
            138.709,-34.91015,0
            138.70907,-34.91027,0
            138.70925,-34.91059,0
            138.70932,-34.91069,0
            138.70933,-34.9107,0
            138.70946,-34.91084,0
            138.70946,-34.91085,0
            138.70957,-34.91094,0
            138.70963,-34.91099,0
            138.70969,-34.91101,0
            138.7098,-34.91104,0
            138.71002,-34.91109,0
            138.71017,-34.91112,0
            138.71029,-34.91114,0
            138.71042,-34.91114,0
            138.71051,-34.91114,0
            138.71061,-34.91112,0
            138.71075,-34.91111,0
            138.71087,-34.9111,0
            138.71099,-34.9111,0
            138.7111,-34.91111,0
            138.71125,-34.91114,0
            138.71139,-34.91118,0
            138.71156,-34.91122,0
            138.71171,-34.91127,0
            138.71187,-34.91133,0
            138.71203,-34.91141,0
            138.71216,-34.91148,0
            138.71245,-34.91167,0
            138.7126,-34.91178,0
            138.71278,-34.9119,0
            138.71288,-34.91196,0
            138.713,-34.91202,0
            138.71311,-34.91206,0
            138.71327,-34.91213,0
            138.71331,-34.91215,0
            138.71338,-34.91219,0
            138.71343,-34.91222,0
            138.71349,-34.91226,0
            138.71356,-34.91231,0
            138.71374,-34.9125,0
            138.71468,-34.91351,0
            138.71476,-34.91361,0
            138.71476,-34.91362,0
            138.71483,-34.9137,0
            138.71489,-34.91379,0
            138.71502,-34.914,0
            138.71523,-34.91433,0
            138.71531,-34.91444,0
            138.71536,-34.9145,0
            138.71543,-34.91456,0
            138.71553,-34.91464,0
            138.71563,-34.91471,0
            138.71575,-34.91478,0
            138.7159,-34.91485,0
            138.71612,-34.91494,0
            138.71641,-34.91503,0
            138.71654,-34.91508,0
            138.71658,-34.9151,0
            138.71667,-34.91516,0
            138.71673,-34.91521,0
            138.71677,-34.91526,0
            138.7168,-34.91531,0
            138.71699,-34.91574,0
            138.71703,-34.91584,0
            138.71708,-34.91593,0
            138.71714,-34.91601,0
            138.71715,-34.91602,0
            138.7173,-34.91613,0
            138.71803,-34.91666,0
            138.71815,-34.91676,0
            138.71845,-34.91697,0
            138.71866,-34.9171,0
            138.71892,-34.91723,0
            138.71909,-34.91734,0
            138.7193,-34.91749,0
            138.71946,-34.9176,0
            138.71979,-34.91779,0
            138.71992,-34.91788,0
            138.71999,-34.91797,0
            138.72006,-34.91808,0
            138.72016,-34.91824,0
            138.72025,-34.91837,0
            138.72026,-34.91837,0
            138.72035,-34.91845,0
            138.72044,-34.91851,0
            138.72053,-34.91854,0
            138.72062,-34.91856,0
            138.72073,-34.91856,0
            138.72081,-34.91854,0
            138.7209,-34.91852,0
            138.72112,-34.91842,0
            138.72123,-34.91838,0
            138.72136,-34.91832,0
            138.72141,-34.91831,0
            138.72146,-34.9183,0
            138.7215,-34.9183,0
            138.72155,-34.91829,0
            138.72162,-34.9183,0
            138.72166,-34.91831,0
            138.72174,-34.91834,0
            138.72181,-34.91837,0
            138.72186,-34.91841,0
            138.72192,-34.91845,0
            138.72199,-34.91853,0
            138.72203,-34.91859,0
            138.72206,-34.91865,0
            138.7221,-34.91875,0
            138.72215,-34.91887,0
            138.72219,-34.91895,0
            138.72223,-34.91901,0
            138.7224,-34.91926,0
            138.72241,-34.91931,0
            138.72242,-34.91937,0
            138.72242,-34.91943,0
            138.72242,-34.91944,0
            138.72242,-34.91952,0
            138.7224,-34.91959,0
            138.72238,-34.91965,0
            138.72233,-34.91983,0
            138.72232,-34.9199,0
            138.72232,-34.91997,0
            138.72233,-34.92004,0
            138.72243,-34.92033,0
            138.72246,-34.9204,0
            138.72251,-34.92047,0
            138.72251,-34.92048,0
            138.72256,-34.92053,0
            138.72262,-34.92057,0
            138.72267,-34.92059,0
            138.72271,-34.92061,0
            138.7228,-34.92063,0
            138.72288,-34.92064,0
            138.72354,-34.92065,0
            138.72362,-34.92067,0
            138.72369,-34.9207,0
            138.72375,-34.92074,0
            138.72384,-34.92085,0
            138.72387,-34.92092,0
          </coordinates>
        </LineString>
      </Placemark>
      <Placemark>
        <name>23 Woodland Way, Teringie SA 5072, Australia</name>
        <styleUrl>#icon-1899-DB4436-nodesc</styleUrl>
        <Point>
          <coordinates>
            138.6909761,-34.9083687,0
          </coordinates>
        </Point>
      </Placemark>
      <Placemark>
        <name>718A Norton Summit Rd, Norton Summit SA 5136, Australia</name>
        <styleUrl>#icon-1899-DB4436-nodesc</styleUrl>
        <Point>
          <coordinates>
            138.723872,-34.9209203,0
          </coordinates>
        </Point>
      </Placemark>
    </Folder>
    <Folder>
      <name>SS16 - Knotts Range</name>
      <Placemark>
        <name>SS16 - Knotts Range</name>
        <styleUrl>#line-1267FF-5000-nodesc</styleUrl>
        <LineString>
          <tessellate>1</tessellate>
          <coordinates>
            138.7458,-34.93166,0
            138.74595,-34.93157,0
            138.74615,-34.93152,0
            138.74644,-34.93149,0
            138.74653,-34.93147,0
            138.74655,-34.93147,0
            138.74678,-34.93141,0
            138.74698,-34.93133,0
            138.74699,-34.93132,0
            138.74715,-34.93126,0
            138.74725,-34.9312,0
            138.74728,-34.93119,0
            138.74732,-34.93116,0
            138.7474,-34.93112,0
            138.74743,-34.93109,0
            138.74754,-34.93104,0
            138.74768,-34.93101,0
            138.74789,-34.93101,0
            138.74802,-34.93098,0
            138.74803,-34.93097,0
            138.74806,-34.93096,0
            138.74808,-34.93094,0
            138.74819,-34.93087,0
            138.74833,-34.93065,0
            138.74838,-34.93051,0
            138.74857,-34.93018,0
            138.74873,-34.93006,0
            138.74877,-34.93004,0
            138.74882,-34.93003,0
            138.74887,-34.93001,0
            138.74892,-34.93,0
            138.74897,-34.93,0
            138.74903,-34.92999,0
            138.74908,-34.92999,0
            138.74914,-34.93,0
            138.74943,-34.93,0
            138.74951,-34.92999,0
            138.7496,-34.92996,0
            138.74967,-34.92995,0
            138.7497,-34.92993,0
            138.74972,-34.92993,0
            138.7498,-34.9299,0
            138.74982,-34.92988,0
            138.74986,-34.92986,0
            138.74987,-34.92986,0
            138.74988,-34.92985,0
            138.7499,-34.92984,0
            138.74991,-34.92984,0
            138.74995,-34.92982,0
            138.74998,-34.92979,0
            138.75005,-34.92975,0
            138.75033,-34.92951,0
            138.75053,-34.92929,0
            138.75102,-34.92896,0
            138.75133,-34.9288,0
            138.75136,-34.92877,0
            138.75137,-34.92877,0
            138.75155,-34.92869,0
            138.75276,-34.92827,0
            138.75317,-34.92809,0
            138.75336,-34.92804,0
            138.75353,-34.92802,0
            138.75366,-34.92804,0
            138.75372,-34.92807,0
            138.75374,-34.92807,0
            138.75379,-34.9281,0
            138.7538,-34.92812,0
            138.75383,-34.92813,0
            138.75385,-34.92816,0
            138.75398,-34.92827,0
            138.75401,-34.92838,0
            138.75405,-34.92847,0
            138.75418,-34.92868,0
            138.75438,-34.92892,0
            138.75458,-34.92904,0
            138.75475,-34.9291,0
            138.75492,-34.92912,0
            138.75533,-34.92922,0
            138.75547,-34.92924,0
            138.75585,-34.92934,0
            138.75613,-34.92947,0
            138.75661,-34.92965,0
            138.75699,-34.92974,0
            138.7572,-34.92975,0
            138.75724,-34.92976,0
            138.75729,-34.92976,0
            138.75738,-34.92978,0
            138.75744,-34.92981,0
            138.75748,-34.92984,0
            138.75754,-34.92991,0
            138.75762,-34.93004,0
            138.75769,-34.93013,0
            138.75774,-34.93018,0
            138.75784,-34.93025,0
            138.75825,-34.93042,0
            138.75832,-34.93046,0
            138.75896,-34.93072,0
            138.75967,-34.93091,0
            138.7601,-34.93107,0
            138.76017,-34.93108,0
            138.76024,-34.9311,0
            138.76036,-34.93111,0
            138.76045,-34.93109,0
            138.76059,-34.931,0
            138.76071,-34.93089,0
            138.76078,-34.93087,0
            138.76107,-34.93088,0
            138.76127,-34.93087,0
            138.7615,-34.93084,0
            138.76203,-34.9307,0
            138.76248,-34.93053,0
            138.76265,-34.93042,0
            138.76287,-34.9302,0
            138.76291,-34.93013,0
            138.76302,-34.93003,0
            138.76316,-34.92995,0
            138.76367,-34.92975,0
            138.76387,-34.92971,0
            138.76426,-34.92968,0
            138.76444,-34.92962,0
            138.76464,-34.92948,0
            138.76485,-34.92927,0
            138.76516,-34.92905,0
            138.76531,-34.92897,0
            138.7655,-34.92889,0
            138.76572,-34.92883,0
            138.76587,-34.92883,0
            138.76602,-34.92886,0
            138.76638,-34.92887,0
            138.76672,-34.92879,0
            138.76708,-34.92864,0
            138.76736,-34.92843,0
            138.76747,-34.92832,0
            138.7679,-34.92767,0
            138.76796,-34.92762,0
            138.7681,-34.92755,0
            138.76832,-34.92751,0
            138.76862,-34.92748,0
            138.76874,-34.92748,0
            138.76889,-34.92743,0
            138.76892,-34.9276,0
            138.76912,-34.92795,0
            138.76945,-34.92875,0
            138.76953,-34.929,0
            138.76983,-34.92945,0
            138.77015,-34.92999,0
            138.77029,-34.93031,0
            138.77034,-34.93047,0
            138.77034,-34.93048,0
            138.77085,-34.93148,0
            138.77086,-34.93158,0
            138.77083,-34.93266,0
            138.77092,-34.93323,0
            138.77092,-34.93333,0
            138.77086,-34.93375,0
            138.77083,-34.93383,0
            138.77081,-34.93394,0
            138.77074,-34.93411,0
            138.77066,-34.93426,0
            138.77001,-34.93528,0
            138.76993,-34.93546,0
            138.76988,-34.93561,0
            138.76983,-34.93634,0
            138.76984,-34.93649,0
            138.76983,-34.93681,0
            138.76984,-34.93684,0
            138.76984,-34.93687,0
            138.76988,-34.93695,0
            138.76992,-34.93699,0
            138.76995,-34.937,0
            138.77028,-34.93719,0
            138.77036,-34.93725,0
            138.77039,-34.93729,0
            138.77052,-34.93742,0
            138.77057,-34.93749,0
            138.77059,-34.93753,0
            138.77062,-34.93763,0
            138.77062,-34.93768,0
            138.77055,-34.93797,0
            138.77051,-34.93807,0
            138.77031,-34.93837,0
            138.76984,-34.9388,0
            138.76975,-34.9389,0
            138.76955,-34.93918,0
            138.7695,-34.93928,0
            138.76947,-34.93932,0
            138.76941,-34.93944,0
            138.76932,-34.9398,0
            138.76929,-34.93988,0
            138.76947,-34.93989,0
            138.76949,-34.9399,0
            138.76952,-34.9399,0
            138.76981,-34.94001,0
            138.76983,-34.94001,0
            138.77011,-34.94014,0
            138.77024,-34.94023,0
            138.7703,-34.94031,0
            138.77058,-34.94082,0
            138.77061,-34.94085,0
            138.77062,-34.94087,0
            138.77066,-34.94091,0
            138.7709,-34.94108,0
            138.77096,-34.94114,0
            138.771,-34.94123,0
            138.771,-34.94134,0
            138.77096,-34.94157,0
            138.77096,-34.94166,0
            138.77089,-34.9422,0
            138.77084,-34.94231,0
            138.77071,-34.94251,0
            138.77068,-34.94254,0
            138.77067,-34.94256,0
            138.77059,-34.94285,0
            138.77051,-34.94349,0
            138.77052,-34.94352,0
            138.77052,-34.94357,0
            138.77053,-34.94361,0
            138.77055,-34.94364,0
            138.77056,-34.94367,0
            138.77063,-34.94378,0
            138.77073,-34.94385,0
            138.77088,-34.94389,0
            138.77099,-34.94389,0
            138.77106,-34.94385,0
            138.7711,-34.9438,0
            138.77111,-34.94377,0
            138.77112,-34.94376,0
            138.77117,-34.94345,0
            138.77117,-34.94341,0
            138.77119,-34.94336,0
            138.77121,-34.94334,0
            138.77122,-34.94332,0
            138.77124,-34.9433,0
            138.77127,-34.94329,0
            138.77129,-34.94327,0
            138.77137,-34.94326,0
            138.7715,-34.94326,0
            138.77155,-34.94328,0
            138.77167,-34.94328,0
            138.77171,-34.94327,0
            138.7718,-34.94322,0
            138.77183,-34.94317,0
            138.77183,-34.94315,0
            138.77184,-34.94311,0
            138.77184,-34.94301,0
            138.77181,-34.94274,0
            138.77182,-34.94271,0
            138.77184,-34.94268,0
            138.77193,-34.9426,0
            138.77207,-34.9425,0
            138.77213,-34.94247,0
            138.77222,-34.94239,0
            138.77235,-34.94213,0
            138.77242,-34.94202,0
            138.77271,-34.94174,0
            138.77281,-34.94167,0
            138.77293,-34.94163,0
            138.77305,-34.94163,0
            138.77316,-34.94166,0
            138.77322,-34.94169,0
            138.77338,-34.94183,0
            138.77348,-34.94195,0
            138.77386,-34.9425,0
            138.77403,-34.94269,0
            138.77428,-34.94286,0
            138.7744,-34.94292,0
            138.77485,-34.94308,0
            138.77493,-34.94309,0
            138.77503,-34.94309,0
            138.77505,-34.94308,0
            138.77507,-34.94308,0
            138.77515,-34.94304,0
            138.77517,-34.943,0
            138.77518,-34.94299,0
            138.77519,-34.94297,0
            138.77519,-34.94296,0
            138.7752,-34.94294,0
            138.77519,-34.94292,0
            138.77518,-34.94288,0
            138.77502,-34.94263,0
            138.775,-34.94261,0
            138.77498,-34.94256,0
            138.77498,-34.94254,0
            138.77496,-34.94247,0
            138.77495,-34.94229,0
            138.77496,-34.94159,0
            138.77493,-34.94132,0
            138.77495,-34.9412,0
            138.77501,-34.94103,0
            138.77503,-34.94086,0
            138.77503,-34.94065,0
            138.77514,-34.94038,0
            138.7753,-34.94013,0
            138.77538,-34.94003,0
            138.77545,-34.93998,0
            138.77561,-34.93992,0
            138.77576,-34.9399,0
            138.77592,-34.93992,0
            138.776,-34.93994,0
            138.77622,-34.94004,0
            138.77627,-34.94008,0
            138.77633,-34.94011,0
            138.7764,-34.94016,0
            138.77669,-34.94043,0
            138.77672,-34.94044,0
            138.77705,-34.94065,0
            138.77727,-34.94074,0
            138.77733,-34.94075,0
            138.77774,-34.94087,0
            138.77825,-34.94097,0
            138.77839,-34.94103,0
            138.77853,-34.94111,0
            138.77855,-34.94113,0
            138.7786,-34.94114,0
            138.77865,-34.94116,0
            138.77871,-34.94116,0
            138.7788,-34.94114,0
            138.77907,-34.94103,0
            138.77926,-34.94102,0
            138.77929,-34.94103,0
            138.77932,-34.94105,0
            138.77937,-34.94106,0
            138.7794,-34.94109,0
            138.77944,-34.94111,0
            138.77957,-34.94125,0
            138.78,-34.94162,0
            138.78005,-34.94165,0
            138.78029,-34.94173,0
            138.78033,-34.94173,0
            138.78036,-34.94174,0
            138.78043,-34.94174,0
            138.78045,-34.94173,0
            138.78046,-34.94173,0
            138.78049,-34.94172,0
            138.78051,-34.94172,0
            138.78052,-34.94171,0
            138.78054,-34.9417,0
            138.78058,-34.94166,0
            138.78058,-34.94165,0
            138.7806,-34.94161,0
            138.7806,-34.9416,0
            138.78066,-34.94143,0
            138.78073,-34.94135,0
            138.78088,-34.94122,0
            138.78102,-34.94118,0
            138.7818,-34.94122,0
            138.782,-34.94127,0
            138.78222,-34.94135,0
            138.78252,-34.9415,0
            138.78287,-34.94157,0
            138.78293,-34.94159,0
            138.78306,-34.94166,0
            138.7832,-34.94169,0
            138.78362,-34.94173,0
            138.78365,-34.94175,0
            138.78368,-34.94176,0
            138.78371,-34.94178,0
            138.78375,-34.94182,0
            138.78377,-34.94183,0
            138.78384,-34.94192,0
            138.78395,-34.94198,0
            138.78418,-34.94198,0
            138.78473,-34.94194,0
            138.78496,-34.94189,0
            138.78513,-34.94187,0
            138.78603,-34.94189,0
            138.7861,-34.94187,0
            138.78615,-34.94184,0
            138.78638,-34.94166,0
            138.78651,-34.9416,0
            138.78657,-34.94156,0
            138.78691,-34.94143,0
            138.78709,-34.9414,0
            138.78726,-34.9414,0
            138.78747,-34.94142,0
            138.78753,-34.94141,0
            138.78758,-34.94141,0
            138.78762,-34.9414,0
            138.78766,-34.94138,0
            138.78772,-34.94133,0
            138.78772,-34.94132,0
            138.78774,-34.94128,0
            138.78775,-34.94115,0
            138.78776,-34.94113,0
            138.78776,-34.9411,0
            138.7878,-34.94101,0
            138.78787,-34.94092,0
            138.78793,-34.94086,0
            138.78808,-34.94075,0
            138.78823,-34.94067,0
            138.78839,-34.94062,0
            138.78851,-34.9406,0
            138.78885,-34.9406,0
            138.789,-34.94056,0
            138.78982,-34.94011,0
            138.78992,-34.94003,0
            138.79034,-34.93958,0
            138.79042,-34.93952,0
            138.79042,-34.93964,0
            138.79038,-34.93976,0
            138.79031,-34.94013,0
            138.79023,-34.94042,0
            138.79022,-34.9405,0
            138.79019,-34.9406,0
            138.79019,-34.94063,0
            138.79001,-34.94147,0
            138.79001,-34.94164,0
            138.79006,-34.94228,0
            138.79012,-34.94256,0
            138.79017,-34.94272,0
            138.79035,-34.9431,0
            138.79038,-34.94323,0
            138.79029,-34.94371,0
            138.79029,-34.94377,0
            138.79028,-34.94383,0
            138.79028,-34.94394,0
            138.79029,-34.94399,0
            138.79054,-34.94467,0
            138.79057,-34.94484,0
            138.79057,-34.9449,0
            138.79056,-34.94496,0
            138.79051,-34.94505,0
            138.79015,-34.94551,0
            138.79,-34.94573,0
            138.78992,-34.9459,0
            138.78986,-34.94617,0
            138.78977,-34.94628,0
            138.78866,-34.94726,0
            138.78857,-34.9473,0
            138.78847,-34.9473,0
            138.78804,-34.94721,0
            138.7879,-34.9472,0
            138.78754,-34.94724,0
            138.78737,-34.9473,0
            138.78723,-34.9474,0
            138.78721,-34.94747,0
            138.78721,-34.94753,0
            138.78722,-34.94756,0
            138.78737,-34.94777,0
            138.78741,-34.94786,0
            138.78743,-34.94794,0
            138.78742,-34.94804,0
            138.78739,-34.9481,0
            138.78731,-34.9482,0
            138.7869,-34.94845,0
            138.78681,-34.94854,0
            138.78677,-34.94864,0
            138.78674,-34.94875,0
            138.78666,-34.94893,0
            138.78633,-34.94925,0
            138.78628,-34.94931,0
            138.78628,-34.94932,0
            138.78625,-34.94937,0
            138.78623,-34.9495,0
            138.78627,-34.94971,0
            138.78627,-34.94978,0
            138.78626,-34.94983,0
            138.78614,-34.95005,0
            138.78597,-34.95027,0
            138.78581,-34.95039,0
            138.78545,-34.95056,0
            138.78514,-34.95068,0
            138.785,-34.95071,0
            138.78485,-34.95068,0
            138.78476,-34.95063,0
            138.78468,-34.95053,0
            138.78454,-34.95039,0
            138.78446,-34.95033,0
            138.78439,-34.9503,0
            138.78426,-34.95028,0
            138.78419,-34.95028,0
            138.78413,-34.95029,0
            138.78401,-34.95034,0
            138.78386,-34.95043,0
            138.78339,-34.95077,0
            138.78313,-34.95107,0
            138.78301,-34.95124,0
            138.78265,-34.95185,0
            138.78207,-34.95332,0
            138.78197,-34.95348,0
            138.78185,-34.9536,0
            138.7817,-34.95368,0
            138.78149,-34.95373,0
            138.78138,-34.95378,0
            138.78135,-34.9538,0
            138.78129,-34.95387,0
            138.78129,-34.95395,0
            138.7813,-34.95396,0
            138.78131,-34.95398,0
            138.7815,-34.95417,0
            138.78156,-34.95426,0
            138.78158,-34.95433,0
            138.78158,-34.95455,0
            138.78156,-34.9546,0
            138.78149,-34.95488,0
            138.78144,-34.95498,0
            138.78136,-34.95508,0
            138.78125,-34.95517,0
            138.78114,-34.95523,0
            138.781,-34.95535,0
            138.78093,-34.95546,0
            138.78092,-34.95549,0
            138.78094,-34.95566,0
            138.78093,-34.95643,0
            138.78091,-34.95664,0
            138.78089,-34.95671,0
            138.78028,-34.95754,0
            138.78025,-34.95757,0
            138.78024,-34.95761,0
            138.78022,-34.95765,0
            138.78008,-34.95838,0
            138.78004,-34.9585,0
            138.78,-34.95856,0
            138.77997,-34.95863,0
            138.77954,-34.95915,0
            138.7788,-34.96029,0
            138.77852,-34.96066,0
            138.77827,-34.96105,0
            138.77816,-34.96114,0
            138.77809,-34.96116,0
            138.77796,-34.96117,0
            138.77791,-34.96116,0
            138.77788,-34.96116,0
            138.77787,-34.96115,0
            138.77785,-34.96114,0
            138.77777,-34.96105,0
            138.77763,-34.96098,0
            138.7776,-34.96098,0
            138.77758,-34.96097,0
            138.77752,-34.96097,0
            138.77749,-34.96098,0
            138.77748,-34.96098,0
            138.77739,-34.96103,0
            138.77735,-34.9611,0
            138.77724,-34.96156,0
            138.77718,-34.96168,0
            138.77709,-34.96176,0
            138.77647,-34.96204,0
            138.77626,-34.96211,0
            138.77608,-34.96211,0
            138.77591,-34.96207,0
            138.77588,-34.96204,0
            138.77579,-34.96199,0
            138.77574,-34.96195,0
            138.77568,-34.96188,0
            138.77544,-34.9615,0
            138.77542,-34.96149,0
            138.77541,-34.96148,0
            138.77539,-34.96147,0
            138.77538,-34.96147,0
            138.77537,-34.96146,0
            138.77534,-34.96146,0
            138.77532,-34.96147,0
            138.7753,-34.96147,0
            138.77483,-34.96186,0
            138.77473,-34.96192,0
            138.77454,-34.96201,0
            138.77434,-34.96208,0
            138.77433,-34.96209,0
            138.77422,-34.96213,0
            138.7741,-34.96222,0
            138.77357,-34.96269,0
            138.77355,-34.9627,0
            138.77352,-34.96273,0
            138.77344,-34.96277,0
            138.77342,-34.96279,0
            138.77339,-34.96279,0
          </coordinates>
        </LineString>
      </Placemark>
      <Placemark>
        <name>145 Marble Hill Rd, Ashton SA 5137, Australia</name>
        <styleUrl>#icon-1899-DB4436-nodesc</styleUrl>
        <Point>
          <coordinates>
            138.7457958,-34.9316553,0
          </coordinates>
        </Point>
      </Placemark>
      <Placemark>
        <name>18 Sharps Rd, Carey Gully SA 5144, Australia</name>
        <styleUrl>#icon-1899-DB4436-nodesc</styleUrl>
        <Point>
          <coordinates>
            138.7733944,-34.9627937,0
          </coordinates>
        </Point>
      </Placemark>
    </Folder>
    <Folder>
      <name>SS17 - Millbrook</name>
      <Placemark>
        <name>SS17 - Millbrook</name>
        <styleUrl>#line-1267FF-5000-nodesc</styleUrl>
        <LineString>
          <tessellate>1</tessellate>
          <coordinates>
            138.82167,-34.83658,0
            138.82166,-34.83657,0
            138.82157,-34.83652,0
            138.8215,-34.83646,0
            138.82149,-34.83644,0
            138.82146,-34.83638,0
            138.82144,-34.83631,0
            138.82143,-34.83621,0
            138.82143,-34.8362,0
            138.82145,-34.83609,0
            138.82149,-34.83597,0
            138.82162,-34.8357,0
            138.82168,-34.83554,0
            138.82187,-34.83519,0
            138.82205,-34.83494,0
            138.82215,-34.83484,0
            138.82217,-34.83481,0
            138.82231,-34.83471,0
            138.82248,-34.8346,0
            138.82302,-34.83425,0
            138.82318,-34.83413,0
            138.82335,-34.83402,0
            138.82342,-34.83397,0
            138.82366,-34.83381,0
            138.82375,-34.83375,0
            138.82382,-34.83365,0
            138.82385,-34.83357,0
            138.82393,-34.83335,0
            138.82401,-34.83295,0
            138.82412,-34.83221,0
            138.82416,-34.83203,0
            138.82423,-34.83174,0
            138.82435,-34.83152,0
            138.82437,-34.83148,0
            138.82441,-34.83136,0
            138.82443,-34.83128,0
            138.82441,-34.83117,0
            138.82438,-34.83104,0
            138.82436,-34.83099,0
            138.8243,-34.83081,0
            138.82419,-34.83054,0
            138.82415,-34.83012,0
            138.82413,-34.82994,0
            138.82412,-34.82982,0
            138.82407,-34.82958,0
            138.82395,-34.82938,0
            138.82385,-34.82927,0
            138.82376,-34.82917,0
            138.82375,-34.82911,0
            138.82371,-34.82894,0
            138.8237,-34.82889,0
            138.82368,-34.82876,0
            138.82365,-34.82858,0
            138.8236,-34.82829,0
            138.82354,-34.82777,0
            138.82352,-34.82744,0
            138.82354,-34.82735,0
            138.82355,-34.82733,0
            138.82361,-34.82721,0
            138.82371,-34.82712,0
            138.82381,-34.82705,0
            138.82426,-34.82681,0
            138.82451,-34.82672,0
            138.82462,-34.82666,0
            138.82478,-34.82655,0
            138.8248,-34.82652,0
            138.82482,-34.8265,0
            138.82486,-34.82646,0
            138.8249,-34.82635,0
            138.82493,-34.8262,0
            138.82487,-34.8258,0
            138.82486,-34.82568,0
            138.82485,-34.82554,0
            138.82487,-34.82514,0
            138.82487,-34.82513,0
            138.82487,-34.82496,0
            138.82487,-34.82494,0
            138.82483,-34.82478,0
            138.82476,-34.8246,0
            138.8247,-34.82444,0
            138.82468,-34.82426,0
            138.82468,-34.82405,0
            138.82471,-34.82396,0
            138.82474,-34.82388,0
            138.82477,-34.82385,0
            138.82479,-34.82382,0
            138.82484,-34.82378,0
            138.82494,-34.82373,0
            138.82502,-34.8237,0
            138.82506,-34.8237,0
            138.82514,-34.82369,0
            138.82523,-34.82369,0
            138.82528,-34.82369,0
            138.8254,-34.8237,0
            138.82586,-34.82377,0
            138.82658,-34.82385,0
            138.82679,-34.82388,0
            138.82742,-34.82396,0
            138.82744,-34.82396,0
            138.82766,-34.82399,0
            138.82843,-34.82411,0
            138.82852,-34.82411,0
            138.82868,-34.82411,0
            138.82882,-34.8241,0
            138.82888,-34.82408,0
            138.82905,-34.82402,0
            138.82926,-34.82393,0
            138.82931,-34.82389,0
            138.82932,-34.82387,0
            138.82937,-34.82381,0
            138.8294,-34.82371,0
            138.82925,-34.82368,0
            138.82909,-34.82364,0
            138.82884,-34.82355,0
            138.82861,-34.82343,0
            138.8285,-34.82337,0
            138.82837,-34.82328,0
            138.82823,-34.82317,0
            138.82809,-34.82304,0
            138.82797,-34.82292,0
            138.82788,-34.82284,0
            138.82778,-34.82276,0
            138.82764,-34.82269,0
            138.82759,-34.82267,0
            138.82741,-34.82259,0
            138.82705,-34.82243,0
            138.82696,-34.82239,0
            138.82683,-34.82232,0
            138.82671,-34.82223,0
            138.82661,-34.82213,0
            138.82649,-34.82196,0
            138.82624,-34.82156,0
            138.82575,-34.82074,0
            138.8254,-34.82012,0
            138.82535,-34.82007,0
            138.8253,-34.82002,0
            138.82523,-34.81999,0
            138.82515,-34.81998,0
            138.82509,-34.81998,0
            138.82503,-34.81998,0
            138.82498,-34.81999,0
            138.8249,-34.82003,0
            138.82378,-34.82087,0
            138.82348,-34.82108,0
            138.82323,-34.82125,0
            138.82312,-34.82132,0
            138.8229,-34.82142,0
            138.82262,-34.82156,0
            138.82242,-34.82165,0
            138.8223,-34.82169,0
            138.8222,-34.82173,0
            138.8221,-34.82175,0
            138.82196,-34.82176,0
            138.82192,-34.82177,0
            138.82186,-34.82177,0
            138.82175,-34.82175,0
            138.82169,-34.82174,0
            138.8216,-34.82171,0
            138.82125,-34.82155,0
            138.82116,-34.82153,0
            138.82113,-34.82153,0
            138.82111,-34.82153,0
            138.82108,-34.82153,0
            138.82104,-34.82154,0
            138.82099,-34.82155,0
            138.82093,-34.82158,0
            138.82091,-34.8216,0
            138.8209,-34.82161,0
            138.82088,-34.82164,0
            138.82074,-34.82192,0
            138.82071,-34.82202,0
            138.8207,-34.82212,0
            138.82071,-34.82228,0
            138.82072,-34.82239,0
            138.82071,-34.82246,0
            138.82071,-34.82248,0
            138.82068,-34.82255,0
            138.82062,-34.82263,0
            138.8204,-34.82283,0
            138.82031,-34.8229,0
            138.82021,-34.82295,0
            138.82013,-34.82297,0
            138.82002,-34.82297,0
            138.81961,-34.82294,0
            138.81944,-34.8229,0
            138.81931,-34.82285,0
            138.81923,-34.82278,0
            138.81915,-34.82268,0
            138.81911,-34.82257,0
            138.8191,-34.82252,0
            138.81909,-34.82243,0
            138.81907,-34.82223,0
            138.81905,-34.8219,0
            138.81902,-34.82166,0
            138.81899,-34.82153,0
            138.81892,-34.82137,0
            138.81884,-34.82123,0
            138.8185,-34.82084,0
            138.81847,-34.8208,0
            138.81838,-34.82069,0
            138.818,-34.82025,0
            138.8178,-34.82002,0
            138.81748,-34.81963,0
            138.81717,-34.81927,0
            138.81709,-34.8192,0
            138.81707,-34.81918,0
            138.81696,-34.81911,0
            138.81653,-34.81889,0
            138.81636,-34.8188,0
            138.81633,-34.81878,0
            138.81622,-34.81869,0
            138.8162,-34.81867,0
            138.81614,-34.81861,0
            138.81609,-34.81854,0
            138.81605,-34.81847,0
            138.81601,-34.81837,0
            138.81598,-34.81827,0
            138.81597,-34.81818,0
            138.81597,-34.81811,0
            138.81597,-34.81804,0
            138.816,-34.81789,0
            138.81602,-34.81783,0
            138.81607,-34.81765,0
            138.81611,-34.81752,0
            138.81615,-34.81738,0
            138.81615,-34.81729,0
            138.81614,-34.81725,0
            138.81613,-34.8172,0
            138.8161,-34.81716,0
            138.81607,-34.81714,0
            138.81605,-34.81712,0
            138.81599,-34.81709,0
            138.81592,-34.81706,0
            138.81588,-34.81706,0
            138.81586,-34.81705,0
            138.81576,-34.81705,0
            138.81561,-34.81705,0
            138.81552,-34.81705,0
            138.81545,-34.81704,0
            138.81538,-34.81702,0
            138.81532,-34.817,0
            138.81525,-34.81696,0
            138.81515,-34.81689,0
            138.81499,-34.81673,0
            138.81491,-34.81667,0
            138.81486,-34.81664,0
            138.81479,-34.81661,0
            138.81476,-34.81661,0
            138.8147,-34.8166,0
            138.81462,-34.8166,0
            138.81448,-34.81662,0
            138.81398,-34.81675,0
            138.8139,-34.81676,0
            138.81382,-34.81677,0
            138.81371,-34.81676,0
            138.81362,-34.81674,0
            138.81354,-34.81671,0
            138.81346,-34.81665,0
            138.8133,-34.81644,0
            138.81326,-34.81638,0
            138.81316,-34.81623,0
            138.81311,-34.81616,0
            138.81307,-34.81607,0
            138.81303,-34.81598,0
            138.81292,-34.81551,0
            138.81289,-34.8154,0
            138.81284,-34.81531,0
            138.81279,-34.81525,0
            138.81273,-34.8152,0
            138.81267,-34.81516,0
            138.81258,-34.81512,0
            138.81257,-34.81511,0
            138.81249,-34.81509,0
            138.81238,-34.81507,0
            138.81236,-34.81507,0
            138.81224,-34.81506,0
            138.81202,-34.81503,0
            138.81136,-34.81496,0
            138.8112,-34.81493,0
            138.8111,-34.8149,0
            138.81101,-34.81487,0
            138.81082,-34.81478,0
            138.81074,-34.81474,0
          </coordinates>
        </LineString>
      </Placemark>
      <Placemark>
        <name>197 Tippett Rd, Millbrook SA 5231, Australia</name>
        <styleUrl>#icon-1899-DB4436-nodesc</styleUrl>
        <Point>
          <coordinates>
            138.8216694,-34.8365802,0
          </coordinates>
        </Point>
      </Placemark>
      <Placemark>
        <name>North East Road, Millbrook SA 5231, Australia</name>
        <styleUrl>#icon-1899-DB4436-nodesc</styleUrl>
        <Point>
          <coordinates>
            138.8107396,-34.814739,0
          </coordinates>
        </Point>
      </Placemark>
    </Folder>
    <Folder>
      <name>SS18 – Vista 2</name>
      <Placemark>
        <name>SS18 – Vista 2</name>
        <styleUrl>#line-1267FF-5000-nodesc</styleUrl>
        <LineString>
          <tessellate>1</tessellate>
          <coordinates>
            138.74709,-34.84069,0
            138.74704,-34.84069,0
            138.7468,-34.84074,0
            138.74665,-34.84078,0
            138.74649,-34.84082,0
            138.74639,-34.84086,0
            138.74626,-34.84092,0
            138.74593,-34.8411,0
            138.74583,-34.84114,0
            138.7458,-34.84116,0
            138.74577,-34.84117,0
            138.74573,-34.84117,0
            138.74569,-34.84117,0
            138.74561,-34.84116,0
            138.74552,-34.84115,0
            138.74544,-34.84115,0
            138.74537,-34.84116,0
            138.74532,-34.84118,0
            138.74518,-34.84124,0
            138.74507,-34.84129,0
            138.74495,-34.84131,0
            138.7448,-34.84132,0
            138.74462,-34.8413,0
            138.74447,-34.84127,0
            138.7444,-34.84125,0
            138.74421,-34.84118,0
            138.74408,-34.84115,0
            138.74394,-34.84113,0
            138.74383,-34.84113,0
            138.7436,-34.84113,0
            138.74347,-34.84114,0
            138.74335,-34.84114,0
            138.74294,-34.84119,0
            138.74292,-34.8412,0
            138.74287,-34.8412,0
            138.74275,-34.84122,0
            138.7427,-34.84123,0
            138.74265,-34.84123,0
            138.74261,-34.84123,0
            138.74258,-34.84123,0
            138.74254,-34.84122,0
            138.74251,-34.84121,0
            138.74247,-34.8412,0
            138.74239,-34.84117,0
            138.74235,-34.84115,0
            138.74231,-34.84114,0
            138.74226,-34.84112,0
            138.74221,-34.8411,0
            138.74216,-34.84109,0
            138.7421,-34.84108,0
            138.74193,-34.84108,0
            138.74178,-34.84108,0
            138.74153,-34.84106,0
            138.74149,-34.84105,0
            138.74143,-34.84105,0
            138.74137,-34.84103,0
            138.74134,-34.84103,0
            138.74127,-34.84101,0
            138.74125,-34.841,0
            138.74122,-34.84099,0
            138.74117,-34.84096,0
            138.74112,-34.84094,0
            138.74106,-34.84089,0
            138.74085,-34.84071,0
            138.74069,-34.84057,0
            138.74062,-34.84051,0
            138.74053,-34.84044,0
            138.74037,-34.84033,0
            138.74023,-34.84025,0
            138.74007,-34.84018,0
            138.73988,-34.84014,0
            138.73982,-34.84013,0
            138.73978,-34.84012,0
            138.73969,-34.84011,0
            138.73964,-34.8401,0
            138.73959,-34.8401,0
            138.73954,-34.84009,0
            138.73949,-34.84009,0
            138.73945,-34.84009,0
            138.7394,-34.84009,0
            138.73936,-34.84009,0
            138.73931,-34.84009,0
            138.73894,-34.84013,0
            138.73876,-34.84016,0
            138.73862,-34.84017,0
            138.73854,-34.84018,0
            138.73852,-34.84019,0
            138.73845,-34.8402,0
            138.73836,-34.84022,0
            138.73826,-34.84026,0
            138.73814,-34.84032,0
            138.73799,-34.8404,0
            138.73673,-34.84106,0
            138.73632,-34.84126,0
            138.73628,-34.84128,0
            138.73598,-34.84142,0
            138.7356,-34.84164,0
            138.73555,-34.84167,0
            138.73538,-34.84177,0
            138.73518,-34.84187,0
            138.73502,-34.84195,0
            138.73477,-34.84206,0
            138.73464,-34.84215,0
            138.73432,-34.84243,0
            138.73416,-34.84256,0
            138.73405,-34.84263,0
            138.73395,-34.84267,0
            138.73374,-34.84275,0
            138.73353,-34.84281,0
            138.73344,-34.84283,0
            138.73334,-34.84285,0
            138.73323,-34.84285,0
            138.73308,-34.84283,0
            138.73297,-34.8428,0
            138.73287,-34.84278,0
            138.7328,-34.84278,0
            138.73272,-34.84278,0
            138.73266,-34.84279,0
            138.73257,-34.84282,0
            138.73248,-34.84286,0
            138.73215,-34.84307,0
            138.73208,-34.84311,0
            138.73199,-34.84314,0
            138.73187,-34.84316,0
            138.73173,-34.84318,0
            138.73164,-34.84318,0
            138.73154,-34.84317,0
            138.73146,-34.84314,0
            138.7314,-34.8431,0
            138.73138,-34.84308,0
            138.73135,-34.84306,0
            138.73133,-34.84303,0
            138.73131,-34.843,0
            138.73129,-34.84294,0
            138.73128,-34.84286,0
            138.73128,-34.84273,0
            138.7313,-34.84251,0
            138.73131,-34.8422,0
            138.73129,-34.84207,0
            138.73128,-34.84197,0
            138.73118,-34.8415,0
            138.73118,-34.84146,0
            138.73118,-34.8414,0
            138.7312,-34.84136,0
            138.73122,-34.84131,0
            138.73129,-34.84115,0
            138.73138,-34.84099,0
            138.73144,-34.8409,0
            138.73148,-34.84081,0
            138.7315,-34.84075,0
            138.73151,-34.84073,0
            138.73152,-34.8407,0
            138.73153,-34.84067,0
            138.73154,-34.84064,0
            138.73155,-34.84058,0
            138.73155,-34.84055,0
            138.73155,-34.84053,0
            138.73155,-34.84052,0
            138.73155,-34.8405,0
            138.73155,-34.84049,0
            138.73154,-34.84046,0
            138.73152,-34.8404,0
            138.73146,-34.8403,0
            138.73142,-34.84025,0
            138.7314,-34.84022,0
            138.73133,-34.84015,0
            138.73125,-34.84004,0
            138.73112,-34.83985,0
            138.73102,-34.83967,0
            138.73095,-34.83952,0
            138.73088,-34.83941,0
            138.73072,-34.83921,0
            138.73071,-34.83918,0
            138.7307,-34.83916,0
            138.73068,-34.8391,0
            138.73068,-34.83907,0
            138.73067,-34.83905,0
            138.73067,-34.83901,0
            138.73067,-34.83896,0
            138.73072,-34.83858,0
            138.73072,-34.83853,0
            138.73072,-34.83846,0
            138.73071,-34.83837,0
            138.73071,-34.83834,0
            138.73069,-34.8383,0
            138.73069,-34.83828,0
            138.73067,-34.83826,0
            138.73066,-34.83824,0
            138.73064,-34.83821,0
            138.73061,-34.83816,0
            138.73056,-34.83812,0
            138.73045,-34.83805,0
            138.73039,-34.83802,0
            138.73033,-34.83798,0
            138.73027,-34.83792,0
            138.73023,-34.83787,0
            138.73015,-34.83777,0
            138.73005,-34.83762,0
            138.72997,-34.83752,0
            138.72984,-34.83741,0
            138.7298,-34.83739,0
            138.72976,-34.83737,0
            138.72972,-34.83735,0
            138.7297,-34.83734,0
            138.72967,-34.83734,0
            138.72965,-34.83733,0
            138.72948,-34.83729,0
            138.72931,-34.83726,0
            138.72924,-34.83725,0
            138.72901,-34.83721,0
            138.72885,-34.83719,0
            138.72862,-34.83718,0
            138.72844,-34.83717,0
            138.7282,-34.83717,0
            138.72808,-34.83716,0
            138.72801,-34.83715,0
            138.72789,-34.83713,0
            138.72771,-34.8371,0
            138.72757,-34.83708,0
            138.72749,-34.83708,0
            138.72744,-34.83708,0
            138.72741,-34.83708,0
            138.72738,-34.83709,0
            138.72719,-34.83714,0
            138.72704,-34.83718,0
            138.72684,-34.83726,0
            138.72672,-34.83732,0
            138.72665,-34.83735,0
            138.72659,-34.83739,0
            138.7265,-34.83746,0
            138.72569,-34.83817,0
            138.72555,-34.8383,0
            138.72547,-34.8384,0
            138.72543,-34.83845,0
            138.72539,-34.83853,0
            138.72536,-34.8386,0
            138.72533,-34.83867,0
            138.72529,-34.83878,0
            138.72527,-34.8389,0
            138.72523,-34.83918,0
            138.72523,-34.83924,0
            138.72521,-34.83967,0
            138.72521,-34.83982,0
            138.7252,-34.8399,0
            138.72519,-34.83994,0
            138.72518,-34.83997,0
            138.72517,-34.83999,0
            138.72516,-34.84001,0
            138.72514,-34.84003,0
            138.72513,-34.84005,0
            138.72512,-34.84006,0
            138.72506,-34.8401,0
            138.725,-34.84014,0
            138.72493,-34.84016,0
            138.7249,-34.84017,0
            138.72487,-34.84017,0
            138.72483,-34.84018,0
            138.7248,-34.84018,0
            138.7245,-34.84017,0
            138.72428,-34.84016,0
            138.72425,-34.84016,0
            138.72385,-34.84015,0
          </coordinates>
        </LineString>
      </Placemark>
      <Placemark>
        <name>Churchett Rd, Houghton SA 5131, Australia</name>
        <styleUrl>#icon-1899-DB4436-nodesc</styleUrl>
        <Point>
          <coordinates>
            138.7470925,-34.84069,0
          </coordinates>
        </Point>
      </Placemark>
      <Placemark>
        <name>1255 Lower North East Rd, Vista SA 5091, Australia</name>
        <styleUrl>#icon-1899-DB4436-nodesc</styleUrl>
        <Point>
          <coordinates>
            138.7238549,-34.8401473,0
          </coordinates>
        </Point>
      </Placemark>
    </Folder>
    <Folder>
      <name>SS20 - Wairoa</name>
      <Placemark>
        <name>SS20 - Wairoa</name>
        <styleUrl>#line-1267FF-5000-nodesc</styleUrl>
        <LineString>
          <tessellate>1</tessellate>
          <coordinates>
            138.73438,-35.01414,0
            138.73384,-35.01393,0
            138.73383,-35.01393,0
            138.73338,-35.01375,0
            138.73325,-35.0137,0
            138.73262,-35.01343,0
            138.73248,-35.01334,0
            138.73236,-35.01326,0
            138.73228,-35.01321,0
            138.73224,-35.01319,0
            138.73219,-35.01316,0
            138.73211,-35.01313,0
            138.73201,-35.0131,0
            138.73191,-35.01308,0
            138.73182,-35.01306,0
            138.73173,-35.01304,0
            138.73156,-35.01301,0
            138.73137,-35.01297,0
            138.73121,-35.01292,0
            138.73107,-35.01287,0
            138.73102,-35.01285,0
            138.73094,-35.0128,0
            138.73084,-35.01273,0
            138.73077,-35.01267,0
            138.73073,-35.01262,0
            138.73069,-35.01254,0
            138.73066,-35.01245,0
            138.73065,-35.01236,0
            138.73065,-35.01225,0
            138.73067,-35.01218,0
            138.7307,-35.0121,0
            138.73075,-35.01194,0
            138.73077,-35.01184,0
            138.73079,-35.01175,0
            138.7308,-35.01166,0
            138.7308,-35.0116,0
            138.73079,-35.01156,0
            138.73078,-35.01152,0
            138.73075,-35.01145,0
            138.73071,-35.01139,0
            138.73061,-35.01129,0
            138.73052,-35.01119,0
            138.73046,-35.01109,0
            138.7304,-35.01099,0
            138.73036,-35.0109,0
            138.73033,-35.01082,0
            138.73029,-35.01065,0
            138.73026,-35.01051,0
            138.73022,-35.01036,0
            138.73019,-35.01017,0
            138.73017,-35.00996,0
            138.73015,-35.00978,0
            138.73012,-35.00962,0
            138.7301,-35.00952,0
            138.73004,-35.00934,0
            138.73,-35.00929,0
            138.72995,-35.00924,0
            138.72992,-35.0092,0
            138.72987,-35.00914,0
            138.72979,-35.00908,0
            138.72972,-35.00904,0
            138.72964,-35.009,0
            138.72956,-35.00895,0
            138.7294,-35.00885,0
            138.72925,-35.00873,0
            138.72912,-35.00861,0
            138.72898,-35.0085,0
            138.72893,-35.00846,0
            138.72888,-35.00842,0
            138.72883,-35.0084,0
            138.72878,-35.00837,0
            138.7287,-35.00835,0
            138.72865,-35.00834,0
            138.72857,-35.00833,0
            138.7285,-35.00833,0
            138.72841,-35.00832,0
            138.72811,-35.00832,0
            138.72804,-35.00832,0
            138.72776,-35.00831,0
            138.72723,-35.00831,0
          </coordinates>
        </LineString>
      </Placemark>
      <Placemark>
        <name>18 Euston Rd, Aldgate SA 5154, Australia</name>
        <styleUrl>#icon-1899-DB4436-nodesc</styleUrl>
        <Point>
          <coordinates>
            138.734376,-35.014143,0
          </coordinates>
        </Point>
      </Placemark>
      <Placemark>
        <name>Stop 40 Mt Barker Rd - South side, Aldgate SA 5154, Australia</name>
        <styleUrl>#icon-1899-DB4436-nodesc</styleUrl>
        <Point>
          <coordinates>
            138.7272323,-35.0083117,0
          </coordinates>
        </Point>
      </Placemark>
    </Folder>
    <Folder>
      <name>SS21 - Skinny Pole</name>
      <Placemark>
        <name>SS21 - Skinny Pole</name>
        <styleUrl>#line-1267FF-5000-nodesc</styleUrl>
        <LineString>
          <tessellate>1</tessellate>
          <coordinates>
            138.6741,-35.03187,0
            138.67416,-35.03186,0
            138.67423,-35.03186,0
            138.67429,-35.03185,0
            138.67431,-35.03185,0
            138.67436,-35.03183,0
            138.67448,-35.03181,0
            138.67464,-35.03177,0
            138.67466,-35.03177,0
            138.67472,-35.03176,0
            138.67485,-35.03174,0
            138.67487,-35.03174,0
            138.67494,-35.03173,0
            138.67495,-35.03173,0
            138.67506,-35.03171,0
            138.67509,-35.03171,0
            138.67515,-35.0317,0
            138.67517,-35.03169,0
            138.67528,-35.03168,0
            138.67542,-35.03165,0
            138.67549,-35.03163,0
            138.67555,-35.0316,0
            138.67559,-35.03158,0
            138.67563,-35.03157,0
            138.67567,-35.03154,0
            138.67571,-35.03152,0
            138.67575,-35.03149,0
            138.67578,-35.03146,0
            138.6758,-35.03144,0
            138.67582,-35.03142,0
            138.67584,-35.03139,0
            138.67587,-35.03135,0
            138.67589,-35.03131,0
            138.67592,-35.03126,0
            138.67593,-35.03123,0
            138.67594,-35.03121,0
            138.67596,-35.03115,0
            138.67598,-35.03108,0
            138.67599,-35.03103,0
            138.67599,-35.03096,0
            138.67599,-35.03083,0
            138.67599,-35.03075,0
            138.67599,-35.03069,0
            138.676,-35.03065,0
            138.67601,-35.03054,0
            138.67603,-35.03047,0
            138.67604,-35.03043,0
            138.67607,-35.03032,0
            138.67608,-35.03029,0
            138.67608,-35.03027,0
            138.67608,-35.03026,0
            138.67608,-35.03024,0
            138.67608,-35.03021,0
            138.67608,-35.03019,0
            138.67608,-35.03016,0
            138.67607,-35.03012,0
            138.67606,-35.03009,0
            138.67605,-35.03007,0
            138.67603,-35.03002,0
            138.67602,-35.02997,0
            138.67601,-35.02994,0
            138.676,-35.02993,0
            138.676,-35.02992,0
            138.67599,-35.02987,0
            138.67598,-35.02981,0
            138.67599,-35.02974,0
            138.676,-35.02966,0
            138.67601,-35.0296,0
            138.67601,-35.02956,0
            138.67602,-35.02952,0
            138.67602,-35.0295,0
            138.67601,-35.02947,0
            138.67601,-35.02945,0
            138.67599,-35.02943,0
            138.67598,-35.02941,0
            138.67595,-35.02938,0
            138.67593,-35.02935,0
            138.6759,-35.02933,0
            138.67587,-35.02932,0
            138.6758,-35.02929,0
            138.67573,-35.02926,0
            138.67563,-35.02923,0
            138.6755,-35.0292,0
            138.67541,-35.02917,0
            138.67538,-35.02916,0
            138.67499,-35.02906,0
            138.67481,-35.02901,0
            138.67468,-35.02897,0
            138.67456,-35.02895,0
            138.67433,-35.02891,0
            138.67424,-35.0289,0
            138.67421,-35.02889,0
            138.67417,-35.02889,0
            138.67411,-35.02887,0
            138.67402,-35.02884,0
            138.67401,-35.02883,0
            138.67385,-35.02876,0
            138.67376,-35.02872,0
            138.67357,-35.02864,0
            138.67352,-35.02862,0
            138.67348,-35.0286,0
            138.67346,-35.0286,0
            138.67344,-35.0286,0
            138.67343,-35.0286,0
            138.67342,-35.02861,0
            138.67341,-35.02861,0
            138.6734,-35.02862,0
            138.67339,-35.02863,0
            138.67339,-35.02864,0
            138.67338,-35.02866,0
            138.67339,-35.02871,0
            138.67341,-35.02877,0
            138.67343,-35.02882,0
            138.67344,-35.02883,0
            138.67348,-35.02894,0
            138.67355,-35.02912,0
            138.67356,-35.02915,0
            138.67359,-35.02923,0
            138.67361,-35.02927,0
            138.67362,-35.02932,0
            138.67362,-35.02937,0
            138.6736,-35.02943,0
            138.67356,-35.02947,0
            138.67352,-35.02951,0
            138.67347,-35.02955,0
            138.6734,-35.0296,0
            138.67336,-35.02962,0
            138.67334,-35.02962,0
            138.67328,-35.02964,0
            138.67325,-35.02964,0
            138.67322,-35.02964,0
            138.67321,-35.02964,0
            138.67317,-35.02962,0
            138.67315,-35.02961,0
            138.67313,-35.0296,0
            138.67308,-35.02958,0
            138.67303,-35.02955,0
            138.67298,-35.02953,0
            138.67291,-35.0295,0
            138.67286,-35.02948,0
            138.6728,-35.02946,0
            138.67275,-35.02945,0
            138.67271,-35.02944,0
            138.67267,-35.02944,0
            138.67262,-35.02944,0
            138.67257,-35.02944,0
            138.67253,-35.02945,0
            138.6725,-35.02945,0
            138.67246,-35.02945,0
            138.67241,-35.02947,0
            138.67233,-35.02949,0
            138.67226,-35.02951,0
            138.67221,-35.02952,0
            138.67218,-35.02953,0
            138.67215,-35.02954,0
            138.67211,-35.02954,0
            138.67208,-35.02954,0
            138.67206,-35.02953,0
            138.67205,-35.02953,0
            138.67203,-35.02952,0
            138.67201,-35.0295,0
            138.672,-35.02948,0
            138.67199,-35.02946,0
            138.67198,-35.02944,0
            138.67198,-35.02942,0
            138.67198,-35.0294,0
            138.67198,-35.02936,0
            138.67199,-35.02932,0
            138.67199,-35.02928,0
            138.67201,-35.02925,0
            138.67202,-35.02921,0
            138.67207,-35.02908,0
            138.67208,-35.02906,0
            138.67211,-35.02897,0
            138.67211,-35.02896,0
            138.67213,-35.02891,0
            138.67214,-35.02885,0
            138.67215,-35.0288,0
            138.67215,-35.02879,0
            138.67215,-35.02874,0
            138.67214,-35.02868,0
            138.67212,-35.02862,0
            138.67208,-35.02858,0
            138.67204,-35.02854,0
            138.67198,-35.02852,0
            138.67194,-35.0285,0
            138.67189,-35.02849,0
            138.67179,-35.02846,0
            138.67169,-35.02845,0
            138.67162,-35.02844,0
            138.67157,-35.02843,0
            138.67153,-35.02842,0
            138.6715,-35.0284,0
            138.67148,-35.02839,0
            138.67147,-35.02837,0
            138.67146,-35.02836,0
            138.67145,-35.02834,0
            138.67145,-35.0283,0
            138.67144,-35.02826,0
            138.67144,-35.02822,0
            138.67144,-35.0282,0
            138.67144,-35.02818,0
            138.67143,-35.02816,0
            138.67141,-35.02813,0
            138.6714,-35.02811,0
            138.67137,-35.02809,0
            138.67133,-35.02807,0
            138.6712,-35.028,0
            138.67119,-35.02799,0
            138.67116,-35.02797,0
            138.67111,-35.02791,0
            138.6711,-35.02787,0
            138.67109,-35.02784,0
            138.67108,-35.02782,0
            138.67106,-35.02777,0
            138.67106,-35.02773,0
            138.67106,-35.02769,0
            138.67106,-35.02766,0
            138.67109,-35.02762,0
            138.67113,-35.02757,0
            138.67117,-35.02753,0
            138.67124,-35.02747,0
            138.67132,-35.0274,0
            138.67139,-35.02734,0
            138.67141,-35.02732,0
            138.6715,-35.02724,0
            138.67158,-35.02718,0
            138.67162,-35.02714,0
            138.67164,-35.02711,0
            138.67167,-35.02707,0
            138.67168,-35.02703,0
            138.67169,-35.027,0
            138.6717,-35.02696,0
            138.6717,-35.02688,0
            138.67171,-35.02674,0
            138.67171,-35.02656,0
            138.6717,-35.02645,0
            138.67168,-35.02634,0
            138.67168,-35.0263,0
          </coordinates>
        </LineString>
      </Placemark>
      <Placemark>
        <name>152 Pole Rd, Ironbank SA 5153, Australia</name>
        <styleUrl>#icon-1899-DB4436-nodesc</styleUrl>
        <Point>
          <coordinates>
            138.6740985,-35.0318685,0
          </coordinates>
        </Point>
      </Placemark>
      <Placemark>
        <name>Stop 31A Upper Sturt Rd - South side, Upper Sturt SA 5156, Australia</name>
        <styleUrl>#icon-1899-DB4436-nodesc</styleUrl>
        <Point>
          <coordinates>
            138.6716763,-35.0263027,0
          </coordinates>
        </Point>
      </Placemark>
    </Folder>
    <Folder>
      <name>SS22 – Windy Point</name>
      <Placemark>
        <name>SS22 – Windy Point</name>
        <styleUrl>#line-1267FF-5000-nodesc</styleUrl>
        <LineString>
          <tessellate>1</tessellate>
          <coordinates>
            138.60937,-34.99833,0
            138.60966,-34.99852,0
            138.6099,-34.9987,0
            138.61008,-34.99884,0
            138.61028,-34.99896,0
            138.61043,-34.99904,0
            138.61047,-34.99907,0
            138.61064,-34.99917,0
            138.61065,-34.99918,0
            138.61101,-34.99944,0
            138.61115,-34.99954,0
            138.61121,-34.99958,0
            138.61127,-34.99963,0
            138.61128,-34.99965,0
            138.61128,-34.99966,0
            138.61129,-34.99967,0
            138.61129,-34.99968,0
            138.6113,-34.9997,0
            138.61131,-34.99973,0
            138.6113,-34.99977,0
            138.61129,-34.99979,0
            138.61128,-34.99982,0
            138.61127,-34.99983,0
            138.61127,-34.99984,0
            138.61126,-34.99984,0
            138.61124,-34.99987,0
            138.61122,-34.99989,0
            138.61118,-34.99991,0
            138.61109,-34.99995,0
            138.61097,-34.99998,0
            138.61084,-35.00001,0
            138.61064,-35.00003,0
            138.61054,-35.00003,0
            138.61042,-35.00002,0
            138.61032,-34.99999,0
            138.61025,-34.99997,0
            138.61024,-34.99997,0
            138.61017,-34.99995,0
            138.61011,-34.99995,0
            138.61,-34.99997,0
            138.60971,-35.00004,0
            138.60965,-35.00005,0
            138.60955,-35.00005,0
            138.60946,-35.00004,0
            138.60936,-35.00002,0
            138.6092,-34.99995,0
            138.60882,-34.99982,0
            138.60847,-34.99974,0
            138.60814,-34.99967,0
            138.60801,-34.99965,0
            138.60794,-34.99964,0
            138.60782,-34.99962,0
            138.60775,-34.99962,0
            138.60769,-34.99962,0
            138.60756,-34.99965,0
            138.60735,-34.99972,0
            138.60721,-34.99976,0
            138.6071,-34.99978,0
            138.60692,-34.99979,0
            138.60687,-34.9998,0
            138.60665,-34.99982,0
            138.60656,-34.99983,0
            138.60645,-34.99987,0
            138.60634,-34.99992,0
            138.60619,-35,0
            138.60598,-35.00014,0
            138.60582,-35.00024,0
            138.60573,-35.00031,0
            138.60572,-35.00031,0
            138.60566,-35.00038,0
            138.60564,-35.00042,0
            138.60563,-35.00044,0
            138.60563,-35.00045,0
            138.60563,-35.00047,0
            138.60563,-35.0005,0
            138.60563,-35.00052,0
            138.60564,-35.00054,0
            138.60565,-35.00057,0
            138.60567,-35.00059,0
            138.6057,-35.00062,0
            138.60573,-35.00063,0
            138.60578,-35.00065,0
            138.60584,-35.00066,0
            138.60589,-35.00066,0
            138.60594,-35.00066,0
            138.60648,-35.00061,0
            138.60657,-35.00061,0
            138.60677,-35.00061,0
            138.60679,-35.00061,0
            138.60721,-35.00062,0
            138.60746,-35.00062,0
            138.60783,-35.00061,0
            138.60815,-35.00057,0
            138.60845,-35.00055,0
            138.60869,-35.00054,0
            138.60886,-35.00053,0
            138.60914,-35.00055,0
            138.60935,-35.00056,0
            138.60955,-35.00058,0
            138.60964,-35.0006,0
            138.60972,-35.00063,0
            138.60978,-35.00065,0
            138.60993,-35.00073,0
            138.61008,-35.00081,0
            138.6102,-35.00086,0
            138.61026,-35.00088,0
            138.61033,-35.00089,0
            138.61054,-35.00092,0
            138.61073,-35.00092,0
            138.61105,-35.00092,0
            138.61117,-35.00092,0
            138.61122,-35.00092,0
            138.61139,-35.00094,0
            138.61146,-35.00096,0
            138.61173,-35.00101,0
            138.61201,-35.00111,0
            138.61209,-35.00114,0
            138.6124,-35.00122,0
            138.61243,-35.00122,0
            138.61254,-35.00122,0
            138.61261,-35.00121,0
            138.61266,-35.00119,0
            138.61274,-35.00116,0
            138.61281,-35.00112,0
            138.61292,-35.00105,0
            138.61299,-35.00101,0
            138.61301,-35.00101,0
            138.61305,-35.00099,0
            138.61313,-35.00097,0
            138.61319,-35.00096,0
            138.61325,-35.00097,0
            138.61332,-35.00099,0
            138.61337,-35.001,0
            138.61346,-35.00104,0
            138.61393,-35.00127,0
            138.61402,-35.00131,0
            138.61411,-35.00134,0
            138.61419,-35.00135,0
            138.61427,-35.00135,0
            138.61438,-35.00134,0
            138.61448,-35.00132,0
            138.61455,-35.0013,0
            138.61461,-35.00127,0
            138.6147,-35.0012,0
            138.61482,-35.0011,0
            138.61485,-35.001,0
            138.61487,-35.00085,0
            138.6149,-35.00072,0
            138.61492,-35.00063,0
            138.61495,-35.00056,0
            138.61499,-35.00052,0
            138.61506,-35.00045,0
            138.61522,-35.00034,0
            138.61534,-35.00025,0
            138.61543,-35.00017,0
            138.61554,-35.00005,0
            138.61561,-34.99995,0
            138.61567,-34.99985,0
            138.61579,-34.99958,0
            138.61585,-34.99947,0
            138.61591,-34.9994,0
            138.61597,-34.99935,0
            138.61602,-34.99932,0
            138.61604,-34.99931,0
            138.61609,-34.99928,0
            138.61621,-34.99928,0
            138.61631,-34.99928,0
            138.61641,-34.9993,0
            138.61654,-34.99933,0
            138.61668,-34.99938,0
            138.61685,-34.99944,0
            138.61701,-34.99949,0
            138.61711,-34.99952,0
            138.61722,-34.99952,0
            138.61731,-34.99952,0
            138.61741,-34.99951,0
            138.61752,-34.99948,0
            138.6177,-34.99943,0
            138.61772,-34.99943,0
            138.61788,-34.99939,0
            138.61803,-34.99933,0
            138.61808,-34.9993,0
            138.61809,-34.99929,0
            138.61811,-34.99928,0
            138.61813,-34.99926,0
            138.61814,-34.99924,0
            138.61819,-34.99916,0
            138.61821,-34.99907,0
            138.61822,-34.99894,0
            138.61823,-34.99889,0
            138.61827,-34.99875,0
            138.61833,-34.99865,0
            138.61837,-34.99861,0
            138.6184,-34.99859,0
            138.61844,-34.99857,0
            138.61847,-34.99856,0
            138.61856,-34.99855,0
            138.61869,-34.99854,0
            138.61871,-34.99853,0
            138.61889,-34.99855,0
            138.619,-34.99856,0
            138.61916,-34.99859,0
            138.6192,-34.9986,0
            138.61951,-34.99865,0
            138.61959,-34.99866,0
            138.61968,-34.99866,0
            138.61975,-34.99865,0
            138.61977,-34.99865,0
            138.61982,-34.99865,0
            138.62031,-34.99854,0
            138.62064,-34.99844,0
            138.62075,-34.9984,0
          </coordinates>
        </LineString>
      </Placemark>
      <Placemark>
        <name>335 Belair Rd, Lynton SA 5062, Australia</name>
        <styleUrl>#icon-1899-DB4436-nodesc</styleUrl>
        <Point>
          <coordinates>
            138.6093706,-34.9983345,0
          </coordinates>
        </Point>
      </Placemark>
      <Placemark>
        <name>455 Belair Rd, Belair SA 5052, Australia</name>
        <styleUrl>#icon-1899-DB4436-nodesc</styleUrl>
        <Point>
          <coordinates>
            138.6207548,-34.9984022,0
          </coordinates>
        </Point>
      </Placemark>
    </Folder>
  </Document>
</kml>
