<?xml version="1.0" encoding="UTF-8"?>
<kml xmlns="http://www.opengis.net/kml/2.2">
  <Document>
    <name>DAY 2 Shannons Adelaide Rally</name>
    <description/>
    <Style id="icon-1899-DB4436-nodesc-normal">
      <IconStyle>
        <color>ff3644db</color>
        <scale>1</scale>
        <Icon>
          <href>https://www.gstatic.com/mapspro/images/stock/503-wht-blank_maps.png</href>
        </Icon>
        <hotSpot x="32" xunits="pixels" y="64" yunits="insetPixels"/>
      </IconStyle>
      <LabelStyle>
        <scale>0</scale>
      </LabelStyle>
      <BalloonStyle>
        <text><![CDATA[<h3>$[name]</h3>]]></text>
      </BalloonStyle>
    </Style>
    <Style id="icon-1899-DB4436-nodesc-highlight">
      <IconStyle>
        <color>ff3644db</color>
        <scale>1</scale>
        <Icon>
          <href>https://www.gstatic.com/mapspro/images/stock/503-wht-blank_maps.png</href>
        </Icon>
        <hotSpot x="32" xunits="pixels" y="64" yunits="insetPixels"/>
      </IconStyle>
      <LabelStyle>
        <scale>1</scale>
      </LabelStyle>
      <BalloonStyle>
        <text><![CDATA[<h3>$[name]</h3>]]></text>
      </BalloonStyle>
    </Style>
    <StyleMap id="icon-1899-DB4436-nodesc">
      <Pair>
        <key>normal</key>
        <styleUrl>#icon-1899-DB4436-nodesc-normal</styleUrl>
      </Pair>
      <Pair>
        <key>highlight</key>
        <styleUrl>#icon-1899-DB4436-nodesc-highlight</styleUrl>
      </Pair>
    </StyleMap>
    <Style id="line-1267FF-5000-nodesc-normal">
      <LineStyle>
        <color>ffff6712</color>
        <width>5</width>
      </LineStyle>
      <BalloonStyle>
        <text><![CDATA[<h3>$[name]</h3>]]></text>
      </BalloonStyle>
    </Style>
    <Style id="line-1267FF-5000-nodesc-highlight">
      <LineStyle>
        <color>ffff6712</color>
        <width>7.5</width>
      </LineStyle>
      <BalloonStyle>
        <text><![CDATA[<h3>$[name]</h3>]]></text>
      </BalloonStyle>
    </Style>
    <StyleMap id="line-1267FF-5000-nodesc">
      <Pair>
        <key>normal</key>
        <styleUrl>#line-1267FF-5000-nodesc-normal</styleUrl>
      </Pair>
      <Pair>
        <key>highlight</key>
        <styleUrl>#line-1267FF-5000-nodesc-highlight</styleUrl>
      </Pair>
    </StyleMap>
    <Style id="poly-558B2F-15200-204-nodesc-normal">
      <LineStyle>
        <color>ff2f8b55</color>
        <width>15.2</width>
      </LineStyle>
      <PolyStyle>
        <color>cc2f8b55</color>
        <fill>1</fill>
        <outline>1</outline>
      </PolyStyle>
      <BalloonStyle>
        <text><![CDATA[<h3>$[name]</h3>]]></text>
      </BalloonStyle>
    </Style>
    <Style id="poly-558B2F-15200-204-nodesc-highlight">
      <LineStyle>
        <color>ff2f8b55</color>
        <width>22.8</width>
      </LineStyle>
      <PolyStyle>
        <color>cc2f8b55</color>
        <fill>1</fill>
        <outline>1</outline>
      </PolyStyle>
      <BalloonStyle>
        <text><![CDATA[<h3>$[name]</h3>]]></text>
      </BalloonStyle>
    </Style>
    <StyleMap id="poly-558B2F-15200-204-nodesc">
      <Pair>
        <key>normal</key>
        <styleUrl>#poly-558B2F-15200-204-nodesc-normal</styleUrl>
      </Pair>
      <Pair>
        <key>highlight</key>
        <styleUrl>#poly-558B2F-15200-204-nodesc-highlight</styleUrl>
      </Pair>
    </StyleMap>
    <Style id="poly-FF5252-1200-77-nodesc-normal">
      <LineStyle>
        <color>ff5252ff</color>
        <width>1.2</width>
      </LineStyle>
      <PolyStyle>
        <color>4d5252ff</color>
        <fill>1</fill>
        <outline>1</outline>
      </PolyStyle>
      <BalloonStyle>
        <text><![CDATA[<h3>$[name]</h3>]]></text>
      </BalloonStyle>
    </Style>
    <Style id="poly-FF5252-1200-77-nodesc-highlight">
      <LineStyle>
        <color>ff5252ff</color>
        <width>1.8</width>
      </LineStyle>
      <PolyStyle>
        <color>4d5252ff</color>
        <fill>1</fill>
        <outline>1</outline>
      </PolyStyle>
      <BalloonStyle>
        <text><![CDATA[<h3>$[name]</h3>]]></text>
      </BalloonStyle>
    </Style>
    <StyleMap id="poly-FF5252-1200-77-nodesc">
      <Pair>
        <key>normal</key>
        <styleUrl>#poly-FF5252-1200-77-nodesc-normal</styleUrl>
      </Pair>
      <Pair>
        <key>highlight</key>
        <styleUrl>#poly-FF5252-1200-77-nodesc-highlight</styleUrl>
      </Pair>
    </StyleMap>
    <Folder>
      <name>SS12 HERMITAGE</name>
      <Placemark>
        <name>SS12 HERMITAGE</name>
        <styleUrl>#line-1267FF-5000-nodesc</styleUrl>
        <LineString>
          <tessellate>1</tessellate>
          <coordinates>
            138.75931,-34.78819,0
            138.75928,-34.78811,0
            138.75926,-34.78805,0
            138.75902,-34.78759,0
            138.75894,-34.78734,0
            138.75875,-34.78678,0
            138.75874,-34.78675,0
            138.75874,-34.78672,0
            138.75873,-34.78668,0
            138.75872,-34.78656,0
            138.75872,-34.78613,0
            138.75868,-34.78576,0
            138.75867,-34.78564,0
            138.75868,-34.78555,0
            138.7587,-34.78549,0
            138.75872,-34.78547,0
            138.7588,-34.78533,0
            138.75892,-34.78516,0
            138.75904,-34.78502,0
            138.75917,-34.78488,0
            138.75922,-34.78485,0
            138.75924,-34.78483,0
            138.75925,-34.78482,0
            138.75926,-34.78481,0
            138.75927,-34.7848,0
            138.75927,-34.78478,0
            138.75927,-34.78476,0
            138.75927,-34.78475,0
            138.75927,-34.78473,0
            138.75927,-34.78472,0
            138.75926,-34.7847,0
            138.75925,-34.78469,0
            138.75923,-34.78468,0
            138.75922,-34.78468,0
            138.7592,-34.78468,0
            138.75917,-34.78468,0
            138.75915,-34.78469,0
            138.75913,-34.78469,0
            138.7591,-34.78471,0
            138.75907,-34.78472,0
            138.75901,-34.78476,0
            138.75878,-34.7849,0
            138.75829,-34.78514,0
            138.75793,-34.78531,0
            138.75789,-34.78532,0
            138.75786,-34.78533,0
            138.75782,-34.78534,0
            138.75778,-34.78535,0
            138.75771,-34.78536,0
            138.75765,-34.78536,0
            138.75753,-34.78534,0
            138.75736,-34.78529,0
            138.75711,-34.78518,0
            138.75709,-34.78517,0
            138.75675,-34.78502,0
            138.7565,-34.78491,0
            138.75631,-34.78483,0
            138.75619,-34.7848,0
            138.75611,-34.78477,0
            138.75606,-34.78476,0
            138.7559,-34.78472,0
            138.75573,-34.78468,0
            138.75506,-34.78453,0
            138.75463,-34.78444,0
            138.75428,-34.78436,0
            138.75403,-34.7843,0
            138.75391,-34.78425,0
            138.75382,-34.78419,0
            138.75391,-34.78411,0
            138.75411,-34.7839,0
            138.75449,-34.78346,0
            138.75461,-34.78327,0
            138.75466,-34.78319,0
            138.75468,-34.78317,0
            138.7547,-34.78313,0
            138.75471,-34.78311,0
            138.75472,-34.78308,0
            138.75472,-34.78305,0
            138.75473,-34.78302,0
            138.75473,-34.783,0
            138.75473,-34.78297,0
            138.75474,-34.78293,0
            138.75471,-34.7826,0
            138.7547,-34.78241,0
            138.75468,-34.78212,0
            138.75467,-34.78193,0
            138.75467,-34.78185,0
            138.75467,-34.78176,0
            138.75467,-34.78158,0
            138.75467,-34.78151,0
            138.75468,-34.78086,0
            138.75468,-34.78072,0
            138.75469,-34.78065,0
            138.7547,-34.78059,0
            138.75473,-34.78046,0
            138.75474,-34.7804,0
            138.75477,-34.78025,0
            138.7548,-34.78014,0
            138.75481,-34.78007,0
            138.75484,-34.77998,0
            138.75491,-34.77983,0
            138.75494,-34.77977,0
            138.75496,-34.77972,0
            138.75499,-34.77968,0
            138.75504,-34.7796,0
            138.75512,-34.77947,0
            138.75514,-34.77944,0
            138.75524,-34.77929,0
            138.75529,-34.77919,0
            138.75576,-34.77855,0
            138.75588,-34.77839,0
            138.75598,-34.77823,0
            138.75606,-34.77806,0
            138.75609,-34.77796,0
            138.75613,-34.77779,0
            138.75624,-34.77731,0
            138.75628,-34.77711,0
            138.75629,-34.7769,0
            138.75626,-34.77669,0
            138.75624,-34.77661,0
            138.75617,-34.77643,0
            138.75608,-34.77625,0
            138.756,-34.77612,0
            138.75588,-34.77595,0
            138.75583,-34.77588,0
            138.75573,-34.77579,0
            138.75564,-34.77573,0
            138.75561,-34.77571,0
            138.75556,-34.77567,0
            138.75523,-34.77554,0
            138.7552,-34.77553,0
            138.75503,-34.77547,0
            138.75492,-34.77543,0
            138.75483,-34.7754,0
            138.75442,-34.77526,0
            138.75432,-34.77523,0
            138.75423,-34.7752,0
            138.75414,-34.77517,0
            138.75376,-34.77507,0
            138.75358,-34.77504,0
            138.75273,-34.7749,0
            138.75226,-34.77479,0
            138.75197,-34.77472,0
            138.75187,-34.7747,0
            138.75182,-34.77467,0
            138.75177,-34.77464,0
            138.75173,-34.77462,0
            138.75169,-34.7746,0
            138.75166,-34.77457,0
            138.75163,-34.77454,0
            138.75158,-34.77449,0
            138.75151,-34.77436,0
            138.75147,-34.77427,0
            138.75146,-34.77416,0
            138.75147,-34.77403,0
            138.7515,-34.77387,0
            138.7515,-34.77376,0
            138.75149,-34.77367,0
            138.75148,-34.77363,0
            138.75143,-34.77352,0
            138.75132,-34.77338,0
            138.7509,-34.77303,0
            138.75071,-34.77282,0
            138.75032,-34.77244,0
            138.75016,-34.77228,0
            138.75011,-34.77223,0
            138.75007,-34.77219,0
            138.75005,-34.77216,0
            138.75003,-34.77214,0
            138.75002,-34.77211,0
            138.75002,-34.77207,0
            138.75,-34.77199,0
            138.75019,-34.77214,0
            138.75023,-34.77217,0
            138.75026,-34.77218,0
            138.75028,-34.77219,0
            138.75031,-34.7722,0
            138.75033,-34.7722,0
            138.75034,-34.77221,0
            138.75036,-34.77221,0
            138.75039,-34.77221,0
            138.7504,-34.77221,0
            138.75043,-34.7722,0
            138.75045,-34.7722,0
            138.75047,-34.77219,0
            138.75052,-34.77218,0
            138.75054,-34.77217,0
            138.75055,-34.77216,0
            138.75056,-34.77216,0
            138.75057,-34.77215,0
            138.75059,-34.77213,0
            138.7506,-34.77212,0
            138.75062,-34.77211,0
            138.75063,-34.7721,0
            138.75064,-34.77209,0
            138.75065,-34.77207,0
            138.75067,-34.77206,0
            138.75068,-34.77205,0
            138.75069,-34.77203,0
            138.75088,-34.77173,0
            138.75103,-34.77143,0
            138.75117,-34.77115,0
            138.75124,-34.77105,0
            138.75131,-34.77096,0
            138.75147,-34.77079,0
            138.75174,-34.77058,0
            138.75181,-34.77051,0
            138.75188,-34.77043,0
            138.75192,-34.77035,0
            138.75201,-34.7702,0
            138.75209,-34.76998,0
            138.75218,-34.76977,0
            138.75225,-34.76961,0
            138.75237,-34.76939,0
            138.75251,-34.76915,0
            138.7526,-34.76893,0
            138.75262,-34.76884,0
            138.75265,-34.76871,0
            138.75269,-34.76844,0
            138.75273,-34.76819,0
            138.75275,-34.76792,0
            138.75277,-34.76777,0
            138.75279,-34.76763,0
            138.7528,-34.76759,0
            138.75286,-34.76737,0
            138.75298,-34.76687,0
            138.75303,-34.7665,0
            138.75303,-34.76632,0
            138.75303,-34.76614,0
            138.75304,-34.76608,0
            138.75305,-34.76601,0
            138.75306,-34.76596,0
            138.75307,-34.76593,0
            138.75311,-34.76582,0
            138.75316,-34.76565,0
            138.75326,-34.76544,0
            138.75346,-34.76507,0
            138.75358,-34.76481,0
            138.7537,-34.76453,0
            138.75384,-34.76421,0
            138.75396,-34.76392,0
            138.75408,-34.76355,0
            138.75411,-34.76348,0
            138.75419,-34.76327,0
            138.75424,-34.76314,0
            138.75453,-34.76227,0
            138.75461,-34.76211,0
            138.75464,-34.76204,0
            138.7547,-34.76193,0
            138.75499,-34.76142,0
            138.755,-34.76139,0
            138.75507,-34.76122,0
            138.75529,-34.76074,0
            138.75535,-34.76065,0
            138.75542,-34.76056,0
            138.7555,-34.76048,0
            138.7557,-34.76033,0
            138.75601,-34.76009,0
            138.75649,-34.7597,0
            138.75661,-34.75963,0
            138.75677,-34.75958,0
            138.75688,-34.75956,0
            138.75689,-34.75956,0
            138.75695,-34.75955,0
            138.75704,-34.75954,0
            138.75714,-34.75954,0
            138.75737,-34.75957,0
            138.75755,-34.75958,0
            138.75775,-34.75958,0
            138.75786,-34.75958,0
            138.75826,-34.75957,0
            138.7584,-34.75956,0
            138.75841,-34.75956,0
            138.75848,-34.75954,0
            138.75854,-34.75951,0
            138.7586,-34.75948,0
            138.75865,-34.75945,0
            138.75885,-34.75932,0
            138.75904,-34.75917,0
            138.75914,-34.75906,0
            138.75928,-34.75888,0
            138.75937,-34.75878,0
            138.75943,-34.75874,0
            138.75947,-34.75871,0
            138.75957,-34.75866,0
            138.75964,-34.75863,0
            138.75971,-34.75861,0
            138.7599,-34.75857,0
            138.76014,-34.75852,0
            138.76094,-34.75832,0
            138.76146,-34.7582,0
            138.76207,-34.75803,0
            138.76225,-34.75799,0
            138.76244,-34.75795,0
            138.76262,-34.75792,0
            138.76279,-34.75791,0
            138.7628,-34.75791,0
            138.76302,-34.75791,0
            138.76315,-34.75791,0
            138.76354,-34.75794,0
            138.76382,-34.75796,0
            138.7641,-34.75799,0
            138.76411,-34.75799,0
            138.76442,-34.75804,0
            138.76463,-34.75806,0
            138.76477,-34.75807,0
            138.76489,-34.75807,0
            138.76494,-34.75807,0
            138.76503,-34.75806,0
            138.7651,-34.75805,0
            138.76525,-34.75801,0
            138.76576,-34.75784,0
            138.7661,-34.75772,0
            138.76641,-34.75764,0
            138.76655,-34.75762,0
            138.76677,-34.75759,0
            138.76693,-34.75757,0
            138.76714,-34.75756,0
            138.7674,-34.75756,0
            138.76756,-34.75758,0
            138.76789,-34.75762,0
            138.7683,-34.75768,0
            138.76855,-34.75771,0
            138.76865,-34.75771,0
            138.76873,-34.75772,0
            138.76879,-34.75771,0
            138.76891,-34.7577,0
            138.76904,-34.75765,0
            138.76917,-34.7576,0
            138.76936,-34.7575,0
            138.76952,-34.75739,0
          </coordinates>
        </LineString>
      </Placemark>
      <Placemark>
        <name>155 Range Rd N, Upper Hermitage SA</name>
        <styleUrl>#icon-1899-DB4436-nodesc</styleUrl>
        <Point>
          <coordinates>
            138.759311,-34.7881858,0
          </coordinates>
        </Point>
      </Placemark>
      <Placemark>
        <name><![CDATA[One Tree Hill Road& Hannaford Hump Rd, Sampson Flat SA]]></name>
        <styleUrl>#icon-1899-DB4436-nodesc</styleUrl>
        <Point>
          <coordinates>
            138.7695179,-34.7573878,0
          </coordinates>
        </Point>
      </Placemark>
    </Folder>
    <Folder>
      <name><![CDATA[SS13 CHAIN OF PONDS & SS17 MILLBROOK]]></name>
      <Placemark>
        <name><![CDATA[SS13 CHAIN OF PONDS & SS17 MILLBROOK]]></name>
        <styleUrl>#line-1267FF-5000-nodesc</styleUrl>
        <LineString>
          <tessellate>1</tessellate>
          <coordinates>
            138.81046,-34.81461,0
            138.81056,-34.81465,0
            138.8107,-34.81472,0
            138.81082,-34.81478,0
            138.81101,-34.81487,0
            138.8111,-34.8149,0
            138.8112,-34.81493,0
            138.81136,-34.81496,0
            138.81202,-34.81503,0
            138.81224,-34.81506,0
            138.81236,-34.81507,0
            138.81238,-34.81507,0
            138.81249,-34.81509,0
            138.81257,-34.81511,0
            138.81258,-34.81512,0
            138.81267,-34.81516,0
            138.81273,-34.8152,0
            138.81279,-34.81525,0
            138.81284,-34.81531,0
            138.81289,-34.8154,0
            138.81292,-34.81551,0
            138.81303,-34.81598,0
            138.81307,-34.81607,0
            138.81311,-34.81616,0
            138.81316,-34.81623,0
            138.81326,-34.81638,0
            138.8133,-34.81644,0
            138.81346,-34.81665,0
            138.81354,-34.81671,0
            138.81362,-34.81674,0
            138.81371,-34.81676,0
            138.81382,-34.81677,0
            138.8139,-34.81676,0
            138.81398,-34.81675,0
            138.81448,-34.81662,0
            138.81462,-34.8166,0
            138.8147,-34.8166,0
            138.81479,-34.81661,0
            138.81486,-34.81664,0
            138.81491,-34.81667,0
            138.81499,-34.81673,0
            138.81515,-34.81689,0
            138.81525,-34.81696,0
            138.81532,-34.817,0
            138.81538,-34.81702,0
            138.81545,-34.81704,0
            138.81552,-34.81705,0
            138.81561,-34.81705,0
            138.81576,-34.81705,0
            138.81586,-34.81705,0
            138.81588,-34.81706,0
            138.81592,-34.81706,0
            138.81599,-34.81709,0
            138.81605,-34.81712,0
            138.81607,-34.81714,0
            138.8161,-34.81716,0
            138.81613,-34.8172,0
            138.81614,-34.81725,0
            138.81615,-34.81729,0
            138.81615,-34.81738,0
            138.81611,-34.81752,0
            138.81607,-34.81765,0
            138.81602,-34.81783,0
            138.816,-34.81789,0
            138.81597,-34.81804,0
            138.81597,-34.81811,0
            138.81597,-34.81818,0
            138.81598,-34.81827,0
            138.81601,-34.81837,0
            138.81605,-34.81847,0
            138.81609,-34.81854,0
            138.81614,-34.81861,0
            138.8162,-34.81867,0
            138.81622,-34.81869,0
            138.81633,-34.81878,0
            138.81636,-34.8188,0
            138.81653,-34.81889,0
            138.81696,-34.81911,0
            138.81707,-34.81918,0
            138.81709,-34.8192,0
            138.81717,-34.81927,0
            138.81748,-34.81963,0
            138.8178,-34.82002,0
            138.818,-34.82025,0
            138.81838,-34.82069,0
            138.81847,-34.8208,0
            138.8185,-34.82084,0
            138.81884,-34.82123,0
            138.81892,-34.82137,0
            138.81899,-34.82153,0
            138.81902,-34.82166,0
            138.81905,-34.8219,0
            138.81907,-34.82223,0
            138.81909,-34.82243,0
            138.8191,-34.82252,0
            138.81911,-34.82257,0
            138.81915,-34.82268,0
            138.81923,-34.82278,0
            138.81931,-34.82285,0
            138.81944,-34.8229,0
            138.81961,-34.82294,0
            138.82002,-34.82297,0
            138.82013,-34.82297,0
            138.82021,-34.82295,0
            138.82031,-34.8229,0
            138.8204,-34.82283,0
            138.82062,-34.82263,0
            138.82068,-34.82255,0
            138.82071,-34.82248,0
            138.82071,-34.82246,0
            138.82072,-34.82239,0
            138.82071,-34.82228,0
            138.8207,-34.82212,0
            138.82071,-34.82202,0
            138.82074,-34.82192,0
            138.82088,-34.82164,0
            138.8209,-34.82161,0
            138.82091,-34.8216,0
            138.82093,-34.82158,0
            138.82099,-34.82155,0
            138.82104,-34.82154,0
            138.82108,-34.82153,0
            138.82111,-34.82153,0
            138.82113,-34.82153,0
            138.82116,-34.82153,0
            138.82125,-34.82155,0
            138.8216,-34.82171,0
            138.82169,-34.82174,0
            138.82175,-34.82175,0
            138.82186,-34.82177,0
            138.82192,-34.82177,0
            138.82196,-34.82176,0
            138.8221,-34.82175,0
            138.8222,-34.82173,0
            138.8223,-34.82169,0
            138.82242,-34.82165,0
            138.82262,-34.82156,0
            138.8229,-34.82142,0
            138.82312,-34.82132,0
            138.82323,-34.82125,0
            138.82348,-34.82108,0
            138.82378,-34.82087,0
            138.8249,-34.82003,0
            138.82498,-34.81999,0
            138.82503,-34.81998,0
            138.82509,-34.81998,0
            138.82515,-34.81998,0
            138.82523,-34.81999,0
            138.8253,-34.82002,0
            138.82535,-34.82007,0
            138.8254,-34.82012,0
            138.82575,-34.82074,0
            138.82624,-34.82156,0
            138.82649,-34.82196,0
            138.82661,-34.82213,0
            138.82671,-34.82223,0
            138.82683,-34.82232,0
            138.82696,-34.82239,0
            138.82705,-34.82243,0
            138.82741,-34.82259,0
            138.82759,-34.82267,0
            138.82764,-34.82269,0
            138.82778,-34.82276,0
            138.82788,-34.82284,0
            138.82797,-34.82292,0
            138.82809,-34.82304,0
            138.82823,-34.82317,0
            138.82837,-34.82328,0
            138.8285,-34.82337,0
            138.82861,-34.82343,0
            138.82884,-34.82355,0
            138.82909,-34.82364,0
            138.82925,-34.82368,0
            138.8294,-34.82371,0
            138.82937,-34.82381,0
            138.82932,-34.82387,0
            138.82931,-34.82389,0
            138.82926,-34.82393,0
            138.82905,-34.82402,0
            138.82888,-34.82408,0
            138.82882,-34.8241,0
            138.82868,-34.82411,0
            138.82852,-34.82411,0
            138.82843,-34.82411,0
            138.82766,-34.82399,0
            138.82744,-34.82396,0
            138.82742,-34.82396,0
            138.82679,-34.82388,0
            138.82658,-34.82385,0
            138.82586,-34.82377,0
            138.8254,-34.8237,0
            138.82528,-34.82369,0
            138.82523,-34.82369,0
            138.82514,-34.82369,0
            138.82506,-34.8237,0
            138.82502,-34.8237,0
            138.82494,-34.82373,0
            138.82484,-34.82378,0
            138.82479,-34.82382,0
            138.82477,-34.82385,0
            138.82474,-34.82388,0
            138.82471,-34.82396,0
            138.82468,-34.82405,0
            138.82468,-34.82426,0
            138.8247,-34.82444,0
            138.82476,-34.8246,0
            138.82483,-34.82478,0
            138.82487,-34.82494,0
            138.82487,-34.82496,0
            138.82487,-34.82513,0
            138.82487,-34.82514,0
            138.82485,-34.82554,0
            138.82486,-34.82568,0
            138.82487,-34.8258,0
            138.82493,-34.8262,0
            138.8249,-34.82635,0
            138.82486,-34.82646,0
            138.82482,-34.8265,0
            138.8248,-34.82652,0
            138.82478,-34.82655,0
            138.82462,-34.82666,0
            138.82451,-34.82672,0
            138.82426,-34.82681,0
            138.82381,-34.82705,0
            138.82371,-34.82712,0
            138.82361,-34.82721,0
            138.82355,-34.82733,0
            138.82354,-34.82735,0
            138.82352,-34.82744,0
            138.82354,-34.82777,0
            138.8236,-34.82829,0
            138.82368,-34.82876,0
            138.8237,-34.82889,0
            138.82371,-34.82894,0
            138.82375,-34.82911,0
            138.82376,-34.82917,0
            138.82385,-34.82927,0
            138.82395,-34.82938,0
            138.82407,-34.82958,0
            138.82412,-34.82982,0
            138.82413,-34.82994,0
            138.82415,-34.83012,0
            138.82419,-34.83054,0
            138.8243,-34.83081,0
            138.82436,-34.83099,0
            138.82438,-34.83104,0
            138.82441,-34.83117,0
            138.82443,-34.83128,0
            138.82441,-34.83136,0
            138.82437,-34.83148,0
            138.82435,-34.83152,0
            138.82423,-34.83174,0
            138.82416,-34.83203,0
            138.82412,-34.83221,0
            138.82401,-34.83295,0
            138.82393,-34.83335,0
            138.82385,-34.83357,0
            138.82382,-34.83365,0
            138.82375,-34.83375,0
            138.82366,-34.83381,0
            138.82342,-34.83397,0
            138.82335,-34.83402,0
            138.82318,-34.83413,0
            138.82302,-34.83425,0
            138.82248,-34.8346,0
            138.82231,-34.83471,0
            138.82217,-34.83481,0
            138.82215,-34.83484,0
            138.82205,-34.83494,0
            138.82187,-34.83519,0
            138.82168,-34.83554,0
            138.82162,-34.8357,0
            138.82149,-34.83597,0
            138.82145,-34.83609,0
            138.82143,-34.8362,0
            138.82143,-34.83621,0
            138.82144,-34.83631,0
            138.82146,-34.83638,0
            138.82149,-34.83644,0
            138.8215,-34.83646,0
            138.82157,-34.83652,0
            138.82166,-34.83657,0
            138.82183,-34.83669,0
            138.82187,-34.83673,0
            138.82188,-34.83675,0
            138.82189,-34.83678,0
            138.8219,-34.8368,0
            138.8219,-34.83683,0
            138.82189,-34.83686,0
            138.82188,-34.8369,0
            138.82184,-34.83695,0
            138.82182,-34.83698,0
            138.82172,-34.83711,0
          </coordinates>
        </LineString>
      </Placemark>
      <Placemark>
        <name>Millbrook Rd, Millbrook SA 5231, Australia</name>
        <styleUrl>#icon-1899-DB4436-nodesc</styleUrl>
        <Point>
          <coordinates>
            138.8104597,-34.814614,0
          </coordinates>
        </Point>
      </Placemark>
      <Placemark>
        <name><![CDATA[Tippett Rd & Gorge Road, Chain of Ponds SA]]></name>
        <styleUrl>#icon-1899-DB4436-nodesc</styleUrl>
        <Point>
          <coordinates>
            138.8217223,-34.8371052,0
          </coordinates>
        </Point>
      </Placemark>
    </Folder>
    <Folder>
      <name>SS14 CORKSCREW PLUS</name>
      <Placemark>
        <name>SS14 CORKSCREW PLUS</name>
        <styleUrl>#line-1267FF-5000-nodesc</styleUrl>
        <LineString>
          <tessellate>1</tessellate>
          <coordinates>
            138.75273,-34.86952,0
            138.75247,-34.87002,0
            138.75237,-34.87023,0
            138.75233,-34.87034,0
            138.75232,-34.8704,0
            138.75231,-34.87053,0
            138.75231,-34.87054,0
            138.75231,-34.87063,0
            138.75234,-34.87077,0
            138.75239,-34.8709,0
            138.75244,-34.87096,0
            138.75247,-34.871,0
            138.75257,-34.8711,0
            138.75262,-34.87114,0
            138.75271,-34.87121,0
            138.75291,-34.87134,0
            138.75303,-34.87139,0
            138.75319,-34.87143,0
            138.75322,-34.87144,0
            138.75325,-34.87145,0
            138.75333,-34.87146,0
            138.75345,-34.87147,0
            138.75365,-34.87146,0
            138.75383,-34.87143,0
            138.75392,-34.8714,0
            138.75403,-34.87138,0
            138.75422,-34.87132,0
            138.75428,-34.87131,0
            138.75432,-34.87131,0
            138.75441,-34.87132,0
            138.75449,-34.87134,0
            138.75455,-34.87137,0
            138.75463,-34.87141,0
            138.7547,-34.87148,0
            138.75474,-34.87153,0
            138.75476,-34.87159,0
            138.75478,-34.87164,0
            138.75479,-34.8717,0
            138.7548,-34.8719,0
            138.75479,-34.87201,0
            138.75478,-34.87215,0
            138.75476,-34.87233,0
            138.75476,-34.87246,0
            138.75475,-34.8725,0
            138.75475,-34.87254,0
            138.75474,-34.87263,0
            138.75472,-34.87274,0
            138.7547,-34.87281,0
            138.75467,-34.87291,0
            138.7546,-34.87308,0
            138.75454,-34.87319,0
            138.75452,-34.87325,0
            138.75449,-34.87331,0
            138.75447,-34.87337,0
            138.75447,-34.87341,0
            138.75447,-34.87342,0
            138.75447,-34.87349,0
            138.75447,-34.87351,0
            138.75448,-34.87354,0
            138.75449,-34.87358,0
            138.75451,-34.87362,0
            138.75454,-34.87369,0
            138.75458,-34.87374,0
            138.75463,-34.8738,0
            138.75467,-34.87383,0
            138.75473,-34.87387,0
            138.75476,-34.87388,0
            138.75477,-34.87388,0
            138.75482,-34.8739,0
            138.75488,-34.87392,0
            138.75497,-34.87393,0
            138.75499,-34.87394,0
            138.75515,-34.87396,0
            138.75535,-34.87401,0
            138.7554,-34.87402,0
            138.75546,-34.87405,0
            138.75552,-34.87408,0
            138.75556,-34.8741,0
            138.75564,-34.87417,0
            138.75569,-34.87423,0
            138.75572,-34.87428,0
            138.75576,-34.87439,0
            138.75578,-34.87445,0
            138.75579,-34.87459,0
            138.75579,-34.87475,0
            138.75578,-34.87485,0
            138.75578,-34.87492,0
            138.75579,-34.875,0
            138.7558,-34.87514,0
            138.75583,-34.87534,0
            138.75586,-34.8755,0
            138.75587,-34.87557,0
            138.75589,-34.87569,0
            138.75588,-34.87575,0
            138.75587,-34.87581,0
            138.75586,-34.87582,0
            138.75583,-34.87588,0
            138.75574,-34.87606,0
            138.75564,-34.87623,0
            138.7556,-34.87629,0
            138.75559,-34.87634,0
            138.75558,-34.87638,0
            138.75558,-34.8764,0
            138.75558,-34.87642,0
            138.75559,-34.87644,0
            138.75561,-34.87647,0
            138.75561,-34.87648,0
            138.75562,-34.87651,0
            138.75566,-34.87654,0
            138.75573,-34.87659,0
            138.75578,-34.87662,0
            138.75588,-34.87667,0
            138.75592,-34.8767,0
            138.75596,-34.87672,0
            138.75605,-34.8768,0
            138.75609,-34.87684,0
            138.75615,-34.87691,0
            138.75617,-34.87696,0
            138.75619,-34.877,0
            138.7562,-34.87704,0
            138.75622,-34.87712,0
            138.75622,-34.87718,0
            138.75622,-34.87726,0
            138.75622,-34.87732,0
            138.75619,-34.87743,0
            138.75614,-34.87757,0
            138.75609,-34.87769,0
            138.75598,-34.8778,0
            138.75592,-34.87787,0
            138.75588,-34.87792,0
            138.75584,-34.87797,0
            138.75583,-34.87802,0
            138.75581,-34.87807,0
            138.75579,-34.87815,0
            138.75576,-34.87832,0
            138.75574,-34.87841,0
            138.75572,-34.87852,0
            138.75571,-34.87859,0
            138.75571,-34.87867,0
            138.7557,-34.87871,0
            138.75571,-34.87876,0
            138.75572,-34.87886,0
            138.75575,-34.87898,0
            138.75578,-34.87905,0
            138.7558,-34.87913,0
            138.75583,-34.8792,0
            138.75585,-34.87927,0
            138.75585,-34.8793,0
            138.75585,-34.87934,0
            138.75584,-34.87938,0
            138.75583,-34.87943,0
            138.75579,-34.87948,0
            138.75575,-34.87953,0
            138.75572,-34.87958,0
            138.75569,-34.87962,0
            138.75565,-34.87966,0
            138.75556,-34.8797,0
            138.75553,-34.87972,0
            138.75547,-34.87976,0
            138.75543,-34.87981,0
            138.75541,-34.87983,0
            138.75533,-34.8799,0
            138.7553,-34.87995,0
            138.75519,-34.88011,0
            138.75508,-34.88026,0
            138.7549,-34.88051,0
            138.75483,-34.88061,0
            138.75476,-34.88073,0
            138.75472,-34.88079,0
            138.75458,-34.88098,0
            138.7544,-34.88125,0
            138.75435,-34.88136,0
            138.75418,-34.8817,0
            138.7541,-34.88184,0
            138.75407,-34.88189,0
            138.75401,-34.88204,0
            138.75393,-34.8822,0
            138.75388,-34.88229,0
            138.75386,-34.88234,0
            138.75385,-34.88237,0
            138.75384,-34.88237,0
            138.75379,-34.88243,0
            138.75367,-34.88255,0
            138.75352,-34.8827,0
            138.75339,-34.88287,0
            138.75336,-34.88295,0
            138.75325,-34.8832,0
            138.75321,-34.88325,0
            138.75315,-34.88331,0
            138.75305,-34.88339,0
            138.75285,-34.88348,0
            138.75265,-34.88357,0
            138.75232,-34.88371,0
            138.75217,-34.88377,0
            138.75207,-34.8838,0
            138.75197,-34.88384,0
            138.75187,-34.88386,0
            138.75167,-34.88389,0
            138.75164,-34.88389,0
            138.75083,-34.88388,0
            138.75057,-34.88387,0
            138.74926,-34.88384,0
            138.74915,-34.88384,0
            138.74895,-34.88384,0
            138.74882,-34.88385,0
            138.74874,-34.88386,0
            138.7486,-34.88389,0
            138.7483,-34.88398,0
            138.74811,-34.88406,0
            138.74796,-34.88417,0
            138.74789,-34.88427,0
            138.74781,-34.88437,0
            138.74779,-34.88442,0
            138.74776,-34.88446,0
            138.7477,-34.88452,0
            138.74753,-34.88469,0
            138.74742,-34.88479,0
            138.74735,-34.88487,0
            138.74732,-34.8849,0
            138.7473,-34.88493,0
            138.74727,-34.88495,0
            138.74723,-34.88497,0
            138.7472,-34.88499,0
            138.74718,-34.88499,0
            138.74716,-34.88499,0
            138.74714,-34.88499,0
            138.74713,-34.88499,0
            138.74712,-34.88499,0
            138.74711,-34.88499,0
            138.7471,-34.88498,0
            138.74709,-34.88497,0
            138.74706,-34.88494,0
            138.74704,-34.88489,0
            138.74702,-34.88484,0
            138.74701,-34.88479,0
            138.74701,-34.88476,0
            138.74703,-34.88471,0
            138.74706,-34.88466,0
            138.74709,-34.88462,0
            138.74711,-34.88461,0
            138.74712,-34.88459,0
            138.74712,-34.88457,0
            138.74714,-34.88451,0
            138.74714,-34.88448,0
            138.74714,-34.88446,0
            138.74713,-34.88442,0
            138.74711,-34.88436,0
            138.7471,-34.88433,0
            138.74709,-34.88432,0
            138.74706,-34.88429,0
            138.74701,-34.88425,0
            138.74698,-34.88425,0
            138.74696,-34.88425,0
            138.74693,-34.88426,0
            138.74691,-34.88427,0
            138.7469,-34.88427,0
            138.74689,-34.88429,0
            138.74686,-34.88432,0
            138.74682,-34.88438,0
            138.74676,-34.88448,0
            138.74667,-34.88455,0
            138.74661,-34.8846,0
            138.74653,-34.88465,0
            138.7465,-34.88466,0
            138.74647,-34.88467,0
            138.74646,-34.88467,0
            138.74645,-34.88467,0
            138.74644,-34.88467,0
            138.74643,-34.88466,0
            138.74642,-34.88466,0
            138.74641,-34.88465,0
            138.74641,-34.88464,0
            138.7464,-34.88462,0
            138.74639,-34.8846,0
            138.74638,-34.88458,0
            138.74638,-34.88457,0
            138.74638,-34.88454,0
            138.74637,-34.88451,0
            138.74638,-34.88449,0
            138.74638,-34.88447,0
            138.74639,-34.88445,0
            138.74643,-34.88436,0
            138.74645,-34.88432,0
            138.7465,-34.88424,0
            138.74665,-34.88402,0
            138.74671,-34.88393,0
            138.74675,-34.88389,0
            138.74675,-34.88388,0
            138.74676,-34.88386,0
            138.74677,-34.88384,0
            138.74677,-34.88382,0
            138.74676,-34.88379,0
            138.74675,-34.88378,0
            138.74675,-34.88377,0
            138.74674,-34.88377,0
            138.74673,-34.88376,0
            138.74671,-34.88376,0
            138.74669,-34.88376,0
            138.74667,-34.88377,0
            138.74663,-34.88379,0
            138.74656,-34.88384,0
            138.74635,-34.88397,0
            138.74621,-34.88406,0
            138.7461,-34.88412,0
            138.74597,-34.88416,0
            138.74585,-34.8842,0
            138.74575,-34.88423,0
            138.74565,-34.88426,0
            138.74559,-34.88429,0
            138.74552,-34.88435,0
            138.74534,-34.88453,0
            138.74523,-34.88464,0
            138.7452,-34.88468,0
            138.74519,-34.8847,0
            138.74517,-34.88475,0
            138.74516,-34.8848,0
            138.74516,-34.88484,0
            138.74517,-34.88486,0
            138.74518,-34.8849,0
            138.74521,-34.88494,0
            138.74523,-34.88496,0
            138.74526,-34.885,0
            138.74535,-34.8851,0
            138.74538,-34.88513,0
            138.7454,-34.88519,0
            138.74541,-34.88522,0
            138.74541,-34.88527,0
            138.74539,-34.88538,0
            138.74538,-34.88545,0
            138.74538,-34.88549,0
            138.74539,-34.88556,0
            138.74542,-34.88561,0
            138.74545,-34.88564,0
            138.74546,-34.88566,0
            138.74548,-34.88567,0
            138.74553,-34.88569,0
            138.7456,-34.88572,0
            138.74567,-34.88573,0
            138.74576,-34.88573,0
            138.74584,-34.88573,0
            138.74595,-34.88573,0
            138.74607,-34.88574,0
            138.74619,-34.88577,0
            138.74631,-34.88582,0
            138.74638,-34.88584,0
            138.74648,-34.88589,0
            138.74661,-34.88598,0
            138.74673,-34.88608,0
            138.7468,-34.88615,0
            138.74686,-34.8862,0
            138.74693,-34.88624,0
            138.74697,-34.88627,0
            138.74704,-34.88629,0
            138.74713,-34.88633,0
            138.74725,-34.88629,0
            138.74731,-34.88626,0
            138.74738,-34.88621,0
            138.74754,-34.88612,0
            138.74759,-34.8861,0
            138.74763,-34.88609,0
            138.74766,-34.88609,0
            138.74768,-34.8861,0
            138.74771,-34.88611,0
            138.74775,-34.88612,0
            138.74777,-34.88614,0
            138.74779,-34.88617,0
            138.74781,-34.88622,0
            138.74782,-34.88624,0
            138.74783,-34.88632,0
            138.74782,-34.88663,0
            138.74784,-34.88668,0
            138.74786,-34.88671,0
            138.7479,-34.88675,0
            138.74792,-34.88677,0
            138.74799,-34.88682,0
            138.74809,-34.88687,0
            138.74821,-34.88691,0
            138.74832,-34.88693,0
            138.7484,-34.88694,0
            138.74848,-34.88695,0
            138.74856,-34.88697,0
            138.74863,-34.88701,0
            138.74873,-34.88706,0
            138.74899,-34.88722,0
            138.74902,-34.88724,0
            138.74905,-34.88726,0
            138.74906,-34.88728,0
            138.74907,-34.88729,0
            138.74907,-34.88732,0
            138.74907,-34.88734,0
            138.74907,-34.88739,0
            138.74903,-34.88751,0
            138.74898,-34.88763,0
            138.74897,-34.8877,0
            138.74897,-34.88772,0
            138.74898,-34.88774,0
            138.74902,-34.8878,0
            138.74907,-34.88787,0
            138.74918,-34.88801,0
            138.74922,-34.88808,0
            138.74923,-34.88809,0
            138.74924,-34.88811,0
            138.74924,-34.88812,0
            138.74923,-34.88813,0
            138.74923,-34.88814,0
            138.74921,-34.88815,0
            138.74919,-34.88817,0
            138.74914,-34.8882,0
            138.74898,-34.88823,0
            138.74889,-34.88816,0
            138.74882,-34.88812,0
            138.74869,-34.88808,0
            138.7486,-34.88806,0
            138.74845,-34.88802,0
            138.74837,-34.88799,0
            138.7482,-34.88794,0
            138.74799,-34.88792,0
            138.74777,-34.88793,0
            138.74772,-34.88793,0
            138.74744,-34.88793,0
            138.74702,-34.88783,0
            138.74685,-34.88783,0
            138.74664,-34.88784,0
            138.74641,-34.88788,0
            138.74616,-34.88792,0
            138.74604,-34.88792,0
            138.74596,-34.88794,0
            138.74588,-34.88796,0
            138.74576,-34.88799,0
            138.74566,-34.888,0
            138.74556,-34.88798,0
            138.74551,-34.88797,0
            138.74547,-34.88796,0
            138.74546,-34.88794,0
            138.74544,-34.88793,0
            138.74541,-34.8879,0
            138.74538,-34.88786,0
            138.74536,-34.88783,0
            138.74533,-34.88778,0
            138.74529,-34.88772,0
            138.74524,-34.88767,0
            138.74518,-34.88764,0
            138.74515,-34.88762,0
            138.7451,-34.8876,0
            138.74506,-34.88759,0
            138.74501,-34.88759,0
            138.74499,-34.8876,0
            138.74491,-34.88762,0
            138.74483,-34.88764,0
            138.74477,-34.88765,0
            138.74474,-34.88766,0
            138.74468,-34.88766,0
            138.74457,-34.88765,0
            138.74454,-34.88764,0
            138.74443,-34.88762,0
            138.74433,-34.8876,0
            138.74431,-34.8876,0
            138.74423,-34.8876,0
            138.7442,-34.8876,0
            138.74415,-34.88761,0
            138.74411,-34.88763,0
            138.74407,-34.88765,0
            138.74406,-34.88767,0
            138.74401,-34.88774,0
            138.7439,-34.88795,0
            138.74382,-34.88808,0
            138.74381,-34.8881,0
            138.74378,-34.88814,0
            138.7437,-34.88822,0
            138.74357,-34.88831,0
            138.74349,-34.88834,0
            138.74348,-34.88835,0
            138.74333,-34.88838,0
            138.74319,-34.88841,0
            138.74309,-34.88841,0
            138.74296,-34.8884,0
            138.74291,-34.88839,0
            138.74262,-34.88828,0
            138.74253,-34.88825,0
            138.74248,-34.88823,0
            138.74241,-34.88822,0
            138.74233,-34.88822,0
            138.74227,-34.88823,0
            138.7422,-34.88825,0
            138.74213,-34.8883,0
            138.74207,-34.88835,0
            138.74204,-34.88839,0
            138.742,-34.88843,0
            138.74196,-34.8885,0
            138.74189,-34.88864,0
            138.74185,-34.88875,0
            138.74183,-34.88883,0
            138.7418,-34.88896,0
            138.74175,-34.88909,0
            138.74169,-34.88919,0
            138.74162,-34.88925,0
            138.74156,-34.8893,0
            138.74148,-34.88935,0
            138.74131,-34.88944,0
            138.74109,-34.88957,0
            138.74079,-34.8898,0
            138.74058,-34.88993,0
          </coordinates>
        </LineString>
      </Placemark>
      <Placemark>
        <name>1105 Gorge Rd, Castambul SA 5076, Australia</name>
        <styleUrl>#icon-1899-DB4436-nodesc</styleUrl>
        <Point>
          <coordinates>
            138.7527279,-34.8695233,0
          </coordinates>
        </Point>
      </Placemark>
      <Placemark>
        <name>814D Montacute Rd, Montacute SA 5134, Australia</name>
        <styleUrl>#icon-1899-DB4436-nodesc</styleUrl>
        <Point>
          <coordinates>
            138.7405799,-34.8899312,0
          </coordinates>
        </Point>
      </Placemark>
    </Folder>
    <Folder>
      <name><![CDATA[SS15 & SS19 OLD NORTON SUMMIT 1 & 2]]></name>
      <Placemark>
        <name><![CDATA[SS15 & SS19 OLD NORTON SUMMIT 1 & 2]]></name>
        <styleUrl>#line-1267FF-5000-nodesc</styleUrl>
        <LineString>
          <tessellate>1</tessellate>
          <coordinates>
            138.69786,-34.92124,0
            138.69804,-34.92134,0
            138.69821,-34.92143,0
            138.69833,-34.9215,0
            138.69849,-34.92161,0
            138.69858,-34.92166,0
            138.69865,-34.9217,0
            138.69868,-34.92171,0
            138.69875,-34.92173,0
            138.69885,-34.92176,0
            138.6989,-34.92178,0
            138.69895,-34.92178,0
            138.69897,-34.92178,0
            138.69904,-34.92178,0
            138.6991,-34.92178,0
            138.69915,-34.92178,0
            138.69923,-34.92177,0
            138.6993,-34.92175,0
            138.69937,-34.92173,0
            138.69943,-34.92172,0
            138.69958,-34.92166,0
            138.69963,-34.92165,0
            138.69969,-34.92163,0
            138.69975,-34.92162,0
            138.69979,-34.92161,0
            138.69983,-34.9216,0
            138.70003,-34.92161,0
            138.70005,-34.92161,0
            138.70021,-34.92162,0
            138.70027,-34.92163,0
            138.70044,-34.92164,0
            138.70049,-34.92164,0
            138.70062,-34.92165,0
            138.70074,-34.92166,0
            138.70079,-34.92166,0
            138.70083,-34.92166,0
            138.70089,-34.92166,0
            138.70092,-34.92165,0
            138.70093,-34.92165,0
            138.701,-34.92164,0
            138.7011,-34.92161,0
            138.70113,-34.9216,0
            138.70128,-34.92156,0
            138.70134,-34.92155,0
            138.70136,-34.92154,0
            138.70142,-34.92153,0
            138.70146,-34.92152,0
            138.7015,-34.92152,0
            138.70156,-34.92151,0
            138.70157,-34.92151,0
            138.70163,-34.92151,0
            138.70167,-34.9215,0
            138.70171,-34.92151,0
            138.70182,-34.92152,0
            138.70193,-34.92153,0
            138.70199,-34.92154,0
            138.7022,-34.92158,0
            138.70232,-34.9216,0
            138.70235,-34.92161,0
            138.70242,-34.92162,0
            138.70244,-34.92162,0
            138.70249,-34.92162,0
            138.70253,-34.92163,0
            138.7026,-34.92163,0
            138.70264,-34.92163,0
            138.70269,-34.92164,0
            138.70274,-34.92164,0
            138.70278,-34.92164,0
            138.70282,-34.92164,0
            138.70286,-34.92163,0
            138.70288,-34.92163,0
            138.70293,-34.92163,0
            138.70307,-34.92162,0
            138.70308,-34.92162,0
            138.70315,-34.92161,0
            138.70326,-34.9216,0
            138.70329,-34.9216,0
            138.70332,-34.9216,0
            138.70336,-34.9216,0
            138.70339,-34.9216,0
            138.70342,-34.9216,0
            138.70346,-34.9216,0
            138.70353,-34.92161,0
            138.70359,-34.92162,0
            138.70373,-34.92165,0
            138.70374,-34.92165,0
            138.70382,-34.92167,0
            138.70387,-34.92168,0
            138.70394,-34.92168,0
            138.70395,-34.92168,0
            138.70407,-34.92168,0
            138.70416,-34.92168,0
            138.70427,-34.92168,0
            138.70436,-34.92168,0
            138.70442,-34.92168,0
            138.7045,-34.92168,0
            138.70458,-34.92168,0
            138.7046,-34.92169,0
            138.70464,-34.92169,0
            138.70478,-34.92171,0
            138.70487,-34.92173,0
            138.70497,-34.92175,0
            138.70507,-34.92177,0
            138.70523,-34.9218,0
            138.70524,-34.9218,0
            138.70529,-34.92181,0
            138.70533,-34.92182,0
            138.70538,-34.92182,0
            138.70545,-34.92182,0
            138.70551,-34.92182,0
            138.70558,-34.92182,0
            138.70567,-34.92181,0
            138.70576,-34.9218,0
            138.70582,-34.9218,0
            138.70589,-34.9218,0
            138.70602,-34.9218,0
            138.70609,-34.9218,0
            138.70618,-34.9218,0
            138.70628,-34.92181,0
            138.70633,-34.92182,0
            138.70639,-34.92183,0
            138.70647,-34.92184,0
            138.70653,-34.92184,0
            138.70658,-34.92185,0
            138.70662,-34.92185,0
            138.70666,-34.92186,0
            138.70669,-34.92186,0
            138.70674,-34.92186,0
            138.7068,-34.92185,0
            138.70688,-34.92184,0
            138.70698,-34.92183,0
            138.70714,-34.9218,0
            138.70728,-34.92177,0
            138.70734,-34.92176,0
            138.70739,-34.92175,0
            138.70744,-34.92173,0
            138.70749,-34.92172,0
            138.70754,-34.9217,0
            138.7076,-34.92168,0
            138.70769,-34.92164,0
            138.70775,-34.92162,0
            138.70785,-34.92158,0
            138.70791,-34.92156,0
            138.70794,-34.92155,0
            138.70798,-34.92154,0
            138.708,-34.92153,0
            138.70804,-34.92152,0
            138.70811,-34.92151,0
            138.70819,-34.92148,0
            138.70825,-34.92147,0
            138.7083,-34.92145,0
            138.70835,-34.92144,0
            138.7084,-34.92143,0
            138.70842,-34.92142,0
            138.70845,-34.92141,0
            138.70848,-34.9214,0
            138.7085,-34.92139,0
            138.70853,-34.92137,0
            138.70856,-34.92136,0
            138.7086,-34.92133,0
            138.70864,-34.92131,0
            138.70869,-34.92128,0
            138.70874,-34.92125,0
            138.70883,-34.92119,0
            138.70887,-34.92116,0
            138.70894,-34.92111,0
            138.70897,-34.92108,0
            138.709,-34.92107,0
            138.70902,-34.92106,0
            138.70906,-34.92103,0
            138.70908,-34.92102,0
            138.7091,-34.92101,0
            138.70913,-34.921,0
            138.70919,-34.92098,0
            138.70924,-34.92096,0
            138.70927,-34.92095,0
            138.7093,-34.92095,0
            138.70933,-34.92094,0
            138.70935,-34.92094,0
            138.7094,-34.92093,0
            138.70945,-34.92093,0
            138.70948,-34.92094,0
            138.70954,-34.92094,0
            138.7096,-34.92095,0
            138.70964,-34.92096,0
            138.7097,-34.92097,0
            138.70985,-34.92101,0
            138.70989,-34.92102,0
            138.70992,-34.92103,0
            138.70998,-34.92104,0
            138.71001,-34.92104,0
            138.71005,-34.92105,0
            138.71009,-34.92105,0
            138.71012,-34.92105,0
            138.71015,-34.92106,0
            138.71022,-34.92106,0
            138.71027,-34.92106,0
            138.71039,-34.92105,0
            138.71058,-34.92104,0
            138.71069,-34.92104,0
            138.71083,-34.92105,0
            138.71094,-34.92105,0
            138.711,-34.92105,0
            138.71108,-34.92106,0
            138.71114,-34.92107,0
            138.71118,-34.92107,0
            138.71128,-34.92109,0
            138.71139,-34.92111,0
            138.71154,-34.92115,0
            138.71173,-34.9212,0
            138.71185,-34.92123,0
            138.71198,-34.92126,0
            138.71206,-34.92128,0
            138.71212,-34.92129,0
            138.71226,-34.92132,0
            138.71234,-34.92134,0
            138.71239,-34.92135,0
            138.7126,-34.92139,0
            138.71266,-34.92141,0
            138.71271,-34.92141,0
            138.71275,-34.92142,0
            138.71279,-34.92143,0
            138.71284,-34.92143,0
            138.71289,-34.92144,0
            138.71293,-34.92144,0
            138.71299,-34.92145,0
            138.71304,-34.92145,0
            138.71315,-34.92145,0
            138.71329,-34.92145,0
            138.71345,-34.92145,0
            138.71365,-34.92144,0
            138.71371,-34.92144,0
            138.71379,-34.92144,0
            138.71385,-34.92145,0
            138.71391,-34.92145,0
            138.71396,-34.92145,0
            138.714,-34.92146,0
            138.71402,-34.92146,0
            138.71409,-34.92147,0
            138.71415,-34.92147,0
            138.71421,-34.92148,0
            138.71427,-34.9215,0
            138.71434,-34.92151,0
            138.71438,-34.92152,0
            138.71447,-34.92154,0
            138.71453,-34.92155,0
            138.71458,-34.92156,0
            138.71464,-34.92156,0
            138.71469,-34.92156,0
            138.71472,-34.92156,0
            138.71479,-34.92157,0
            138.7149,-34.92156,0
            138.71499,-34.92156,0
            138.71518,-34.92154,0
            138.71531,-34.92153,0
            138.71539,-34.92153,0
            138.71544,-34.92153,0
            138.71549,-34.92153,0
            138.71553,-34.92153,0
            138.71556,-34.92154,0
            138.71561,-34.92155,0
            138.71564,-34.92155,0
            138.71568,-34.92157,0
            138.71572,-34.92158,0
            138.71582,-34.92162,0
            138.71587,-34.92164,0
            138.71592,-34.92166,0
            138.71602,-34.92168,0
            138.71613,-34.9217,0
            138.71614,-34.92171,0
            138.7162,-34.92171,0
            138.71624,-34.92171,0
            138.71629,-34.9217,0
            138.71634,-34.9217,0
            138.71638,-34.9217,0
            138.71643,-34.9217,0
            138.71653,-34.92169,0
            138.71659,-34.92168,0
            138.71665,-34.92167,0
            138.71667,-34.92167,0
            138.7167,-34.92166,0
            138.7168,-34.92164,0
            138.71686,-34.92163,0
            138.71691,-34.92163,0
            138.71695,-34.92162,0
            138.717,-34.92162,0
            138.71704,-34.92162,0
            138.71706,-34.92163,0
            138.71708,-34.92163,0
            138.7171,-34.92163,0
            138.71713,-34.92164,0
            138.71716,-34.92164,0
            138.71719,-34.92165,0
            138.71722,-34.92166,0
            138.71723,-34.92167,0
            138.71728,-34.9217,0
            138.71734,-34.92173,0
            138.7174,-34.92178,0
            138.71745,-34.92182,0
            138.7175,-34.92187,0
            138.71758,-34.92195,0
            138.71762,-34.92199,0
            138.71767,-34.92204,0
            138.71773,-34.92208,0
            138.71776,-34.92211,0
            138.71779,-34.92213,0
            138.71783,-34.92216,0
            138.71787,-34.92219,0
            138.71793,-34.92222,0
            138.718,-34.92225,0
            138.71802,-34.92227,0
            138.71805,-34.92228,0
            138.7181,-34.9223,0
            138.71814,-34.92233,0
            138.71817,-34.92235,0
            138.71821,-34.92238,0
            138.71825,-34.9224,0
            138.71829,-34.92244,0
            138.71833,-34.92248,0
            138.71835,-34.92251,0
            138.71836,-34.92253,0
            138.71837,-34.92255,0
            138.71838,-34.92258,0
            138.71839,-34.92261,0
            138.71839,-34.92264,0
            138.71839,-34.92266,0
            138.71839,-34.9227,0
            138.71839,-34.92278,0
            138.71839,-34.92285,0
            138.71839,-34.92297,0
            138.7184,-34.92313,0
            138.7184,-34.92319,0
            138.7184,-34.92324,0
            138.7184,-34.92328,0
            138.7184,-34.92331,0
            138.7184,-34.92334,0
            138.71839,-34.92337,0
            138.71839,-34.92342,0
            138.71839,-34.92347,0
            138.71838,-34.92354,0
            138.71837,-34.92358,0
            138.71837,-34.9236,0
            138.71835,-34.92366,0
            138.71833,-34.92374,0
            138.71831,-34.92383,0
            138.71827,-34.92393,0
            138.71823,-34.92406,0
            138.7182,-34.92414,0
            138.71817,-34.92422,0
            138.71813,-34.92438,0
            138.71808,-34.92455,0
            138.71806,-34.92462,0
            138.71804,-34.9247,0
            138.71803,-34.92476,0
            138.71803,-34.92482,0
            138.71803,-34.92486,0
            138.71803,-34.92493,0
            138.71803,-34.92496,0
            138.71804,-34.92502,0
            138.71805,-34.92506,0
            138.71806,-34.92511,0
            138.71808,-34.9252,0
            138.71814,-34.9255,0
            138.71815,-34.92553,0
            138.71815,-34.92555,0
            138.71817,-34.92567,0
            138.71819,-34.92575,0
            138.71819,-34.92579,0
            138.7182,-34.92583,0
            138.71821,-34.92587,0
            138.71822,-34.9259,0
            138.71822,-34.92592,0
            138.71823,-34.92594,0
            138.71824,-34.92597,0
            138.71825,-34.926,0
            138.71826,-34.92602,0
            138.71828,-34.92606,0
            138.71834,-34.92615,0
            138.71838,-34.9262,0
            138.71841,-34.92624,0
            138.71843,-34.92627,0
            138.71844,-34.9263,0
            138.71848,-34.92637,0
            138.7185,-34.92641,0
            138.71851,-34.92644,0
            138.71853,-34.92648,0
            138.71854,-34.92652,0
            138.71855,-34.92655,0
            138.71858,-34.92658,0
            138.7186,-34.92662,0
            138.71862,-34.92665,0
            138.71866,-34.92668,0
            138.7187,-34.92671,0
            138.71873,-34.92674,0
            138.7188,-34.92678,0
            138.71888,-34.92682,0
            138.71898,-34.92687,0
            138.71904,-34.9269,0
            138.71906,-34.92691,0
            138.71911,-34.92694,0
            138.71915,-34.92695,0
            138.71918,-34.92696,0
            138.71921,-34.92696,0
            138.71924,-34.92696,0
            138.71926,-34.92696,0
            138.71927,-34.92696,0
            138.71929,-34.92694,0
            138.71931,-34.92693,0
            138.71932,-34.92692,0
            138.71933,-34.92691,0
            138.71934,-34.9269,0
            138.71935,-34.92688,0
            138.71935,-34.92687,0
            138.71935,-34.92686,0
            138.71935,-34.92685,0
            138.71936,-34.92683,0
            138.71935,-34.92683,0
            138.71935,-34.92682,0
            138.71935,-34.9268,0
            138.71935,-34.92679,0
            138.71934,-34.92676,0
            138.71934,-34.92674,0
            138.71933,-34.92672,0
            138.71931,-34.92669,0
            138.71929,-34.92666,0
            138.71927,-34.92663,0
            138.71926,-34.92662,0
            138.71922,-34.92658,0
            138.7192,-34.92655,0
            138.71916,-34.9265,0
            138.71913,-34.92647,0
            138.71912,-34.92644,0
            138.7191,-34.9264,0
            138.71908,-34.92634,0
            138.71906,-34.92626,0
            138.71904,-34.9262,0
            138.71904,-34.92618,0
            138.719,-34.92599,0
            138.71899,-34.92596,0
            138.71897,-34.92583,0
            138.71896,-34.92578,0
            138.71894,-34.92558,0
            138.71893,-34.92553,0
            138.71892,-34.92547,0
            138.71892,-34.92545,0
            138.71892,-34.92543,0
            138.71892,-34.9254,0
            138.71893,-34.92537,0
            138.71894,-34.92534,0
            138.71894,-34.92532,0
            138.71896,-34.92527,0
            138.71897,-34.92525,0
            138.71899,-34.92522,0
            138.71901,-34.92519,0
            138.71902,-34.92517,0
            138.71903,-34.92515,0
            138.71906,-34.92511,0
            138.7191,-34.92506,0
            138.71919,-34.92496,0
            138.71925,-34.92488,0
            138.71932,-34.9248,0
            138.71938,-34.9247,0
            138.71943,-34.92462,0
            138.7195,-34.9245,0
            138.71953,-34.92445,0
            138.71958,-34.92433,0
            138.7196,-34.92429,0
            138.71961,-34.92426,0
            138.71964,-34.92423,0
            138.71966,-34.92421,0
            138.71967,-34.9242,0
            138.7197,-34.92418,0
            138.71972,-34.92417,0
            138.71974,-34.92416,0
            138.71977,-34.92415,0
            138.71979,-34.92415,0
            138.71981,-34.92415,0
            138.71984,-34.92415,0
            138.71987,-34.92416,0
            138.71989,-34.92416,0
            138.71991,-34.92416,0
            138.71994,-34.92417,0
            138.72,-34.92419,0
            138.72011,-34.92422,0
            138.72013,-34.92423,0
            138.72021,-34.92426,0
            138.72026,-34.92427,0
            138.72035,-34.9243,0
            138.7204,-34.92432,0
            138.72051,-34.92436,0
            138.72059,-34.92438,0
            138.72073,-34.92443,0
            138.72082,-34.92446,0
            138.7209,-34.92449,0
            138.72097,-34.92452,0
            138.72105,-34.92455,0
            138.72113,-34.92458,0
            138.72116,-34.92459,0
            138.72118,-34.9246,0
            138.72121,-34.9246,0
            138.72124,-34.92461,0
            138.72126,-34.92462,0
            138.72132,-34.92463,0
            138.72135,-34.92463,0
            138.72139,-34.92464,0
            138.72142,-34.92464,0
            138.72147,-34.92464,0
            138.72153,-34.92464,0
            138.72159,-34.92464,0
            138.72168,-34.92465,0
            138.72178,-34.92465,0
            138.72184,-34.92465,0
            138.72189,-34.92466,0
            138.72193,-34.92466,0
            138.72196,-34.92467,0
            138.722,-34.92468,0
            138.72215,-34.92471,0
            138.72221,-34.92472,0
            138.72222,-34.92472,0
            138.72233,-34.92475,0
            138.72254,-34.92482,0
            138.72285,-34.92492,0
            138.72293,-34.92495,0
            138.72297,-34.92496,0
            138.72303,-34.92498,0
            138.7231,-34.92499,0
            138.72313,-34.925,0
            138.72316,-34.925,0
            138.7232,-34.925,0
            138.72322,-34.925,0
            138.72329,-34.92498,0
            138.72335,-34.92496,0
            138.7234,-34.92494,0
            138.72344,-34.92491,0
            138.72345,-34.92491,0
            138.72349,-34.92487,0
            138.72352,-34.92484,0
            138.72357,-34.92479,0
            138.7236,-34.92473,0
            138.72363,-34.92468,0
            138.72365,-34.92463,0
            138.72367,-34.92459,0
            138.72368,-34.92454,0
            138.72368,-34.9245,0
            138.72369,-34.92443,0
            138.72369,-34.92432,0
            138.72371,-34.92426,0
            138.72373,-34.9242,0
            138.72375,-34.92415,0
            138.72384,-34.92405,0
            138.72393,-34.92394,0
            138.72403,-34.92382,0
            138.72414,-34.9237,0
            138.72419,-34.92363,0
            138.72423,-34.92356,0
            138.72426,-34.92352,0
            138.72427,-34.92348,0
            138.72428,-34.92345,0
            138.72428,-34.9234,0
            138.72428,-34.92336,0
            138.72428,-34.92326,0
            138.72429,-34.92321,0
            138.72429,-34.92319,0
            138.7243,-34.92316,0
            138.72432,-34.92312,0
            138.72434,-34.9231,0
            138.72436,-34.92307,0
            138.7244,-34.92304,0
            138.72443,-34.92302,0
            138.72446,-34.923,0
            138.72457,-34.92294,0
            138.72461,-34.92293,0
          </coordinates>
        </LineString>
      </Placemark>
      <Placemark>
        <name><![CDATA[Old Norton Summit Rd & Horsenells Gully Rd]]></name>
        <styleUrl>#icon-1899-DB4436-nodesc</styleUrl>
        <Point>
          <coordinates>
            138.6978559,-34.9212445,0
          </coordinates>
        </Point>
      </Placemark>
      <Placemark>
        <name>505 Old Norton Summit Rd, Norton Summit SA 5136, Australia</name>
        <styleUrl>#icon-1899-DB4436-nodesc</styleUrl>
        <Point>
          <coordinates>
            138.7246131,-34.9229269,0
          </coordinates>
        </Point>
      </Placemark>
    </Folder>
    <Folder>
      <name>SS16 FOREST RANGE</name>
      <Placemark>
        <name>SS16 FOREST RANGE</name>
        <styleUrl>#line-1267FF-5000-nodesc</styleUrl>
        <LineString>
          <tessellate>1</tessellate>
          <coordinates>
            138.77018,-34.94018,0
            138.77021,-34.94021,0
            138.77024,-34.94023,0
            138.77027,-34.94027,0
            138.7703,-34.94031,0
            138.77032,-34.94035,0
            138.77038,-34.94046,0
            138.77045,-34.9406,0
            138.77054,-34.94075,0
            138.77056,-34.94078,0
            138.77058,-34.94082,0
            138.77061,-34.94085,0
            138.77062,-34.94087,0
            138.77066,-34.94091,0
            138.7707,-34.94094,0
            138.77074,-34.94097,0
            138.77084,-34.94104,0
            138.7709,-34.94108,0
            138.77093,-34.94111,0
            138.77096,-34.94114,0
            138.77099,-34.9412,0
            138.771,-34.94123,0
            138.771,-34.94134,0
            138.77096,-34.94157,0
            138.77096,-34.94166,0
            138.77094,-34.94183,0
            138.77091,-34.94205,0
            138.7709,-34.94213,0
            138.77089,-34.9422,0
            138.77088,-34.94222,0
            138.77087,-34.94224,0
            138.77084,-34.94231,0
            138.7708,-34.94238,0
            138.77074,-34.94246,0
            138.77071,-34.94251,0
            138.77068,-34.94254,0
            138.77067,-34.94256,0
            138.77065,-34.94262,0
            138.77062,-34.94272,0
            138.77059,-34.94285,0
            138.77055,-34.94319,0
            138.77054,-34.9433,0
            138.77052,-34.94344,0
            138.77051,-34.94349,0
            138.77052,-34.94352,0
            138.77052,-34.94357,0
            138.77053,-34.94361,0
            138.77055,-34.94364,0
            138.77056,-34.94367,0
            138.77058,-34.94371,0
            138.7706,-34.94374,0
            138.77061,-34.94375,0
            138.77063,-34.94378,0
            138.77066,-34.9438,0
            138.77069,-34.94382,0
            138.77073,-34.94385,0
            138.7708,-34.94387,0
            138.77083,-34.94388,0
            138.77088,-34.94389,0
            138.7709,-34.94389,0
            138.77093,-34.94389,0
            138.77096,-34.94389,0
            138.77099,-34.94389,0
            138.77101,-34.94388,0
            138.77104,-34.94386,0
            138.77106,-34.94385,0
            138.77108,-34.94382,0
            138.7711,-34.9438,0
            138.77111,-34.94377,0
            138.77112,-34.94376,0
            138.77113,-34.94372,0
            138.77114,-34.94366,0
            138.77114,-34.94364,0
            138.77115,-34.94355,0
            138.77117,-34.94345,0
            138.77117,-34.94341,0
            138.77118,-34.94338,0
            138.77119,-34.94336,0
            138.77121,-34.94334,0
            138.77122,-34.94332,0
            138.77124,-34.9433,0
            138.77127,-34.94329,0
            138.77129,-34.94327,0
            138.77135,-34.94326,0
            138.77138,-34.94326,0
            138.7714,-34.94326,0
            138.77143,-34.94326,0
            138.77145,-34.94326,0
            138.7715,-34.94326,0
            138.77155,-34.94328,0
            138.7716,-34.94328,0
            138.77163,-34.94328,0
            138.77167,-34.94328,0
            138.77171,-34.94327,0
            138.77175,-34.94325,0
            138.77177,-34.94324,0
            138.7718,-34.94322,0
            138.77182,-34.94319,0
            138.77183,-34.94317,0
            138.77183,-34.94315,0
            138.77184,-34.94311,0
            138.77184,-34.94306,0
            138.77184,-34.94301,0
            138.77183,-34.94294,0
            138.77182,-34.94286,0
            138.77181,-34.94278,0
            138.77181,-34.94274,0
            138.77182,-34.94271,0
            138.77184,-34.94268,0
            138.77186,-34.94266,0
            138.77193,-34.9426,0
            138.77197,-34.94257,0
            138.77207,-34.9425,0
            138.77213,-34.94247,0
            138.77215,-34.94245,0
            138.77219,-34.94242,0
            138.77222,-34.94239,0
            138.77224,-34.94235,0
            138.77227,-34.9423,0
            138.77228,-34.94227,0
            138.77233,-34.94217,0
            138.77235,-34.94213,0
            138.77238,-34.94208,0
            138.77242,-34.94202,0
            138.77249,-34.94195,0
            138.77254,-34.9419,0
            138.77258,-34.94186,0
            138.77263,-34.94181,0
            138.77271,-34.94174,0
            138.77281,-34.94167,0
            138.7729,-34.94164,0
            138.77293,-34.94163,0
            138.77296,-34.94163,0
            138.77301,-34.94163,0
            138.77305,-34.94163,0
            138.77316,-34.94166,0
            138.77322,-34.94169,0
            138.77329,-34.94175,0
            138.7733,-34.94176,0
            138.77338,-34.94183,0
            138.77348,-34.94195,0
            138.77359,-34.9421,0
            138.77378,-34.94239,0
            138.77386,-34.9425,0
            138.77392,-34.94257,0
            138.77396,-34.94262,0
            138.77403,-34.94269,0
            138.77411,-34.94274,0
            138.77422,-34.94282,0
            138.77428,-34.94286,0
            138.77435,-34.94289,0
            138.7744,-34.94292,0
            138.77449,-34.94295,0
            138.77465,-34.94301,0
            138.77476,-34.94305,0
            138.77483,-34.94308,0
            138.77487,-34.94308,0
            138.77493,-34.94309,0
            138.77497,-34.94309,0
            138.775,-34.94309,0
            138.77503,-34.94309,0
            138.77505,-34.94308,0
            138.77507,-34.94308,0
            138.77509,-34.94307,0
            138.77511,-34.94306,0
            138.77513,-34.94305,0
            138.77515,-34.94304,0
            138.77517,-34.943,0
            138.77518,-34.94299,0
            138.77519,-34.94297,0
            138.77519,-34.94296,0
            138.7752,-34.94294,0
            138.77519,-34.94292,0
            138.77519,-34.94291,0
            138.77518,-34.94288,0
            138.77509,-34.94275,0
            138.77502,-34.94263,0
            138.775,-34.94261,0
            138.77498,-34.94256,0
            138.77498,-34.94254,0
            138.77497,-34.9425,0
            138.77496,-34.94247,0
            138.77496,-34.94243,0
            138.77495,-34.94229,0
            138.77495,-34.94225,0
            138.77495,-34.9422,0
            138.77495,-34.9421,0
            138.77495,-34.94189,0
            138.77496,-34.94173,0
            138.77496,-34.94159,0
            138.77495,-34.94148,0
            138.77494,-34.9414,0
            138.77493,-34.94132,0
            138.77495,-34.9412,0
            138.77497,-34.94115,0
            138.77501,-34.94103,0
            138.77502,-34.94094,0
            138.77503,-34.94086,0
            138.77503,-34.94077,0
            138.77503,-34.94069,0
            138.77503,-34.94065,0
            138.77505,-34.9406,0
            138.77511,-34.94045,0
            138.77514,-34.94038,0
            138.77518,-34.94031,0
            138.7753,-34.94013,0
            138.77535,-34.94007,0
            138.77538,-34.94003,0
            138.77541,-34.94001,0
            138.77545,-34.93998,0
            138.77549,-34.93996,0
            138.77552,-34.93995,0
            138.77561,-34.93992,0
            138.77566,-34.93991,0
            138.77576,-34.9399,0
            138.77592,-34.93992,0
            138.776,-34.93994,0
            138.77607,-34.93997,0
            138.7761,-34.93998,0
            138.77617,-34.94002,0
            138.77622,-34.94004,0
            138.77627,-34.94008,0
            138.77631,-34.9401,0
            138.77633,-34.94011,0
            138.7764,-34.94016,0
            138.7765,-34.94025,0
            138.77664,-34.94038,0
            138.77669,-34.94043,0
            138.77672,-34.94044,0
            138.77676,-34.94047,0
            138.77689,-34.94055,0
            138.77705,-34.94065,0
            138.77712,-34.94068,0
            138.77716,-34.9407,0
            138.77727,-34.94074,0
            138.77733,-34.94075,0
            138.77737,-34.94076,0
            138.77765,-34.94084,0
            138.77774,-34.94087,0
            138.77785,-34.94089,0
            138.77797,-34.94092,0
            138.77815,-34.94095,0
            138.77825,-34.94097,0
            138.7783,-34.94099,0
            138.77834,-34.94101,0
            138.77839,-34.94103,0
            138.77853,-34.94111,0
            138.77855,-34.94113,0
            138.7786,-34.94114,0
            138.77862,-34.94115,0
            138.77865,-34.94116,0
            138.77868,-34.94116,0
            138.77871,-34.94116,0
            138.77875,-34.94115,0
            138.7788,-34.94114,0
            138.77885,-34.94112,0
            138.77899,-34.94106,0
            138.77907,-34.94103,0
            138.7791,-34.94103,0
            138.77917,-34.94102,0
            138.77921,-34.94102,0
            138.77926,-34.94102,0
            138.77929,-34.94103,0
            138.77932,-34.94105,0
            138.77937,-34.94106,0
            138.7794,-34.94109,0
            138.77944,-34.94111,0
            138.77957,-34.94125,0
            138.78,-34.94162,0
            138.78005,-34.94165,0
            138.78011,-34.94167,0
            138.7802,-34.9417,0
            138.78026,-34.94172,0
            138.78029,-34.94173,0
            138.78033,-34.94173,0
            138.78036,-34.94174,0
            138.78039,-34.94174,0
            138.78041,-34.94174,0
            138.78043,-34.94174,0
            138.78045,-34.94173,0
            138.78046,-34.94173,0
            138.78049,-34.94172,0
            138.78051,-34.94172,0
            138.78052,-34.94171,0
            138.78054,-34.9417,0
            138.78055,-34.94169,0
            138.78056,-34.94168,0
            138.78057,-34.94167,0
            138.78058,-34.94166,0
            138.78058,-34.94165,0
            138.78059,-34.94163,0
            138.7806,-34.94161,0
            138.7806,-34.9416,0
            138.78064,-34.94149,0
            138.78066,-34.94143,0
            138.7807,-34.94138,0
            138.78073,-34.94135,0
            138.78078,-34.94131,0
            138.78083,-34.94126,0
            138.78088,-34.94122,0
            138.78093,-34.94121,0
            138.78102,-34.94118,0
            138.78111,-34.94118,0
            138.78132,-34.94119,0
            138.78158,-34.9412,0
            138.78171,-34.94121,0
            138.7818,-34.94122,0
            138.782,-34.94127,0
            138.78213,-34.94132,0
            138.78222,-34.94135,0
            138.78229,-34.94139,0
            138.78243,-34.94146,0
            138.78252,-34.9415,0
            138.78263,-34.94152,0
            138.78274,-34.94155,0
            138.78287,-34.94157,0
            138.78293,-34.94159,0
            138.78299,-34.94162,0
            138.78306,-34.94166,0
            138.7832,-34.94169,0
            138.78328,-34.9417,0
            138.78338,-34.94171,0
            138.78344,-34.94171,0
            138.78357,-34.94172,0
            138.78362,-34.94173,0
            138.78365,-34.94175,0
            138.78368,-34.94176,0
            138.78371,-34.94178,0
            138.78375,-34.94182,0
            138.78377,-34.94183,0
            138.78382,-34.94189,0
            138.78384,-34.94192,0
            138.78389,-34.94195,0
            138.78395,-34.94198,0
            138.78399,-34.94198,0
            138.78408,-34.94198,0
            138.78418,-34.94198,0
            138.78453,-34.94196,0
            138.78465,-34.94195,0
            138.78473,-34.94194,0
            138.78487,-34.94191,0
            138.78496,-34.94189,0
            138.78505,-34.94188,0
            138.78513,-34.94187,0
            138.78519,-34.94187,0
            138.78546,-34.94188,0
            138.78568,-34.94188,0
            138.78584,-34.94189,0
            138.78596,-34.94189,0
            138.78603,-34.94189,0
            138.78607,-34.94188,0
            138.7861,-34.94187,0
            138.78613,-34.94185,0
            138.78615,-34.94184,0
            138.7863,-34.94172,0
            138.78633,-34.9417,0
            138.78638,-34.94166,0
            138.78643,-34.94164,0
            138.78651,-34.9416,0
            138.78657,-34.94156,0
            138.7867,-34.94151,0
            138.78678,-34.94148,0
            138.78685,-34.94145,0
            138.78691,-34.94143,0
            138.787,-34.94141,0
            138.78709,-34.9414,0
            138.78718,-34.9414,0
            138.78726,-34.9414,0
            138.78736,-34.94141,0
            138.78747,-34.94142,0
            138.78753,-34.94141,0
            138.78758,-34.94141,0
            138.78762,-34.9414,0
            138.78764,-34.94139,0
            138.78766,-34.94138,0
            138.78767,-34.94137,0
            138.7877,-34.94135,0
            138.78772,-34.94133,0
            138.78772,-34.94132,0
            138.78773,-34.9413,0
            138.78774,-34.94127,0
            138.78775,-34.94119,0
            138.78775,-34.94115,0
            138.78776,-34.94113,0
            138.78776,-34.9411,0
            138.78777,-34.94108,0
            138.78778,-34.94105,0
            138.7878,-34.94101,0
            138.78783,-34.94097,0
            138.78787,-34.94092,0
            138.78789,-34.9409,0
            138.78793,-34.94086,0
            138.78798,-34.94082,0
            138.78802,-34.94079,0
            138.78808,-34.94075,0
            138.78816,-34.94071,0
            138.7882,-34.94069,0
            138.78823,-34.94067,0
            138.78829,-34.94065,0
            138.78833,-34.94064,0
            138.78839,-34.94062,0
            138.78846,-34.94061,0
            138.78851,-34.9406,0
            138.78858,-34.9406,0
            138.78865,-34.9406,0
            138.78878,-34.9406,0
            138.78885,-34.9406,0
            138.78888,-34.94059,0
            138.78894,-34.94058,0
            138.789,-34.94056,0
            138.78912,-34.9405,0
            138.78944,-34.94032,0
            138.78968,-34.94019,0
            138.78976,-34.94014,0
            138.78982,-34.94011,0
            138.78987,-34.94007,0
            138.78992,-34.94003,0
            138.79,-34.93995,0
            138.79006,-34.93988,0
            138.79017,-34.93976,0
            138.79019,-34.93974,0
            138.79026,-34.93966,0
            138.79034,-34.93958,0
            138.79039,-34.93954,0
          </coordinates>
        </LineString>
      </Placemark>
      <Placemark>
        <name>782B Lobethal Rd, Basket Range SA 5138, Australia</name>
        <styleUrl>#icon-1899-DB4436-nodesc</styleUrl>
        <Point>
          <coordinates>
            138.7701765,-34.9401849,0
          </coordinates>
        </Point>
      </Placemark>
      <Placemark>
        <name>5 Mawson Rd, Basket Range SA 5138, Australia</name>
        <styleUrl>#icon-1899-DB4436-nodesc</styleUrl>
        <Point>
          <coordinates>
            138.7903861,-34.9395405,0
          </coordinates>
        </Point>
      </Placemark>
    </Folder>
    <Folder>
      <name>SS18 VISTA 2</name>
      <Placemark>
        <name>SS18 VISTA 2</name>
        <styleUrl>#line-1267FF-5000-nodesc</styleUrl>
        <LineString>
          <tessellate>1</tessellate>
          <coordinates>
            138.74704,-34.84069,0
            138.7468,-34.84074,0
            138.74665,-34.84078,0
            138.74649,-34.84082,0
            138.74639,-34.84086,0
            138.74626,-34.84092,0
            138.74593,-34.8411,0
            138.74583,-34.84114,0
            138.7458,-34.84116,0
            138.74577,-34.84117,0
            138.74573,-34.84117,0
            138.74569,-34.84117,0
            138.74561,-34.84116,0
            138.74552,-34.84115,0
            138.74544,-34.84115,0
            138.74537,-34.84116,0
            138.74532,-34.84118,0
            138.74518,-34.84124,0
            138.74507,-34.84129,0
            138.74495,-34.84131,0
            138.7448,-34.84132,0
            138.74462,-34.8413,0
            138.74447,-34.84127,0
            138.7444,-34.84125,0
            138.74421,-34.84118,0
            138.74408,-34.84115,0
            138.74394,-34.84113,0
            138.74383,-34.84113,0
            138.7436,-34.84113,0
            138.74347,-34.84114,0
            138.74335,-34.84114,0
            138.74294,-34.84119,0
            138.74292,-34.8412,0
            138.74287,-34.8412,0
            138.74275,-34.84122,0
            138.7427,-34.84123,0
            138.74265,-34.84123,0
            138.74261,-34.84123,0
            138.74258,-34.84123,0
            138.74254,-34.84122,0
            138.74251,-34.84121,0
            138.74247,-34.8412,0
            138.74239,-34.84117,0
            138.74235,-34.84115,0
            138.74231,-34.84114,0
            138.74226,-34.84112,0
            138.74221,-34.8411,0
            138.74216,-34.84109,0
            138.7421,-34.84108,0
            138.74193,-34.84108,0
            138.74178,-34.84108,0
            138.74153,-34.84106,0
            138.74149,-34.84105,0
            138.74143,-34.84105,0
            138.74137,-34.84103,0
            138.74134,-34.84103,0
            138.74127,-34.84101,0
            138.74125,-34.841,0
            138.74122,-34.84099,0
            138.74117,-34.84096,0
            138.74112,-34.84094,0
            138.74106,-34.84089,0
            138.74085,-34.84071,0
            138.74069,-34.84057,0
            138.74062,-34.84051,0
            138.74053,-34.84044,0
            138.74037,-34.84033,0
            138.74023,-34.84025,0
            138.74007,-34.84018,0
            138.73988,-34.84014,0
            138.73982,-34.84013,0
            138.73978,-34.84012,0
            138.73969,-34.84011,0
            138.73964,-34.8401,0
            138.73959,-34.8401,0
            138.73954,-34.84009,0
            138.73949,-34.84009,0
            138.73945,-34.84009,0
            138.7394,-34.84009,0
            138.73936,-34.84009,0
            138.73931,-34.84009,0
            138.73894,-34.84013,0
            138.73876,-34.84016,0
            138.73862,-34.84017,0
            138.73854,-34.84018,0
            138.73852,-34.84019,0
            138.73845,-34.8402,0
            138.73836,-34.84022,0
            138.73826,-34.84026,0
            138.73814,-34.84032,0
            138.73799,-34.8404,0
            138.73673,-34.84106,0
            138.73632,-34.84126,0
            138.73628,-34.84128,0
            138.73598,-34.84142,0
            138.7356,-34.84164,0
            138.73555,-34.84167,0
            138.73538,-34.84177,0
            138.73518,-34.84187,0
            138.73502,-34.84195,0
            138.73477,-34.84206,0
            138.73464,-34.84215,0
            138.73432,-34.84243,0
            138.73416,-34.84256,0
            138.73405,-34.84263,0
            138.73395,-34.84267,0
            138.73374,-34.84275,0
            138.73353,-34.84281,0
            138.73344,-34.84283,0
            138.73334,-34.84285,0
            138.73323,-34.84285,0
            138.73308,-34.84283,0
            138.73297,-34.8428,0
            138.73287,-34.84278,0
            138.7328,-34.84278,0
            138.73272,-34.84278,0
            138.73266,-34.84279,0
            138.73257,-34.84282,0
            138.73248,-34.84286,0
            138.73215,-34.84307,0
            138.73208,-34.84311,0
            138.73199,-34.84314,0
            138.73187,-34.84316,0
            138.73173,-34.84318,0
            138.73164,-34.84318,0
            138.73154,-34.84317,0
            138.73146,-34.84314,0
            138.7314,-34.8431,0
            138.73138,-34.84308,0
            138.73135,-34.84306,0
            138.73133,-34.84303,0
            138.73131,-34.843,0
            138.73129,-34.84294,0
            138.73128,-34.84286,0
            138.73128,-34.84273,0
            138.7313,-34.84251,0
            138.73131,-34.8422,0
            138.73129,-34.84207,0
            138.73128,-34.84197,0
            138.73118,-34.8415,0
            138.73118,-34.84146,0
            138.73118,-34.8414,0
            138.7312,-34.84136,0
            138.73122,-34.84131,0
            138.73129,-34.84115,0
            138.73138,-34.84099,0
            138.73144,-34.8409,0
            138.73148,-34.84081,0
            138.7315,-34.84075,0
            138.73151,-34.84073,0
            138.73152,-34.8407,0
            138.73153,-34.84067,0
            138.73154,-34.84064,0
            138.73155,-34.84058,0
            138.73155,-34.84055,0
            138.73155,-34.84053,0
            138.73155,-34.84052,0
            138.73155,-34.8405,0
            138.73155,-34.84049,0
            138.73154,-34.84046,0
            138.73152,-34.8404,0
            138.73146,-34.8403,0
            138.73142,-34.84025,0
            138.7314,-34.84022,0
            138.73133,-34.84015,0
            138.73125,-34.84004,0
            138.73112,-34.83985,0
            138.73102,-34.83967,0
            138.73095,-34.83952,0
            138.73088,-34.83941,0
            138.73072,-34.83921,0
            138.73071,-34.83918,0
            138.7307,-34.83916,0
            138.73068,-34.8391,0
            138.73068,-34.83907,0
            138.73067,-34.83905,0
            138.73067,-34.83901,0
            138.73067,-34.83896,0
            138.73072,-34.83858,0
            138.73072,-34.83853,0
            138.73072,-34.83846,0
            138.73071,-34.83837,0
            138.73071,-34.83834,0
            138.73069,-34.8383,0
            138.73069,-34.83828,0
            138.73067,-34.83826,0
            138.73066,-34.83824,0
            138.73064,-34.83821,0
            138.73061,-34.83816,0
            138.73056,-34.83812,0
            138.73045,-34.83805,0
            138.73039,-34.83802,0
            138.73033,-34.83798,0
            138.73027,-34.83792,0
            138.73023,-34.83787,0
            138.73015,-34.83777,0
            138.73005,-34.83762,0
            138.72997,-34.83752,0
            138.72984,-34.83741,0
            138.7298,-34.83739,0
            138.72976,-34.83737,0
            138.72972,-34.83735,0
            138.7297,-34.83734,0
            138.72967,-34.83734,0
            138.72965,-34.83733,0
            138.72948,-34.83729,0
            138.72931,-34.83726,0
            138.72924,-34.83725,0
            138.72901,-34.83721,0
            138.72885,-34.83719,0
            138.72862,-34.83718,0
            138.72844,-34.83717,0
            138.7282,-34.83717,0
            138.72808,-34.83716,0
            138.72801,-34.83715,0
            138.72789,-34.83713,0
            138.72771,-34.8371,0
            138.72757,-34.83708,0
            138.72749,-34.83708,0
            138.72744,-34.83708,0
            138.72741,-34.83708,0
            138.72738,-34.83709,0
            138.72719,-34.83714,0
            138.72704,-34.83718,0
            138.72684,-34.83726,0
            138.72672,-34.83732,0
            138.72665,-34.83735,0
            138.72659,-34.83739,0
            138.7265,-34.83746,0
            138.72569,-34.83817,0
            138.72555,-34.8383,0
            138.72547,-34.8384,0
            138.72543,-34.83845,0
            138.72539,-34.83853,0
            138.72536,-34.8386,0
            138.72533,-34.83867,0
            138.72529,-34.83878,0
            138.72527,-34.8389,0
            138.72523,-34.83918,0
            138.72523,-34.83924,0
            138.72521,-34.83967,0
            138.72521,-34.83982,0
            138.7252,-34.8399,0
            138.72519,-34.83994,0
            138.72518,-34.83997,0
            138.72517,-34.83999,0
            138.72516,-34.84001,0
            138.72514,-34.84003,0
            138.72513,-34.84005,0
            138.72512,-34.84006,0
            138.72506,-34.8401,0
            138.725,-34.84014,0
            138.72493,-34.84016,0
            138.7249,-34.84017,0
            138.72487,-34.84017,0
            138.72483,-34.84018,0
            138.7248,-34.84018,0
            138.7245,-34.84017,0
            138.72428,-34.84016,0
            138.72425,-34.84016,0
            138.7237,-34.84014,0
            138.72346,-34.84013,0
            138.72339,-34.84012,0
            138.7233,-34.84011,0
            138.72318,-34.84009,0
            138.72302,-34.84006,0
            138.72291,-34.84003,0
          </coordinates>
        </LineString>
      </Placemark>
      <Placemark>
        <name><![CDATA[Range Road South & Lower North East Rd, Paracombe SA]]></name>
        <styleUrl>#icon-1899-DB4436-nodesc</styleUrl>
        <Point>
          <coordinates>
            138.7470351,-34.840693,0
          </coordinates>
        </Point>
      </Placemark>
      <Placemark>
        <name><![CDATA[Perseverance Rd & Lower North East Rd ]]></name>
        <styleUrl>#icon-1899-DB4436-nodesc</styleUrl>
        <Point>
          <coordinates>
            138.7229098,-34.8400317,0
          </coordinates>
        </Point>
      </Placemark>
    </Folder>
    <Folder>
      <name>SS21 LEAWOOD GARDENS</name>
      <Placemark>
        <name>SS21 LEAWOOD GARDENS</name>
        <styleUrl>#line-1267FF-5000-nodesc</styleUrl>
        <LineString>
          <tessellate>1</tessellate>
          <coordinates>
            138.68654,-34.97967,0
            138.68653,-34.97965,0
            138.68647,-34.97952,0
            138.68643,-34.97939,0
            138.6864,-34.97927,0
            138.68637,-34.97911,0
            138.68635,-34.97897,0
            138.68636,-34.97883,0
            138.68636,-34.97877,0
            138.68637,-34.97865,0
            138.68639,-34.97811,0
            138.68638,-34.97783,0
            138.68635,-34.97772,0
            138.68632,-34.97757,0
            138.68627,-34.97741,0
            138.68622,-34.97731,0
            138.68617,-34.97721,0
            138.68611,-34.97711,0
            138.68605,-34.97702,0
            138.68597,-34.97693,0
            138.6859,-34.97685,0
            138.68581,-34.97677,0
            138.68571,-34.97668,0
            138.68553,-34.97655,0
            138.68527,-34.97643,0
            138.68507,-34.97636,0
            138.68494,-34.97632,0
            138.68479,-34.97628,0
            138.68465,-34.97626,0
            138.68442,-34.97623,0
            138.6842,-34.97621,0
            138.68396,-34.97619,0
            138.68346,-34.97617,0
            138.68214,-34.97609,0
            138.68179,-34.97608,0
            138.68155,-34.97605,0
            138.68133,-34.97602,0
            138.68112,-34.97598,0
            138.68087,-34.97591,0
            138.6808,-34.97589,0
            138.68035,-34.9758,0
            138.68004,-34.97574,0
            138.67991,-34.97571,0
            138.67969,-34.97567,0
            138.67906,-34.97562,0
            138.67899,-34.97561,0
            138.67884,-34.97561,0
            138.67867,-34.97559,0
            138.67863,-34.97558,0
            138.6785,-34.97557,0
            138.67832,-34.97554,0
            138.67814,-34.97551,0
            138.67812,-34.9755,0
            138.67791,-34.97546,0
            138.6778,-34.97543,0
            138.67758,-34.97536,0
            138.67738,-34.9753,0
            138.67717,-34.97523,0
            138.6771,-34.97521,0
            138.67691,-34.97514,0
            138.67689,-34.97513,0
            138.67649,-34.97499,0
            138.67644,-34.97497,0
            138.67608,-34.97485,0
            138.67467,-34.97435,0
            138.67454,-34.9743,0
            138.67438,-34.97424,0
            138.67428,-34.9742,0
            138.67424,-34.97419,0
            138.67413,-34.97416,0
            138.67404,-34.97413,0
            138.67395,-34.97412,0
            138.67385,-34.97412,0
            138.67377,-34.97412,0
            138.6737,-34.97412,0
            138.67364,-34.97413,0
            138.67361,-34.97413,0
            138.67358,-34.97413,0
            138.67356,-34.97414,0
            138.6735,-34.97415,0
            138.67345,-34.97417,0
            138.67338,-34.9742,0
            138.67326,-34.97425,0
            138.67314,-34.97434,0
            138.6731,-34.97438,0
            138.67308,-34.9744,0
            138.67306,-34.97443,0
            138.67303,-34.97445,0
            138.67301,-34.97448,0
            138.673,-34.9745,0
            138.67297,-34.97454,0
            138.67296,-34.97456,0
            138.67294,-34.97458,0
            138.67284,-34.97477,0
            138.67275,-34.97493,0
            138.67273,-34.97497,0
            138.67261,-34.9752,0
            138.67249,-34.97543,0
            138.67242,-34.97552,0
            138.67234,-34.97561,0
            138.6723,-34.97566,0
            138.67223,-34.97571,0
            138.67219,-34.97573,0
            138.67213,-34.97576,0
            138.67205,-34.97579,0
            138.67199,-34.97581,0
            138.6719,-34.97581,0
            138.67188,-34.97581,0
            138.67185,-34.97581,0
            138.67181,-34.97581,0
            138.67171,-34.9758,0
            138.67164,-34.9758,0
            138.67159,-34.97578,0
            138.6715,-34.97576,0
            138.67145,-34.97573,0
            138.6714,-34.9757,0
            138.67134,-34.97567,0
            138.67129,-34.97563,0
            138.67125,-34.97558,0
            138.67122,-34.97553,0
            138.6712,-34.97551,0
            138.67118,-34.97548,0
            138.67117,-34.97546,0
            138.67115,-34.97542,0
            138.67112,-34.97534,0
            138.67107,-34.9752,0
            138.67092,-34.9747,0
            138.67082,-34.9744,0
            138.67079,-34.97434,0
            138.67076,-34.97429,0
            138.67074,-34.97425,0
            138.67071,-34.97421,0
            138.67066,-34.97415,0
            138.6706,-34.9741,0
            138.67053,-34.97405,0
            138.6705,-34.97403,0
            138.67044,-34.974,0
            138.67034,-34.97395,0
            138.67021,-34.9739,0
            138.67013,-34.97386,0
            138.67004,-34.97383,0
            138.66993,-34.97379,0
            138.66985,-34.97376,0
            138.66978,-34.97373,0
            138.66969,-34.97368,0
            138.66963,-34.97364,0
            138.66954,-34.97358,0
            138.66948,-34.97353,0
            138.66944,-34.9735,0
            138.66942,-34.97347,0
            138.66939,-34.97343,0
            138.66936,-34.97339,0
            138.66934,-34.97335,0
            138.66929,-34.97325,0
            138.66923,-34.97316,0
            138.66922,-34.97313,0
            138.66915,-34.973,0
            138.66912,-34.97296,0
            138.66909,-34.97292,0
            138.669,-34.97282,0
            138.66892,-34.97275,0
            138.66885,-34.97271,0
            138.66877,-34.97267,0
            138.66872,-34.97265,0
            138.66868,-34.97264,0
            138.66865,-34.97263,0
            138.6686,-34.97262,0
            138.66857,-34.97262,0
            138.66853,-34.97261,0
            138.66844,-34.9726,0
            138.66837,-34.9726,0
            138.66829,-34.9726,0
            138.66816,-34.97261,0
            138.66809,-34.97262,0
            138.66801,-34.97264,0
            138.66797,-34.97265,0
            138.66796,-34.97265,0
            138.6679,-34.97266,0
            138.66779,-34.97269,0
            138.66768,-34.97272,0
            138.66757,-34.97277,0
            138.66749,-34.97282,0
            138.66736,-34.9729,0
            138.66723,-34.97299,0
            138.66708,-34.97312,0
            138.66692,-34.97326,0
            138.66688,-34.9733,0
            138.66677,-34.9734,0
            138.66665,-34.97351,0
            138.66654,-34.97362,0
            138.66646,-34.9737,0
            138.66642,-34.97374,0
            138.66638,-34.97379,0
            138.66635,-34.97383,0
            138.66632,-34.97387,0
            138.66629,-34.9739,0
            138.66624,-34.97398,0
            138.6662,-34.97405,0
            138.66614,-34.97415,0
            138.66608,-34.97426,0
            138.666,-34.97437,0
            138.66596,-34.97442,0
            138.66591,-34.97449,0
            138.66587,-34.97452,0
            138.66581,-34.97456,0
            138.66574,-34.9746,0
            138.6657,-34.97462,0
            138.66567,-34.97463,0
            138.66563,-34.97465,0
            138.66558,-34.97466,0
            138.66556,-34.97467,0
            138.66554,-34.97467,0
            138.66541,-34.97467,0
            138.66531,-34.97465,0
            138.6652,-34.97461,0
            138.66512,-34.97457,0
            138.66507,-34.97454,0
            138.66504,-34.97451,0
            138.665,-34.97448,0
            138.66497,-34.97445,0
            138.66495,-34.97442,0
            138.66494,-34.97441,0
            138.66492,-34.97438,0
            138.6649,-34.97434,0
            138.66488,-34.9743,0
            138.66487,-34.97426,0
            138.66486,-34.97421,0
            138.66485,-34.97416,0
            138.66485,-34.97411,0
            138.66484,-34.97399,0
            138.66483,-34.97374,0
            138.66482,-34.97345,0
            138.66483,-34.97325,0
            138.66484,-34.97301,0
            138.66486,-34.97274,0
            138.66488,-34.97253,0
            138.66488,-34.97236,0
            138.66488,-34.97233,0
            138.66488,-34.9723,0
            138.66488,-34.97227,0
            138.66487,-34.97225,0
            138.66486,-34.97222,0
            138.66485,-34.97219,0
            138.66482,-34.97213,0
            138.66481,-34.97209,0
            138.66479,-34.97205,0
            138.66477,-34.97203,0
            138.66475,-34.97199,0
            138.66471,-34.97195,0
            138.66464,-34.97187,0
            138.66453,-34.97178,0
            138.66443,-34.97168,0
            138.66438,-34.97163,0
            138.66435,-34.97159,0
            138.66431,-34.97154,0
            138.66427,-34.97146,0
            138.66426,-34.97143,0
            138.66424,-34.97136,0
            138.66423,-34.97131,0
            138.66422,-34.97125,0
            138.66422,-34.97119,0
            138.66423,-34.97114,0
            138.66425,-34.97109,0
            138.66427,-34.97105,0
            138.66429,-34.97102,0
            138.66432,-34.97097,0
            138.66434,-34.97095,0
            138.66436,-34.97092,0
            138.66439,-34.97089,0
            138.66444,-34.97084,0
            138.6645,-34.97079,0
            138.66454,-34.97077,0
            138.66459,-34.97074,0
            138.66467,-34.9707,0
            138.66481,-34.97063,0
            138.66497,-34.97056,0
            138.66506,-34.97052,0
            138.6651,-34.97051,0
            138.66514,-34.9705,0
            138.6653,-34.97043,0
            138.66544,-34.97038,0
            138.66556,-34.97034,0
            138.66563,-34.9703,0
            138.6657,-34.97027,0
            138.66578,-34.97022,0
            138.66584,-34.97018,0
            138.66587,-34.97015,0
            138.6659,-34.97012,0
            138.66592,-34.97009,0
            138.66594,-34.97005,0
            138.66594,-34.97004,0
            138.66595,-34.97001,0
            138.66596,-34.96996,0
            138.66596,-34.96994,0
            138.66594,-34.96985,0
            138.66593,-34.96979,0
            138.66591,-34.96974,0
            138.6659,-34.96967,0
            138.66589,-34.96964,0
            138.66589,-34.96959,0
            138.66589,-34.96951,0
            138.6659,-34.96945,0
            138.66591,-34.96941,0
            138.66593,-34.96937,0
            138.66594,-34.96934,0
            138.66597,-34.9693,0
            138.66599,-34.96927,0
            138.66603,-34.96925,0
            138.66609,-34.9692,0
            138.66613,-34.96918,0
            138.66616,-34.96916,0
            138.66621,-34.96914,0
            138.66625,-34.96913,0
            138.66629,-34.96912,0
            138.66633,-34.96912,0
            138.66638,-34.96911,0
            138.66644,-34.96911,0
            138.66646,-34.96912,0
            138.66656,-34.96913,0
            138.6666,-34.96914,0
            138.66665,-34.96916,0
            138.66675,-34.96921,0
            138.66682,-34.96926,0
            138.66689,-34.96932,0
            138.66696,-34.96937,0
            138.667,-34.96941,0
            138.66703,-34.96944,0
            138.66705,-34.96946,0
            138.66709,-34.96948,0
            138.66714,-34.96951,0
            138.66717,-34.96953,0
            138.6672,-34.96954,0
            138.66724,-34.96954,0
            138.66729,-34.96954,0
            138.66732,-34.96954,0
            138.66737,-34.96953,0
            138.66738,-34.96952,0
            138.6674,-34.96951,0
            138.66743,-34.9695,0
            138.66745,-34.96948,0
            138.66747,-34.96945,0
            138.66748,-34.96942,0
            138.66749,-34.9694,0
            138.6675,-34.96938,0
            138.66751,-34.96936,0
            138.66752,-34.96934,0
            138.66753,-34.96931,0
            138.66756,-34.96905,0
            138.66757,-34.96882,0
            138.66761,-34.96849,0
            138.66762,-34.96838,0
            138.66764,-34.96815,0
            138.66764,-34.96812,0
            138.66765,-34.96804,0
            138.66768,-34.96795,0
            138.6677,-34.9679,0
            138.66772,-34.96784,0
            138.66777,-34.96777,0
            138.66784,-34.96769,0
            138.66789,-34.96765,0
            138.66796,-34.96761,0
            138.66806,-34.96756,0
            138.66814,-34.96753,0
            138.66821,-34.96751,0
            138.66829,-34.9675,0
            138.66836,-34.96749,0
            138.66845,-34.96749,0
            138.6685,-34.9675,0
            138.66855,-34.9675,0
            138.66867,-34.96752,0
            138.66899,-34.96757,0
            138.66914,-34.9676,0
            138.66921,-34.96761,0
            138.66939,-34.96764,0
            138.66949,-34.96766,0
            138.66959,-34.96768,0
            138.66969,-34.9677,0
            138.66978,-34.96772,0
            138.66981,-34.96773,0
            138.66992,-34.96777,0
            138.66998,-34.96779,0
            138.67006,-34.96782,0
            138.67015,-34.96786,0
            138.67036,-34.96796,0
            138.67037,-34.96797,0
            138.67051,-34.96805,0
            138.67057,-34.96809,0
            138.67071,-34.96819,0
            138.67076,-34.96821,0
            138.67083,-34.96823,0
            138.67085,-34.96824,0
            138.67088,-34.96824,0
            138.67091,-34.96825,0
            138.67092,-34.96825,0
            138.67096,-34.96825,0
            138.67099,-34.96825,0
            138.67101,-34.96824,0
            138.67104,-34.96824,0
            138.67106,-34.96823,0
            138.67107,-34.96822,0
            138.67109,-34.96822,0
            138.67109,-34.96821,0
          </coordinates>
        </LineString>
      </Placemark>
      <Placemark>
        <name>454 Mount Barker Rd, Crafers West SA 5152, Australia</name>
        <styleUrl>#icon-1899-DB4436-nodesc</styleUrl>
        <Point>
          <coordinates>
            138.686536,-34.9796739,0
          </coordinates>
        </Point>
      </Placemark>
      <Placemark>
        <name>Mount Barker Rd, Leawood Gardens SA 5150, Australia</name>
        <styleUrl>#icon-1899-DB4436-nodesc</styleUrl>
        <Point>
          <coordinates>
            138.6710913,-34.9682115,0
          </coordinates>
        </Point>
      </Placemark>
    </Folder>
    <Folder>
      <name>Untitled layer</name>
      <Placemark>
        <name>SS12 HERMITAGE</name>
        <styleUrl>#poly-FF5252-1200-77-nodesc</styleUrl>
        <Polygon>
          <outerBoundaryIs>
            <LinearRing>
              <tessellate>1</tessellate>
              <coordinates>
                138.7530474,-34.7688419,0
                138.7534337,-34.7668853,0
                138.7535624,-34.7659864,0
                138.7541632,-34.7646819,0
                138.7549786,-34.7623727,0
                138.7556009,-34.761033,0
                138.7561588,-34.7603983,0
                138.7570171,-34.7598871,0
                138.7575106,-34.7599224,0
                138.7584762,-34.7598871,0
                138.7591629,-34.7595698,0
                138.7595491,-34.7591643,0
                138.7597208,-34.7589352,0
                138.762639,-34.7582476,0
                138.763669,-34.7583005,0
                138.7645702,-34.7583887,0
                138.7653856,-34.7583005,0
                138.7665443,-34.7579127,0
                138.7671451,-34.7578598,0
                138.7682824,-34.7579832,0
                138.768969,-34.7579832,0
                138.7697844,-34.7576483,0
                138.7699776,-34.7574367,0
                138.7699561,-34.757137,0
                138.7696342,-34.7569607,0
                138.7692265,-34.7570489,0
                138.7687545,-34.7573486,0
                138.7678747,-34.7572428,0
                138.7666302,-34.7572604,0
                138.7658148,-34.7574543,0
                138.7650208,-34.7577012,0
                138.7643771,-34.7577717,0
                138.7633257,-34.7575954,0
                138.7624245,-34.7576306,0
                138.7610297,-34.7579303,0
                138.7594204,-34.7583358,0
                138.7589698,-34.7586531,0
                138.7585835,-34.7590938,0
                138.7581758,-34.7591996,0
                138.7575536,-34.7592525,0
                138.7568455,-34.7592525,0
                138.7561374,-34.7593935,0
                138.7550001,-34.7602926,0
                138.7547641,-34.7606451,0
                138.754292,-34.7618086,0
                138.7536053,-34.7633775,0
                138.7531977,-34.7643999,0
                138.75279,-34.7652284,0
                138.7525754,-34.7657572,0
                138.7524895,-34.7668501,0
                138.7523823,-34.7679253,0
                138.7521462,-34.7688067,0
                138.7518458,-34.769547,0
                138.7515025,-34.7701815,0
                138.751009,-34.7706751,0
                138.7507086,-34.771151,0
                138.7505798,-34.7716621,0
                138.7503438,-34.7718208,0
                138.7500219,-34.7716974,0
                138.7497001,-34.7715916,0
                138.7496786,-34.7719794,0
                138.749743,-34.7723672,0
                138.7503009,-34.7728959,0
                138.751009,-34.7736186,0
                138.7511163,-34.7739359,0
                138.7511377,-34.7742707,0
                138.7511806,-34.7746409,0
                138.7514381,-34.7748524,0
                138.7520819,-34.7750463,0
                138.7534337,-34.7753283,0
                138.7545495,-34.7756279,0
                138.7551503,-34.7759275,0
                138.7557082,-34.7763505,0
                138.7559442,-34.7767206,0
                138.7558799,-34.7773904,0
                138.7558155,-34.7778662,0
                138.7556438,-34.7784655,0
                138.7551074,-34.7789942,0
                138.7547426,-34.7795582,0
                138.754528,-34.7800517,0
                138.7544207,-34.7807038,0
                138.7544207,-34.7813911,0
                138.7544637,-34.7822018,0
                138.7544207,-34.7829949,0
                138.7542491,-34.7833121,0
                138.7538843,-34.7838056,0
                138.7534981,-34.7841051,0
                138.7534337,-34.7842461,0
                138.7535839,-34.7844224,0
                138.7540952,-34.7845128,0
                138.7552807,-34.7847551,0
                138.7560693,-34.7849137,0
                138.7564931,-34.7850856,0
                138.7572602,-34.785416,0
                138.7576089,-34.7855261,0
                138.7579147,-34.7855085,0
                138.7584028,-34.7852354,0
                138.7587515,-34.7850591,0
                138.7589822,-34.7849225,0
                138.7586496,-34.7852838,0
                138.7585101,-34.7855349,0
                138.7585423,-34.7861077,0
                138.758553,-34.7865923,0
                138.7586013,-34.7868038,0
                138.7587408,-34.7871739,0
                138.7588373,-34.7874294,0
                138.75895,-34.787729,0
                138.7591324,-34.7881079,0
                138.7591968,-34.7882885,0
                138.759288,-34.7883282,0
                138.7594006,-34.7883282,0
                138.7594811,-34.7882621,0
                138.7595133,-34.7881828,0
                138.7593094,-34.7877686,0
                138.7591431,-34.7874823,0
                138.7589071,-34.7867201,0
                138.7588159,-34.7856142,0
                138.7588695,-34.7855041,0
                138.7591538,-34.7851032,0
                138.7593094,-34.7849666,0
                138.7594274,-34.7848344,0
                138.7594864,-34.7847155,0
                138.7593336,-34.7845305,0
                138.7590197,-34.7846185,0
                138.7585369,-34.7848741,0
                138.7580434,-34.785112,0
                138.7577108,-34.7852089,0
                138.7575177,-34.7851957,0
                138.7573085,-34.7851164,0
                138.7566594,-34.7848212,0
                138.7561659,-34.7846538,0
                138.7540255,-34.7841736,0
                138.7546477,-34.7835567,0
                138.7548999,-34.7831646,0
                138.7549535,-34.7829399,0
                138.7548784,-34.7817503,0
                138.7549052,-34.7807105,0
                138.7550876,-34.7799659,0
                138.7553451,-34.7795076,0
                138.7560586,-34.7784942,0
                138.7563107,-34.7779875,0
                138.7564663,-34.7774191,0
                138.756536,-34.7768816,0
                138.7564985,-34.7767097,0
                138.7563804,-34.7761545,0
                138.7560318,-34.7757227,0
                138.7556562,-34.7754672,0
                138.7551788,-34.7752997,0
                138.7544868,-34.7750706,0
                138.7537251,-34.7748723,0
                138.7524966,-34.7746344,0
                138.7519172,-34.7744757,0
                138.7517027,-34.774229,0
                138.7517349,-34.7739866,0
                138.7517134,-34.7735548,0
                138.7516544,-34.7733301,0
                138.7513701,-34.7731054,0
                138.7510858,-34.7728939,0
                138.7506673,-34.7725017,0
                138.7503508,-34.7723034,0
                138.750544,-34.772343,0
                138.7507424,-34.7722681,0
                138.7509731,-34.7720214,0
                138.7510858,-34.7718187,0
                138.7512842,-34.7714177,0
                138.7514505,-34.7711753,0
                138.7516383,-34.7709286,0
                138.7519923,-34.7706994,0
                138.7522606,-34.7702808,0
                138.7523518,-34.7700605,0
                138.7527112,-34.7693951,0
                138.7530474,-34.7688419,0
              </coordinates>
            </LinearRing>
          </outerBoundaryIs>
        </Polygon>
      </Placemark>
      <Placemark>
        <name><![CDATA[SS15 & SS19 OLD NORTON SUMMIT 1 & 2]]></name>
        <styleUrl>#poly-FF5252-1200-77-nodesc</styleUrl>
        <Polygon>
          <outerBoundaryIs>
            <LinearRing>
              <tessellate>1</tessellate>
              <coordinates>
                138.7085837,-34.9211659,0
                138.7080151,-34.9213771,0
                138.7073821,-34.9216234,0
                138.7065882,-34.9216937,0
                138.7057191,-34.921641,0
                138.7053543,-34.9216234,0
                138.7043351,-34.921465,0
                138.7038845,-34.9214562,0
                138.7033266,-34.9214034,0
                138.7024897,-34.921465,0
                138.7019533,-34.9213683,0
                138.7013632,-34.9213595,0
                138.7009019,-34.9215178,0
                138.700226,-34.9214914,0
                138.6996573,-34.9214474,0
                138.6992389,-34.9215706,0
                138.6988527,-34.9215442,0
                138.6983162,-34.9213155,0
                138.698048,-34.9210956,0
                138.6978012,-34.9210604,0
                138.6975867,-34.9211571,0
                138.697533,-34.9212627,0
                138.6975652,-34.9213683,0
                138.6978763,-34.9215266,0
                138.6985201,-34.9218521,0
                138.699078,-34.9220016,0
                138.6996573,-34.9218785,0
                138.6999041,-34.9218081,0
                138.7010306,-34.9218697,0
                138.7018246,-34.9217113,0
                138.7025005,-34.9218169,0
                138.7031549,-34.9218257,0
                138.7034661,-34.9218081,0
                138.7038952,-34.9219137,0
                138.704539,-34.9218697,0
                138.7051934,-34.9219928,0
                138.7058264,-34.9219928,0
                138.7065452,-34.9220104,0
                138.7068349,-34.9220368,0
                138.7075967,-34.9218961,0
                138.7080151,-34.921685,0
                138.7084228,-34.9216058,0
                138.7087768,-34.921465,0
                138.709206,-34.9211835,0
                138.7095922,-34.9211307,0
                138.7099999,-34.9212099,0
                138.7107188,-34.9212011,0
                138.71162,-34.9213067,0
                138.7122744,-34.9214914,0
                138.7131542,-34.9216058,0
                138.7140554,-34.9216322,0
                138.714667,-34.9217201,0
                138.7152034,-34.9218081,0
                138.7156111,-34.9217817,0
                138.7159759,-34.9218609,0
                138.716566,-34.9218257,0
                138.7170917,-34.9218081,0
                138.7172526,-34.9218697,0
                138.7173492,-34.9219665,0
                138.7177462,-34.9223359,0
                138.718068,-34.9224943,0
                138.7181753,-34.9226878,0
                138.7182397,-34.9231804,0
                138.7181968,-34.9236554,0
                138.7180466,-34.9242272,0
                138.7178749,-34.924711,0
                138.7178534,-34.9251157,0
                138.7180361,-34.9259065,0
                138.7182185,-34.9262166,0
                138.7183928,-34.9265355,0
                138.718551,-34.9267598,0
                138.7188917,-34.9269357,0
                138.7190955,-34.9270237,0
                138.7193047,-34.9270347,0
                138.7194174,-34.9269819,0
                138.7194684,-34.9268873,0
                138.7194576,-34.926773,0
                138.7193745,-34.9266212,0
                138.7192189,-34.9264035,0
                138.7190231,-34.9254359,0
                138.7190392,-34.9253326,0
                138.7190821,-34.9252292,0
                138.7194576,-34.9247652,0
                138.7195703,-34.9246002,0
                138.7196561,-34.9243825,0
                138.7197205,-34.9242726,0
                138.7197983,-34.9242572,0
                138.7198626,-34.9242616,0
                138.7210643,-34.9246442,0
                138.7212949,-34.92473,0
                138.7216517,-34.9247542,0
                138.7220513,-34.9247828,0
                138.7223169,-34.924829,0
                138.7230008,-34.9250753,0
                138.7232449,-34.925095,0
                138.7234649,-34.9250313,0
                138.7236231,-34.9249499,0
                138.7237919,-34.9246575,0
                138.7238187,-34.9243804,0
                138.7239153,-34.9241648,0
                138.7243122,-34.9236722,0
                138.7243927,-34.9235051,0
                138.7244141,-34.9233248,0
                138.7245,-34.9231312,0
                138.7246931,-34.9230345,0
                138.7247842,-34.9229553,0
                138.7247789,-34.9229201,0
                138.7247601,-34.9228849,0
                138.7247307,-34.9228366,0
                138.7246823,-34.922819,0
                138.7245322,-34.9228409,0
                138.7243015,-34.9229729,0
                138.7242103,-34.9230872,0
                138.7241352,-34.9232412,0
                138.7241406,-34.9234655,0
                138.7240494,-34.9236107,0
                138.7235827,-34.9241297,0
                138.7235397,-34.9242,0
                138.7235344,-34.9243276,0
                138.7235397,-34.9244991,0
                138.7235129,-34.9246443,0
                138.7233949,-34.9247762,0
                138.7232286,-34.924873,0
                138.7230569,-34.9248642,0
                138.7222523,-34.9245915,0
                138.7219626,-34.9245387,0
                138.7216997,-34.9245387,0
                138.7213618,-34.9245167,0
                138.7209326,-34.924376,0
                138.7200958,-34.9240637,0
                138.71979,-34.9240329,0
                138.7196023,-34.9240637,0
                138.7194306,-34.9242616,0
                138.7193126,-34.9245563,0
                138.7191677,-34.9247674,0
                138.7188673,-34.9251633,0
                138.7188191,-34.925282,0
                138.718803,-34.9254535,0
                138.7189478,-34.9263244,0
                138.7190122,-34.9265135,0
                138.7191838,-34.9266895,0
                138.7192428,-34.9267994,0
                138.7192268,-34.9268478,0
                138.7191731,-34.9268478,0
                138.71898,-34.9267378,0
                138.7187171,-34.9265663,0
                138.718583,-34.9262804,0
                138.7184435,-34.9260649,0
                138.7183577,-34.9259242,0
                138.7182021,-34.9250313,0
                138.7181539,-34.9247498,0
                138.7185294,-34.9235051,0
                138.7185616,-34.9232148,0
                138.7185401,-34.9226562,0
                138.7184757,-34.9223923,0
                138.718347,-34.9222164,0
                138.7180841,-34.922102,0
                138.717832,-34.9219832,0
                138.7175852,-34.9217281,0
                138.7173438,-34.921583,0
                138.7171454,-34.9215434,0
                138.7167859,-34.9215346,0
                138.7165177,-34.9215654,0
                138.7162227,-34.9215786,0
                138.7159652,-34.9215346,0
                138.7157292,-34.9214466,0
                138.7154663,-34.9213894,0
                138.7150747,-34.9214202,0
                138.7146455,-34.9214246,0
                138.7143612,-34.9213718,0
                138.7139052,-34.9213103,0
                138.7134171,-34.9213103,0
                138.7129772,-34.9213103,0
                138.7126285,-34.9212575,0
                138.7119741,-34.9210903,0
                138.7112928,-34.920954,0
                138.710692,-34.9209188,0
                138.7103111,-34.920932,0
                138.7100643,-34.9209188,0
                138.7097371,-34.9208528,0
                138.7093187,-34.9207912,0
                138.7090397,-34.9208704,0
                138.7085837,-34.9211659,0
              </coordinates>
            </LinearRing>
          </outerBoundaryIs>
        </Polygon>
      </Placemark>
      <Placemark>
        <name>SS18 VISTA 2</name>
        <styleUrl>#poly-FF5252-1200-77-nodesc</styleUrl>
        <Polygon>
          <outerBoundaryIs>
            <LinearRing>
              <tessellate>1</tessellate>
              <coordinates>
                138.7291045,-34.8370778,0
                138.7280852,-34.837025,0
                138.7274522,-34.8369633,0
                138.7267334,-34.8371131,0
                138.7262077,-34.8374653,0
                138.7253494,-34.8383239,0
                138.7251563,-34.8387025,0
                138.7250865,-34.8397548,0
                138.7250329,-34.8400014,0
                138.7248558,-34.8400982,0
                138.724196,-34.8400894,0
                138.7233621,-34.8400117,0
                138.7229866,-34.8399148,0
                138.7228149,-34.8398972,0
                138.7226969,-34.8399853,0
                138.7226862,-34.8400909,0
                138.7227827,-34.8401878,0
                138.723287,-34.8402759,0
                138.7249285,-34.8403023,0
                138.7251216,-34.840267,0
                138.7252718,-34.8401438,0
                138.7253898,-34.8399765,0
                138.7254113,-34.8397915,0
                138.7254435,-34.8388405,0
                138.7255937,-34.8384707,0
                138.7259907,-34.8381272,0
                138.7271065,-34.8372995,0
                138.727439,-34.8372378,0
                138.7278253,-34.8372819,0
                138.7288874,-34.8373523,0
                138.7294668,-34.8374404,0
                138.7297779,-34.8375813,0
                138.7299496,-34.8378014,0
                138.7300998,-34.838004,0
                138.7303573,-34.8382065,0
                138.7305075,-34.838365,0
                138.7305075,-34.838594,0
                138.7305182,-34.8391928,0
                138.7307972,-34.839633,0
                138.7312371,-34.8402847,0
                138.7313765,-34.840496,0
                138.7311298,-34.8410684,0
                138.731001,-34.8414998,0
                138.731119,-34.8420722,0
                138.7311083,-34.8427678,0
                138.7310976,-34.8431288,0
                138.7313873,-34.8433049,0
                138.7318271,-34.8433754,0
                138.7322456,-34.8432873,0
                138.7325674,-34.843032,0
                138.7327284,-34.8429439,0
                138.7331253,-34.8429968,0
                138.7335545,-34.8430232,0
                138.7340695,-34.8428559,0
                138.734445,-34.8425653,0
                138.7348956,-34.8422483,0
                138.7383288,-34.8403727,0
                138.7388116,-34.8402582,0
                138.7394232,-34.8402406,0
                138.7399596,-34.8403199,0
                138.7402493,-34.8404344,0
                138.7405926,-34.8406985,0
                138.7408608,-34.8410331,0
                138.7413222,-34.841174,0
                138.7421054,-34.8412269,0
                138.7424165,-34.8413061,0
                138.7427598,-34.8413678,0
                138.7439615,-34.8412973,0
                138.7445837,-34.8414646,0
                138.7451309,-34.841447,0
                138.7453562,-34.8413501,0
                138.7456352,-34.8413061,0
                138.745839,-34.8413061,0
                138.7463862,-34.8409979,0
                138.7467295,-34.8409187,0
                138.7471265,-34.8408394,0
                138.7472767,-34.8407426,0
                138.7472552,-34.8406105,0
                138.7471586,-34.8405312,0
                138.7469333,-34.84054,0
                138.7463754,-34.8407337,0
                138.7457532,-34.8410772,0
                138.7452704,-34.8410507,0
                138.7448841,-34.8412093,0
                138.7446159,-34.8411564,0
                138.7440258,-34.8409979,0
                138.7435108,-34.8409891,0
                138.7428135,-34.8410684,0
                138.7424594,-34.8410507,0
                138.7420839,-34.8409539,0
                138.7413436,-34.8408834,0
                138.740893,-34.8405224,0
                138.7403351,-34.8401085,0
                138.7397665,-34.8399677,0
                138.7392086,-34.8399412,0
                138.7384683,-34.8400469,0
                138.7380391,-34.8401966,0
                138.737095,-34.8406721,0
                138.7359685,-34.8412269,0
                138.7351102,-34.8416936,0
                138.7346488,-34.8419313,0
                138.7341017,-34.8423892,0
                138.7337047,-34.8425565,0
                138.7332112,-34.8426534,0
                138.7327927,-34.8426093,0
                138.7323207,-34.8427414,0
                138.7319237,-34.8429527,0
                138.7316662,-34.842988,0
                138.7315267,-34.8428823,0
                138.7315375,-34.8426622,0
                138.7315589,-34.8419225,0
                138.7314194,-34.841403,0
                138.731795,-34.8406721,0
                138.7317842,-34.8403199,0
                138.7314194,-34.8399324,0
                138.7310869,-34.8393689,0
                138.730883,-34.8391047,0
                138.7309474,-34.838321,0
                138.7307972,-34.8380744,0
                138.7305397,-34.8378983,0
                138.7303251,-34.8376253,0
                138.7301213,-34.8373875,0
                138.7298745,-34.837229,0
                138.7293917,-34.8371234,0
                138.7291045,-34.8370778,0
              </coordinates>
            </LinearRing>
          </outerBoundaryIs>
        </Polygon>
      </Placemark>
      <Placemark>
        <name><![CDATA[SS13 & SS17 CHAIN OF PONDS & MILLBROOK]]></name>
        <styleUrl>#poly-FF5252-1200-77-nodesc</styleUrl>
        <Polygon>
          <outerBoundaryIs>
            <LinearRing>
              <tessellate>1</tessellate>
              <coordinates>
                138.810335,-34.8147134,0
                138.8104665,-34.8147619,0
                138.8108259,-34.8149249,0
                138.8110244,-34.8150262,0
                138.8115823,-34.8151054,0
                138.8121509,-34.8151539,0
                138.8124245,-34.8152155,0
                138.8126069,-34.8152904,0
                138.8127195,-34.8153961,0
                138.8127517,-34.8155062,0
                138.8128322,-34.8158541,0
                138.8129019,-34.8160259,0
                138.8129931,-34.8162329,0
                138.8131594,-34.8164707,0
                138.8133203,-34.8166909,0
                138.8134491,-34.8168142,0
                138.8136315,-34.8168759,0
                138.8138729,-34.8169023,0
                138.8140982,-34.8168583,0
                138.8143503,-34.8167878,0
                138.8146024,-34.816735,0
                138.8147365,-34.8167085,0
                138.8148385,-34.816757,0
                138.8149565,-34.8168451,0
                138.815096,-34.8169948,0
                138.8153749,-34.8171269,0
                138.815686,-34.8171401,0
                138.8159435,-34.8171754,0
                138.816024,-34.8173559,0
                138.8159382,-34.8176554,0
                138.8158362,-34.8180386,0
                138.8158362,-34.8183425,0
                138.8158953,-34.8186023,0
                138.8160669,-34.8187564,0
                138.8162761,-34.8189194,0
                138.8165336,-34.8190383,0
                138.8167965,-34.8191704,0
                138.8170164,-34.8193201,0
                138.8171666,-34.8194611,0
                138.8173919,-34.8197429,0
                138.8176548,-34.82006,0
                138.8185828,-34.8211345,0
                138.8187759,-34.82139,0
                138.8188725,-34.821663,0
                138.8188993,-34.8222355,0
                138.8189583,-34.8225614,0
                138.8191246,-34.8228829,0
                138.8193714,-34.8230194,0
                138.8197201,-34.8230766,0
                138.8202029,-34.8230942,0
                138.8205033,-34.8229269,0
                138.8207983,-34.8226539,0
                138.8208681,-34.8224249,0
                138.8208573,-34.8221518,0
                138.8208949,-34.8218744,0
                138.8210075,-34.8216938,0
                138.8210773,-34.821663,0
                138.8212275,-34.8216982,0
                138.8215494,-34.8218436,0
                138.8218283,-34.8218876,0
                138.8223111,-34.8218215,0
                138.8231587,-34.8214384,0
                138.8235342,-34.8212182,0
                138.8249236,-34.8201481,0
                138.8250899,-34.8200864,0
                138.8251918,-34.8200908,0
                138.8252669,-34.8201217,0
                138.8263827,-34.8220241,0
                138.8266616,-34.8223368,0
                138.8269621,-34.8225173,0
                138.8276433,-34.8227992,0
                138.8278525,-34.8229533,0
                138.8279759,-34.823103,0
                138.828169,-34.8232572,0
                138.8284587,-34.8234597,0
                138.8287055,-34.8235875,0
                138.8289201,-34.8236843,0
                138.8292151,-34.823768,0
                138.8291668,-34.8238473,0
                138.8290274,-34.8239309,0
                138.8287645,-34.824019,0
                138.8284373,-34.8240234,0
                138.8281154,-34.8239706,0
                138.8250738,-34.823561,0
                138.8248538,-34.8236139,0
                138.8246607,-34.823724,0
                138.8245802,-34.8238341,0
                138.8245373,-34.8240322,0
                138.8245212,-34.82427,0
                138.8246017,-34.824477,0
                138.8247358,-34.824913,0
                138.8247465,-34.8253181,0
                138.8247519,-34.8258465,0
                138.8248163,-34.8261504,0
                138.8247841,-34.8263662,0
                138.8246017,-34.8265379,0
                138.8243013,-34.8266876,0
                138.8235878,-34.8270443,0
                138.8234001,-34.8272689,0
                138.8233893,-34.827467,0
                138.8236307,-34.8292328,0
                138.8238239,-34.829431,0
                138.8239365,-34.8296424,0
                138.824017,-34.8298669,0
                138.8240975,-34.8305803,0
                138.8243174,-34.8311967,0
                138.8243174,-34.8313377,0
                138.8241565,-34.831593,0
                138.8240814,-34.8317868,0
                138.8239258,-34.8327423,0
                138.8236844,-34.8336361,0
                138.8235288,-34.8337726,0
                138.82281,-34.834257,0
                138.8222521,-34.8346092,0
                138.8219249,-34.8348734,0
                138.8216084,-34.8353666,0
                138.8213992,-34.8357893,0
                138.821308,-34.836027,0
                138.821308,-34.8363044,0
                138.8213938,-34.8365378,0
                138.8216191,-34.8366963,0
                138.821721,-34.83678,0
                138.8217371,-34.8368768,0
                138.8216566,-34.8369825,0
                138.8215976,-34.8370794,0
                138.8215923,-34.8371542,0
                138.8216298,-34.8372115,0
                138.8217693,-34.8372555,0
                138.8219249,-34.8371762,0
                138.8220751,-34.8369032,0
                138.8220643,-34.8366963,0
                138.8219141,-34.8365818,0
                138.8216996,-34.8364277,0
                138.821603,-34.8362648,0
                138.8215923,-34.8361151,0
                138.8217854,-34.8356484,0
                138.8221448,-34.8350672,0
                138.8223594,-34.8348426,0
                138.8228368,-34.8345432,0
                138.8239526,-34.8337815,0
                138.8240009,-34.833711,0
                138.8240653,-34.8335745,0
                138.8243764,-34.831778,0
                138.8244676,-34.8316283,0
                138.8245534,-34.8314698,0
                138.8245802,-34.8311967,0
                138.8243228,-34.8305362,0
                138.8242262,-34.829682,0
                138.8241886,-34.8295235,0
                138.8241082,-34.8293782,0
                138.8239043,-34.8291007,0
                138.8237541,-34.8282377,0
                138.8236683,-34.8274274,0
                138.8237488,-34.8272777,0
                138.8239955,-34.8270972,0
                138.8243389,-34.8269298,0
                138.8247734,-34.8267229,0
                138.8249665,-34.8265555,0
                138.8250899,-34.8263485,0
                138.8250899,-34.8260711,0
                138.8250148,-34.8248645,0
                138.8249558,-34.8246972,0
                138.8248324,-34.8243977,0
                138.824827,-34.8240719,0
                138.824945,-34.8238913,0
                138.8250845,-34.8238297,0
                138.8253098,-34.8238297,0
                138.8281476,-34.8241864,0
                138.8286626,-34.8242216,0
                138.8290327,-34.8241555,0
                138.8292956,-34.824041,0
                138.8294672,-34.8239133,0
                138.8295423,-34.8237636,0
                138.8295531,-34.8236359,0
                138.8292902,-34.8235963,0
                138.8289093,-34.8234642,0
                138.8284641,-34.8231955,0
                138.8281476,-34.8228608,0
                138.827874,-34.8226627,0
                138.8276326,-34.8225614,0
                138.8270264,-34.8222928,0
                138.8268226,-34.822143,0
                138.8266831,-34.8219845,0
                138.8254761,-34.8199191,0
                138.8253527,-34.8198398,0
                138.8252025,-34.8198266,0
                138.8249933,-34.8198266,0
                138.824886,-34.8198618,0
                138.8247519,-34.8199367,0
                138.8233893,-34.8209584,0
                138.822751,-34.8213415,0
                138.8223218,-34.8215617,0
                138.8220053,-34.821641,0
                138.8218068,-34.8216586,0
                138.8216137,-34.8215837,0
                138.821367,-34.821478,0
                138.8211095,-34.8214076,0
                138.8208788,-34.8214384,0
                138.8206964,-34.8216498,0
                138.8205623,-34.8220109,0
                138.8205569,-34.8223852,0
                138.8204979,-34.8225878,0
                138.8201814,-34.8228564,0
                138.8199186,-34.822874,0
                138.8195162,-34.8228212,0
                138.819366,-34.8227375,0
                138.8192534,-34.8225658,0
                138.8191944,-34.8220021,0
                138.8191783,-34.8216278,0
                138.8191246,-34.8214076,0
                138.8189369,-34.8211257,0
                138.8185936,-34.820703,0
                138.8175153,-34.8194611,0
                138.8171452,-34.8190999,0
                138.8169574,-34.818981,0
                138.816598,-34.8188181,0
                138.8163512,-34.8186595,0
                138.8161635,-34.8184349,0
                138.8161045,-34.8182412,0
                138.8160884,-34.8180298,0
                138.8162064,-34.8176686,0
                138.8162708,-34.8174044,0
                138.8162547,-34.8171974,0
                138.8162064,-34.8170829,0
                138.8160991,-34.8169904,0
                138.8158899,-34.8169508,0
                138.815627,-34.8169552,0
                138.8153964,-34.8169288,0
                138.8152783,-34.8168407,0
                138.8150155,-34.8165852,0
                138.8148385,-34.8164972,0
                138.8146293,-34.8164839,0
                138.8142967,-34.8165412,0
                138.8139963,-34.8166117,0
                138.8137173,-34.8166381,0
                138.81361,-34.8166117,0
                138.8135349,-34.8165544,0
                138.8131916,-34.8160347,0
                138.8130682,-34.8155018,0
                138.8129877,-34.8152552,0
                138.8128751,-34.8151407,0
                138.8127088,-34.815035,0
                138.8124996,-34.8149601,0
                138.8122475,-34.8149381,0
                138.8111799,-34.8147927,0
                138.8109439,-34.8146959,0
                138.8106596,-34.8145769,0
                138.8104343,-34.8144889,0
                138.810335,-34.8147134,0
              </coordinates>
            </LinearRing>
          </outerBoundaryIs>
        </Polygon>
      </Placemark>
      <Placemark>
        <name>SS16 FOREST RANGE</name>
        <styleUrl>#poly-FF5252-1200-77-nodesc</styleUrl>
        <Polygon>
          <outerBoundaryIs>
            <LinearRing>
              <tessellate>1</tessellate>
              <coordinates>
                138.7695973,-34.9401718,0
                138.7698548,-34.9402773,0
                138.7706916,-34.9413503,0
                138.7703483,-34.9426871,0
                138.7703483,-34.9439535,0
                138.771035,-34.9442525,0
                138.771507,-34.9435666,0
                138.7720649,-34.9433203,0
                138.7722151,-34.9427223,0
                138.7729662,-34.9420539,0
                138.7739103,-34.9430213,0
                138.7752192,-34.9434083,0
                138.7756269,-34.9430213,0
                138.7753265,-34.9423529,0
                138.7754982,-34.9404005,0
                138.7759917,-34.940418,0
                138.7766354,-34.9408754,0
                138.7786739,-34.941491,0
                138.7790816,-34.9414031,0
                138.7806909,-34.9421418,0
                138.7810772,-34.941491,0
                138.7832658,-34.9420363,0
                138.7839096,-34.9424584,0
                138.7864201,-34.9422474,0
                138.7869351,-34.9417725,0
                138.7881153,-34.9416141,0
                138.7884157,-34.9409809,0
                138.7893598,-34.9408754,0
                138.7909691,-34.9393802,0
                138.7902396,-34.9392043,0
                138.7896173,-34.9398024,0
                138.7884157,-34.9403829,0
                138.7875145,-34.9407171,0
                138.7873857,-34.9410865,0
                138.7863128,-34.9412975,0
                138.7858837,-34.9415614,0
                138.7840598,-34.9415966,0
                138.7823432,-34.9411568,0
                138.7810128,-34.9408754,0
                138.7803691,-34.9412096,0
                138.7802832,-34.9413503,0
                138.779382,-34.9407523,0
                138.7788241,-34.9408402,0
                138.7770217,-34.9402597,0
                138.7759059,-34.9396089,0
                138.7749832,-34.9397672,0
                138.7746613,-34.9404356,0
                138.7745111,-34.9419483,0
                138.7747686,-34.9427751,0
                138.7741034,-34.9423177,0
                138.7733095,-34.9413503,0
                138.7724726,-34.9414383,0
                138.7719147,-34.9421242,0
                138.7714856,-34.9428806,0
                138.7711208,-34.9430741,0
                138.7708848,-34.9432851,0
                138.7709277,-34.9427926,0
                138.7712925,-34.9418604,0
                138.7711852,-34.9410689,0
                138.7708204,-34.9404708,0
                138.770284,-34.9398552,0
                138.7698763,-34.9397673,0
                138.7695973,-34.9401718,0
              </coordinates>
            </LinearRing>
          </outerBoundaryIs>
        </Polygon>
      </Placemark>
      <Placemark>
        <name>SS20 WAIROA</name>
        <styleUrl>#poly-FF5252-1200-77-nodesc</styleUrl>
        <Polygon>
          <outerBoundaryIs>
            <LinearRing>
              <tessellate>1</tessellate>
              <coordinates>
                138.7268659,-35.0081013,0
                138.7265655,-35.0082946,0
                138.7268444,-35.0085231,0
                138.7286254,-35.0085758,0
                138.7296983,-35.0094722,0
                138.7299129,-35.0108254,0
                138.7304493,-35.0116515,0
                138.7301918,-35.0124775,0
                138.7304278,-35.0129959,0
                138.731887,-35.0132683,0
                138.7346336,-35.0145512,0
                138.7347516,-35.014393,0
                138.7348911,-35.0141822,0
                138.7323161,-35.012908,0
                138.7317153,-35.0127938,0
                138.7309428,-35.0125829,0
                138.7308356,-35.0122138,0
                138.7309643,-35.011546,0
                138.7304708,-35.0107903,0
                138.7303206,-35.0096479,0
                138.7302026,-35.0091382,0
                138.7297412,-35.0088395,0
                138.7291833,-35.0083649,0
                138.7282177,-35.0081013,0
                138.7268659,-35.0081013,0
              </coordinates>
            </LinearRing>
          </outerBoundaryIs>
        </Polygon>
      </Placemark>
      <Placemark>
        <name>SS22 WINDY POINT</name>
        <styleUrl>#poly-FF5252-1200-77-nodesc</styleUrl>
        <Polygon>
          <outerBoundaryIs>
            <LinearRing>
              <tessellate>1</tessellate>
              <coordinates>
                138.6216339,-34.9977545,0
                138.6208186,-34.9979435,0
                138.6195955,-34.9982599,0
                138.6179218,-34.9983654,0
                138.6175355,-34.9991036,0
                138.6159477,-34.9988575,0
                138.6149177,-35.0000528,0
                138.6144027,-35.0001934,0
                138.6143169,-35.0008613,0
                138.6136302,-35.0005801,0
                138.6123857,-35.0008262,0
                138.6105403,-35.0005801,0
                138.6084375,-35.000334,0
                138.6064634,-35.000334,0
                138.6078367,-35.0000528,0
                138.6110124,-35.0004395,0
                138.6119994,-34.9997012,0
                138.609167,-34.9975568,0
                138.609167,-34.9966428,0
                138.6104974,-34.9955529,0
                138.609682,-34.9951662,0
                138.6084804,-34.9955529,0
                138.6078796,-34.9972404,0
                138.6083087,-34.9982248,0
                138.6107549,-34.9997364,0
                138.6073217,-34.9992794,0
                138.605648,-34.9996661,0
                138.6050901,-35.0005098,0
                138.6054763,-35.0012832,0
                138.6066779,-35.0011074,0
                138.6093816,-35.0011074,0
                138.6126646,-35.00156,0
                138.6130857,-35.0014084,0
                138.6136141,-35.0015864,0
                138.6146683,-35.0016259,0
                138.6155614,-35.0008262,0
                138.6163768,-34.9997716,0
                138.6182651,-34.9997012,0
                138.6186943,-34.9988927,0
                138.6202392,-34.9989279,0
                138.6219558,-34.9984357,0
                138.6218539,-34.9980819,0
                138.6216339,-34.9977545,0
              </coordinates>
            </LinearRing>
          </outerBoundaryIs>
        </Polygon>
      </Placemark>
      <Placemark>
        <name>SS14 CORKSCREW PLUS</name>
        <styleUrl>#poly-FF5252-1200-77-nodesc</styleUrl>
        <Polygon>
          <outerBoundaryIs>
            <LinearRing>
              <tessellate>1</tessellate>
              <coordinates>
                138.7518227,-34.8696119,0
                138.751651,-34.8705273,0
                138.7519085,-34.8715132,0
                138.7531959,-34.8719357,0
                138.7539684,-34.8719357,0
                138.7537968,-34.8727807,0
                138.7537109,-34.8734145,0
                138.7543976,-34.8745411,0
                138.7549984,-34.8748228,0
                138.7549984,-34.8762311,0
                138.7555992,-34.8774985,0
                138.7549984,-34.8784843,0
                138.7549126,-34.879118,0
                138.7527668,-34.8829202,0
                138.7513077,-34.8832018,0
                138.7483036,-34.8832018,0
                138.7473595,-34.8834835,0
                138.7458145,-34.8832722,0
                138.7444412,-34.8844692,0
                138.744527,-34.8855253,0
                138.7456428,-34.8862293,0
                138.7485611,-34.8874966,0
                138.7458145,-34.8874966,0
                138.7441837,-34.8871446,0
                138.7433254,-34.8877079,0
                138.7417805,-34.8874966,0
                138.7409222,-34.8893272,0
                138.7398493,-34.8898552,0
                138.7407076,-34.8904888,0
                138.7423813,-34.8897496,0
                138.7424671,-34.8888343,0
                138.7441837,-34.8887639,0
                138.7447845,-34.8882007,0
                138.7500202,-34.8887639,0
                138.7500202,-34.887567,0
                138.7491619,-34.886511,0
                138.7477028,-34.8855957,0
                138.7461578,-34.8854549,0
                138.7483894,-34.8852437,0
                138.7486469,-34.8844692,0
                138.7515652,-34.8845396,0
                138.7535393,-34.8837651,0
                138.7552559,-34.8813008,0
                138.7562,-34.8800334,0
                138.7565433,-34.8788364,0
                138.756715,-34.8778506,0
                138.7563717,-34.8763015,0
                138.7562,-34.8736961,0
                138.7549984,-34.8732736,0
                138.7554275,-34.8713723,0
                138.7545692,-34.8705977,0
                138.7534534,-34.8707386,0
                138.7531101,-34.8701752,0
                138.7535393,-34.8688372,0
                138.7522518,-34.868626,0
                138.7518227,-34.8696119,0
              </coordinates>
            </LinearRing>
          </outerBoundaryIs>
        </Polygon>
      </Placemark>
      <Placemark>
        <name>ALDGATE REGROUP</name>
        <styleUrl>#poly-558B2F-15200-204-nodesc</styleUrl>
        <Polygon>
          <outerBoundaryIs>
            <LinearRing>
              <tessellate>1</tessellate>
              <coordinates>
                138.7348911,-35.0141822,0
                138.7347516,-35.014393,0
                138.7346336,-35.0145512,0
                138.7363953,-35.015583,0
                138.7367386,-35.0152139,0
                138.7348911,-35.0141822,0
              </coordinates>
            </LinearRing>
          </outerBoundaryIs>
        </Polygon>
      </Placemark>
      <Placemark>
        <name>SS21 LEAWOOD GARDENS</name>
        <styleUrl>#poly-FF5252-1200-77-nodesc</styleUrl>
        <Polygon>
          <outerBoundaryIs>
            <LinearRing>
              <tessellate>1</tessellate>
              <coordinates>
                138.6652052,-34.9725521,0
                138.6651838,-34.9721037,0
                138.6649692,-34.971796,0
                138.6646151,-34.9714444,0
                138.6645508,-34.9711982,0
                138.6647439,-34.9709344,0
                138.6661386,-34.9703454,0
                138.6662137,-34.9699322,0
                138.6661708,-34.9696508,0
                138.6662781,-34.9694047,0
                138.6665034,-34.9693695,0
                138.6667394,-34.9694926,0
                138.6668896,-34.96973,0
                138.667233,-34.9698619,0
                138.6677587,-34.96973,0
                138.6679303,-34.9695541,0
                138.6678767,-34.9685431,0
                138.6679089,-34.9680947,0
                138.6680162,-34.9677958,0
                138.6682737,-34.967699,0
                138.6685741,-34.9676815,0
                138.6691212,-34.967787,0
                138.6697542,-34.9679804,0
                138.6701941,-34.9682705,0
                138.6705911,-34.9685255,0
                138.6711127,-34.9685013,0
                138.6713797,-34.9683255,0
                138.6713997,-34.9681969,0
                138.6713314,-34.9680947,0
                138.6711436,-34.9680771,0
                138.6710618,-34.9680837,0
                138.6708808,-34.9680683,0
                138.670516,-34.9678221,0
                138.6699688,-34.967576,0
                138.669132,-34.9674001,0
                138.6683702,-34.9672946,0
                138.6679518,-34.9673474,0
                138.667705,-34.9674617,0
                138.6675226,-34.9676551,0
                138.6674475,-34.9678309,0
                138.6673724,-34.9684991,0
                138.6674046,-34.9691761,0
                138.667233,-34.9692816,0
                138.6670184,-34.9691145,0
                138.6667931,-34.9690003,0
                138.6663961,-34.9689123,0
                138.6660421,-34.9689299,0
                138.6657631,-34.9690354,0
                138.6656236,-34.9692288,0
                138.66557,-34.9695893,0
                138.6655485,-34.9699146,0
                138.6654949,-34.9700641,0
                138.6649585,-34.9703366,0
                138.6643362,-34.9706795,0
                138.6640143,-34.9710311,0
                138.6638748,-34.9713301,0
                138.6640787,-34.9716554,0
                138.6642933,-34.9719015,0
                138.6645615,-34.9723411,0
                138.6645722,-34.9726224,0
                138.6644649,-34.9743192,0
                138.6646366,-34.9746269,0
                138.6650443,-34.9748027,0
                138.6654842,-34.9748378,0
                138.665924,-34.9747763,0
                138.6661386,-34.9746532,0
                138.6670291,-34.9734664,0
                138.6677479,-34.9729829,0
                138.6682307,-34.9728422,0
                138.6685955,-34.972851,0
                138.668853,-34.9730005,0
                138.6689818,-34.9732115,0
                138.6691963,-34.9735192,0
                138.6693144,-34.9737389,0
                138.6696362,-34.9738972,0
                138.6700546,-34.9740291,0
                138.6704731,-34.9742137,0
                138.6706018,-34.974495,0
                138.6710095,-34.9757961,0
                138.6714816,-34.9760422,0
                138.6720395,-34.9760247,0
                138.6725545,-34.9757785,0
                138.6728227,-34.9753038,0
                138.6731767,-34.9746356,0
                138.673563,-34.974328,0
                138.6740029,-34.974284,0
                138.6743569,-34.9744686,0
                138.6758375,-34.9749433,0
                138.6779511,-34.9755939,0
                138.6786163,-34.975673,0
                138.680011,-34.97584,0
                138.6818242,-34.9761917,0
                138.6832297,-34.9762972,0
                138.6843455,-34.9763587,0
                138.6852038,-34.9765785,0
                138.6857295,-34.9769038,0
                138.6859655,-34.9773169,0
                138.6861264,-34.9779587,0
                138.6861479,-34.9785916,0
                138.6861372,-34.9790751,0
                138.6862659,-34.9796993,0
                138.6864698,-34.9800421,0
                138.6866736,-34.98013,0
                138.6868775,-34.98013,0
                138.6870384,-34.9800069,0
                138.6870384,-34.9798751,0
                138.6869848,-34.9797168,0
                138.686738,-34.9790663,0
                138.6867487,-34.9781521,0
                138.6867487,-34.9775543,0
                138.6865878,-34.9771148,0
                138.6862015,-34.9766225,0
                138.685708,-34.9762972,0
                138.685354,-34.9761038,0
                138.6845064,-34.9758928,0
                138.683691,-34.9758576,0
                138.6821139,-34.9757346,0
                138.6800325,-34.9753038,0
                138.677994,-34.9751192,0
                138.6749041,-34.9740642,0
                138.6739278,-34.9737829,0
                138.6736274,-34.9737917,0
                138.673284,-34.9738444,0
                138.6729836,-34.9739763,0
                138.6727905,-34.9741609,0
                138.6725867,-34.9745302,0
                138.6721253,-34.9754181,0
                138.6719644,-34.9755324,0
                138.6716532,-34.9754972,0
                138.671503,-34.9753829,0
                138.6712992,-34.9746356,0
                138.6712241,-34.9741258,0
                138.6710202,-34.9739411,0
                138.670634,-34.9736686,0
                138.6701512,-34.9734664,0
                138.6699152,-34.9732554,0
                138.669647,-34.9727455,0
                138.6694216,-34.9724378,0
                138.6688745,-34.9721653,0
                138.6680269,-34.9721828,0
                138.6673832,-34.9723587,0
                138.6666858,-34.972807,0
                138.6660313,-34.9734664,0
                138.6657202,-34.9739939,0
                138.6655807,-34.9741609,0
                138.6653447,-34.9741609,0
                138.6651516,-34.973906,0
                138.6651838,-34.9731675,0
                138.6652052,-34.9725521,0
              </coordinates>
            </LinearRing>
          </outerBoundaryIs>
        </Polygon>
      </Placemark>
    </Folder>
    <Folder>
      <name>SS20 WAIROA</name>
      <Placemark>
        <name>SS20 WAIROA</name>
        <styleUrl>#line-1267FF-5000-nodesc</styleUrl>
        <LineString>
          <tessellate>1</tessellate>
          <coordinates>
            138.73463,-35.01424,0
            138.73383,-35.01393,0
            138.73338,-35.01375,0
            138.73262,-35.01343,0
            138.73246,-35.01335,0
            138.7324,-35.01331,0
            138.73223,-35.01321,0
            138.73213,-35.01316,0
            138.73204,-35.01312,0
            138.73193,-35.01309,0
            138.73185,-35.01307,0
            138.73177,-35.01305,0
            138.73162,-35.01303,0
            138.73121,-35.01294,0
            138.73106,-35.01289,0
            138.73092,-35.01282,0
            138.73081,-35.01275,0
            138.73074,-35.01269,0
            138.73069,-35.01263,0
            138.73064,-35.01255,0
            138.73059,-35.01246,0
            138.73057,-35.01237,0
            138.73057,-35.01228,0
            138.73067,-35.01194,0
            138.73071,-35.01173,0
            138.73071,-35.01164,0
            138.7307,-35.01158,0
            138.73068,-35.01151,0
            138.73063,-35.01142,0
            138.73053,-35.01131,0
            138.73042,-35.01119,0
            138.73034,-35.01107,0
            138.73027,-35.01092,0
            138.73021,-35.01072,0
            138.73002,-35.00964,0
            138.73,-35.00954,0
            138.72997,-35.00944,0
            138.72994,-35.00938,0
            138.72992,-35.00934,0
            138.72985,-35.00924,0
            138.72977,-35.00915,0
            138.72969,-35.00909,0
            138.72942,-35.00894,0
            138.72938,-35.00892,0
            138.72933,-35.00888,0
            138.7288,-35.00842,0
            138.72874,-35.00839,0
            138.72868,-35.00836,0
            138.72861,-35.00834,0
            138.72853,-35.00832,0
            138.72813,-35.00831,0
            138.72808,-35.00831,0
            138.72786,-35.00831,0
            138.7272,-35.00831,0
          </coordinates>
        </LineString>
      </Placemark>
      <Placemark>
        <name><![CDATA[Euston Rd & Mount Barker Road, Aldgate SA]]></name>
        <styleUrl>#icon-1899-DB4436-nodesc</styleUrl>
        <Point>
          <coordinates>
            138.7346273,-35.0142431,0
          </coordinates>
        </Point>
      </Placemark>
      <Placemark>
        <name><![CDATA[Snows Rd & Mount Barker Road, Aldgate SA]]></name>
        <styleUrl>#icon-1899-DB4436-nodesc</styleUrl>
        <Point>
          <coordinates>
            138.7272029,-35.0083082,0
          </coordinates>
        </Point>
      </Placemark>
    </Folder>
    <Folder>
      <name>SS22 WINDY POINT</name>
      <Placemark>
        <name>SS22 WINDY POINT</name>
        <styleUrl>#line-1267FF-5000-nodesc</styleUrl>
        <LineString>
          <tessellate>1</tessellate>
          <coordinates>
            138.60954,-34.99574,0
            138.60953,-34.99574,0
            138.60947,-34.99573,0
            138.60943,-34.99577,0
            138.60935,-34.99585,0
            138.60921,-34.99596,0
            138.60908,-34.99604,0
            138.60901,-34.99608,0
            138.60889,-34.99617,0
            138.60889,-34.99618,0
            138.60875,-34.99632,0
            138.60871,-34.99637,0
            138.60865,-34.99644,0
            138.60859,-34.99657,0
            138.60858,-34.9966,0
            138.60853,-34.99678,0
            138.60851,-34.99686,0
            138.6085,-34.99695,0
            138.6085,-34.99705,0
            138.60852,-34.99721,0
            138.60854,-34.99729,0
            138.60856,-34.99741,0
            138.60859,-34.99752,0
            138.60861,-34.99759,0
            138.60863,-34.99763,0
            138.60863,-34.99764,0
            138.60869,-34.99775,0
            138.60875,-34.99784,0
            138.60892,-34.998,0
            138.60896,-34.99804,0
            138.60907,-34.99813,0
            138.60933,-34.99831,0
            138.60966,-34.99852,0
            138.6099,-34.9987,0
            138.61008,-34.99884,0
            138.61028,-34.99896,0
            138.61043,-34.99904,0
            138.61047,-34.99907,0
            138.61064,-34.99917,0
            138.61065,-34.99918,0
            138.61101,-34.99944,0
            138.61115,-34.99954,0
            138.61121,-34.99958,0
            138.61127,-34.99963,0
            138.61128,-34.99965,0
            138.61128,-34.99966,0
            138.61129,-34.99967,0
            138.61129,-34.99968,0
            138.6113,-34.9997,0
            138.61131,-34.99973,0
            138.6113,-34.99977,0
            138.61129,-34.99979,0
            138.61128,-34.99982,0
            138.61127,-34.99983,0
            138.61127,-34.99984,0
            138.61126,-34.99984,0
            138.61124,-34.99987,0
            138.61122,-34.99989,0
            138.61118,-34.99991,0
            138.61109,-34.99995,0
            138.61097,-34.99998,0
            138.61084,-35.00001,0
            138.61064,-35.00003,0
            138.61054,-35.00003,0
            138.61042,-35.00002,0
            138.61032,-34.99999,0
            138.61025,-34.99997,0
            138.61024,-34.99997,0
            138.61017,-34.99995,0
            138.61011,-34.99995,0
            138.61,-34.99997,0
            138.60971,-35.00004,0
            138.60965,-35.00005,0
            138.60955,-35.00005,0
            138.60946,-35.00004,0
            138.60936,-35.00002,0
            138.6092,-34.99995,0
            138.60882,-34.99982,0
            138.60847,-34.99974,0
            138.60814,-34.99967,0
            138.60801,-34.99965,0
            138.60794,-34.99964,0
            138.60782,-34.99962,0
            138.60775,-34.99962,0
            138.60769,-34.99962,0
            138.60756,-34.99965,0
            138.60735,-34.99972,0
            138.60721,-34.99976,0
            138.6071,-34.99978,0
            138.60692,-34.99979,0
            138.60687,-34.9998,0
            138.60665,-34.99982,0
            138.60656,-34.99983,0
            138.60645,-34.99987,0
            138.60634,-34.99992,0
            138.60619,-35,0
            138.60598,-35.00014,0
            138.60582,-35.00024,0
            138.60573,-35.00031,0
            138.60572,-35.00031,0
            138.60566,-35.00038,0
            138.60564,-35.00042,0
            138.60563,-35.00044,0
            138.60563,-35.00045,0
            138.60563,-35.00047,0
            138.60563,-35.0005,0
            138.60563,-35.00052,0
            138.60564,-35.00054,0
            138.60565,-35.00057,0
            138.60567,-35.00059,0
            138.6057,-35.00062,0
            138.60573,-35.00063,0
            138.60578,-35.00065,0
            138.60584,-35.00066,0
            138.60589,-35.00066,0
            138.60594,-35.00066,0
            138.60648,-35.00061,0
            138.60657,-35.00061,0
            138.60677,-35.00061,0
            138.60679,-35.00061,0
            138.60721,-35.00062,0
            138.60746,-35.00062,0
            138.60783,-35.00061,0
            138.60815,-35.00057,0
            138.60845,-35.00055,0
            138.60869,-35.00054,0
            138.60886,-35.00053,0
            138.60914,-35.00055,0
            138.60935,-35.00056,0
            138.60955,-35.00058,0
            138.60964,-35.0006,0
            138.60972,-35.00063,0
            138.60978,-35.00065,0
            138.60993,-35.00073,0
            138.61008,-35.00081,0
            138.6102,-35.00086,0
            138.61026,-35.00088,0
            138.61033,-35.00089,0
            138.61054,-35.00092,0
            138.61073,-35.00092,0
            138.61105,-35.00092,0
            138.61117,-35.00092,0
            138.61122,-35.00092,0
            138.61139,-35.00094,0
            138.61146,-35.00096,0
            138.61173,-35.00101,0
            138.61201,-35.00111,0
            138.61209,-35.00114,0
            138.6124,-35.00122,0
            138.61243,-35.00122,0
            138.61254,-35.00122,0
            138.61261,-35.00121,0
            138.61266,-35.00119,0
            138.61274,-35.00116,0
            138.61281,-35.00112,0
            138.61292,-35.00105,0
            138.61299,-35.00101,0
            138.61301,-35.00101,0
            138.61305,-35.00099,0
            138.61313,-35.00097,0
            138.61319,-35.00096,0
            138.61325,-35.00097,0
            138.61332,-35.00099,0
            138.61337,-35.001,0
            138.61346,-35.00104,0
            138.61393,-35.00127,0
            138.61402,-35.00131,0
            138.61411,-35.00134,0
            138.61419,-35.00135,0
            138.61427,-35.00135,0
            138.61438,-35.00134,0
            138.61448,-35.00132,0
            138.61455,-35.0013,0
            138.61461,-35.00127,0
            138.6147,-35.0012,0
            138.61482,-35.0011,0
            138.61485,-35.001,0
            138.61487,-35.00085,0
            138.6149,-35.00072,0
            138.61492,-35.00063,0
            138.61495,-35.00056,0
            138.61499,-35.00052,0
            138.61506,-35.00045,0
            138.61522,-35.00034,0
            138.61534,-35.00025,0
            138.61543,-35.00017,0
            138.61554,-35.00005,0
            138.61561,-34.99995,0
            138.61567,-34.99985,0
            138.61579,-34.99958,0
            138.61585,-34.99947,0
            138.61591,-34.9994,0
            138.61597,-34.99935,0
            138.61602,-34.99932,0
            138.61604,-34.99931,0
            138.61609,-34.99928,0
            138.61621,-34.99928,0
            138.61631,-34.99928,0
            138.61641,-34.9993,0
            138.61654,-34.99933,0
            138.61668,-34.99938,0
            138.61685,-34.99944,0
            138.61701,-34.99949,0
            138.61711,-34.99952,0
            138.61722,-34.99952,0
            138.61731,-34.99952,0
            138.61741,-34.99951,0
            138.61752,-34.99948,0
            138.6177,-34.99943,0
            138.61772,-34.99943,0
            138.61788,-34.99939,0
            138.61803,-34.99933,0
            138.61808,-34.9993,0
            138.61809,-34.99929,0
            138.61811,-34.99928,0
            138.61813,-34.99926,0
            138.61814,-34.99924,0
            138.61819,-34.99916,0
            138.61821,-34.99907,0
            138.61822,-34.99894,0
            138.61823,-34.99889,0
            138.61827,-34.99875,0
            138.61833,-34.99865,0
            138.61837,-34.99861,0
            138.6184,-34.99859,0
            138.61844,-34.99857,0
            138.61847,-34.99856,0
            138.61856,-34.99855,0
            138.61869,-34.99854,0
            138.61871,-34.99853,0
            138.61889,-34.99855,0
            138.619,-34.99856,0
            138.61916,-34.99859,0
            138.6192,-34.9986,0
            138.61951,-34.99865,0
            138.61959,-34.99866,0
            138.61968,-34.99866,0
            138.61975,-34.99865,0
            138.61977,-34.99865,0
            138.61982,-34.99865,0
            138.62031,-34.99854,0
            138.62064,-34.99844,0
            138.62088,-34.99836,0
            138.62098,-34.99832,0
            138.62108,-34.99827,0
            138.6212,-34.9982,0
            138.62133,-34.99813,0
            138.62139,-34.99809,0
          </coordinates>
        </LineString>
      </Placemark>
      <Placemark>
        <name>Stop 20B Belair Rd - South East side, Lynton SA 5062, Australia</name>
        <styleUrl>#icon-1899-DB4436-nodesc</styleUrl>
        <Point>
          <coordinates>
            138.6095376,-34.9957422,0
          </coordinates>
        </Point>
      </Placemark>
      <Placemark>
        <name>1 Culley Ave, Belair SA 5052, Australia</name>
        <styleUrl>#icon-1899-DB4436-nodesc</styleUrl>
        <Point>
          <coordinates>
            138.621387,-34.9980874,0
          </coordinates>
        </Point>
      </Placemark>
    </Folder>
  </Document>
</kml>
