<?xml version="1.0" encoding="UTF-8"?>
<kml xmlns="http://www.opengis.net/kml/2.2">
  <Document>
    <name>DAY 1 Shannons Adelaide Rally</name>
    <description/>
    <Style id="icon-1899-DB4436-nodesc-normal">
      <IconStyle>
        <color>ff3644db</color>
        <scale>1</scale>
        <Icon>
          <href>https://www.gstatic.com/mapspro/images/stock/503-wht-blank_maps.png</href>
        </Icon>
        <hotSpot x="32" xunits="pixels" y="64" yunits="insetPixels"/>
      </IconStyle>
      <LabelStyle>
        <scale>0</scale>
      </LabelStyle>
      <BalloonStyle>
        <text><![CDATA[<h3>$[name]</h3>]]></text>
      </BalloonStyle>
    </Style>
    <Style id="icon-1899-DB4436-nodesc-highlight">
      <IconStyle>
        <color>ff3644db</color>
        <scale>1</scale>
        <Icon>
          <href>https://www.gstatic.com/mapspro/images/stock/503-wht-blank_maps.png</href>
        </Icon>
        <hotSpot x="32" xunits="pixels" y="64" yunits="insetPixels"/>
      </IconStyle>
      <LabelStyle>
        <scale>1</scale>
      </LabelStyle>
      <BalloonStyle>
        <text><![CDATA[<h3>$[name]</h3>]]></text>
      </BalloonStyle>
    </Style>
    <StyleMap id="icon-1899-DB4436-nodesc">
      <Pair>
        <key>normal</key>
        <styleUrl>#icon-1899-DB4436-nodesc-normal</styleUrl>
      </Pair>
      <Pair>
        <key>highlight</key>
        <styleUrl>#icon-1899-DB4436-nodesc-highlight</styleUrl>
      </Pair>
    </StyleMap>
    <Style id="line-1267FF-5000-nodesc-normal">
      <LineStyle>
        <color>ffff6712</color>
        <width>5</width>
      </LineStyle>
      <BalloonStyle>
        <text><![CDATA[<h3>$[name]</h3>]]></text>
      </BalloonStyle>
    </Style>
    <Style id="line-1267FF-5000-nodesc-highlight">
      <LineStyle>
        <color>ffff6712</color>
        <width>7.5</width>
      </LineStyle>
      <BalloonStyle>
        <text><![CDATA[<h3>$[name]</h3>]]></text>
      </BalloonStyle>
    </Style>
    <StyleMap id="line-1267FF-5000-nodesc">
      <Pair>
        <key>normal</key>
        <styleUrl>#line-1267FF-5000-nodesc-normal</styleUrl>
      </Pair>
      <Pair>
        <key>highlight</key>
        <styleUrl>#line-1267FF-5000-nodesc-highlight</styleUrl>
      </Pair>
    </StyleMap>
    <Style id="poly-FF5252-1200-77-nodesc-normal">
      <LineStyle>
        <color>ff5252ff</color>
        <width>1.2</width>
      </LineStyle>
      <PolyStyle>
        <color>4d5252ff</color>
        <fill>1</fill>
        <outline>1</outline>
      </PolyStyle>
      <BalloonStyle>
        <text><![CDATA[<h3>$[name]</h3>]]></text>
      </BalloonStyle>
    </Style>
    <Style id="poly-FF5252-1200-77-nodesc-highlight">
      <LineStyle>
        <color>ff5252ff</color>
        <width>1.8</width>
      </LineStyle>
      <PolyStyle>
        <color>4d5252ff</color>
        <fill>1</fill>
        <outline>1</outline>
      </PolyStyle>
      <BalloonStyle>
        <text><![CDATA[<h3>$[name]</h3>]]></text>
      </BalloonStyle>
    </Style>
    <StyleMap id="poly-FF5252-1200-77-nodesc">
      <Pair>
        <key>normal</key>
        <styleUrl>#poly-FF5252-1200-77-nodesc-normal</styleUrl>
      </Pair>
      <Pair>
        <key>highlight</key>
        <styleUrl>#poly-FF5252-1200-77-nodesc-highlight</styleUrl>
      </Pair>
    </StyleMap>
    <Folder>
      <name>SS1 Beaumont</name>
      <Placemark>
        <name>SS1 Beaumont</name>
        <styleUrl>#line-1267FF-5000-nodesc</styleUrl>
        <LineString>
          <tessellate>1</tessellate>
          <coordinates>
            138.65812,-34.95552,0
            138.65847,-34.95585,0
            138.65856,-34.95593,0
            138.6588,-34.95614,0
            138.65891,-34.95623,0
            138.65916,-34.9564,0
            138.65926,-34.95646,0
            138.65939,-34.95652,0
            138.65956,-34.95659,0
            138.65971,-34.95663,0
            138.65973,-34.95663,0
            138.65991,-34.9567,0
            138.65996,-34.95672,0
            138.66019,-34.95684,0
            138.66036,-34.95698,0
            138.66042,-34.95703,0
            138.6605,-34.95708,0
            138.66057,-34.95712,0
            138.66061,-34.95713,0
            138.66068,-34.95714,0
            138.66089,-34.95719,0
            138.66111,-34.95725,0
            138.66125,-34.95729,0
            138.66143,-34.95733,0
            138.66165,-34.95737,0
            138.66178,-34.95739,0
            138.662,-34.95741,0
            138.6621,-34.95742,0
            138.66224,-34.95743,0
            138.6624,-34.95745,0
            138.66256,-34.9575,0
            138.66268,-34.95755,0
            138.66293,-34.95768,0
            138.6631,-34.95779,0
            138.66323,-34.9579,0
            138.66325,-34.95792,0
            138.66333,-34.95804,0
            138.66339,-34.95812,0
            138.66344,-34.9582,0
            138.66347,-34.95825,0
            138.6635,-34.95828,0
            138.66354,-34.9583,0
            138.66358,-34.95831,0
            138.6636,-34.95831,0
            138.66361,-34.95831,0
            138.66363,-34.9583,0
            138.66365,-34.95829,0
            138.66366,-34.95829,0
            138.66368,-34.95827,0
            138.6637,-34.95825,0
            138.66372,-34.9582,0
            138.66373,-34.95818,0
            138.66374,-34.95816,0
            138.66375,-34.95814,0
            138.66376,-34.95812,0
            138.66378,-34.9581,0
            138.6638,-34.95809,0
            138.66383,-34.95807,0
            138.66387,-34.95805,0
            138.6639,-34.95805,0
            138.66402,-34.95801,0
            138.66411,-34.95799,0
            138.66436,-34.95796,0
            138.66466,-34.95794,0
            138.66478,-34.95796,0
            138.6649,-34.95796,0
            138.66508,-34.95796,0
            138.66513,-34.95796,0
            138.66515,-34.95795,0
            138.66517,-34.95794,0
            138.66519,-34.95794,0
            138.66521,-34.95793,0
            138.66522,-34.95791,0
            138.66524,-34.9579,0
            138.66525,-34.95789,0
            138.66526,-34.95787,0
            138.66526,-34.95785,0
            138.66526,-34.95782,0
            138.66526,-34.95781,0
            138.66525,-34.95778,0
            138.66524,-34.95775,0
            138.66523,-34.9577,0
            138.66518,-34.95761,0
            138.66518,-34.9576,0
            138.66509,-34.95748,0
            138.66486,-34.9573,0
            138.66481,-34.95726,0
            138.66474,-34.95722,0
            138.66473,-34.95722,0
            138.66464,-34.9572,0
            138.66456,-34.95719,0
            138.66426,-34.95715,0
            138.66404,-34.95711,0
            138.66389,-34.95707,0
            138.66386,-34.95706,0
            138.66384,-34.95706,0
            138.66382,-34.95705,0
            138.66379,-34.95703,0
            138.66377,-34.95701,0
            138.66376,-34.95699,0
            138.66376,-34.95698,0
            138.66375,-34.95698,0
            138.66375,-34.95696,0
            138.66375,-34.95695,0
            138.66376,-34.95694,0
            138.66376,-34.95692,0
            138.66377,-34.95691,0
            138.66378,-34.95691,0
            138.66379,-34.9569,0
            138.6638,-34.9569,0
            138.66381,-34.95689,0
            138.66382,-34.95689,0
            138.66384,-34.95689,0
            138.6639,-34.95689,0
            138.66394,-34.9569,0
            138.66415,-34.95696,0
            138.66419,-34.95696,0
            138.66425,-34.95697,0
            138.6644,-34.95695,0
            138.66458,-34.95693,0
            138.66467,-34.95693,0
            138.66491,-34.95691,0
            138.66511,-34.95693,0
            138.66543,-34.95699,0
            138.66561,-34.95703,0
            138.66582,-34.95711,0
            138.66595,-34.9572,0
            138.66658,-34.95768,0
            138.66674,-34.95786,0
            138.66683,-34.95803,0
            138.66689,-34.95824,0
            138.66692,-34.9584,0
            138.66692,-34.95845,0
            138.66692,-34.95854,0
            138.66691,-34.95859,0
            138.66688,-34.95867,0
            138.66685,-34.9587,0
          </coordinates>
        </LineString>
      </Placemark>
      <Placemark>
        <name><![CDATA[Sherwood Terrace & Hayward Drive, Glen Osmond SA]]></name>
        <styleUrl>#icon-1899-DB4436-nodesc</styleUrl>
        <Point>
          <coordinates>
            138.658119,-34.9555198,0
          </coordinates>
        </Point>
      </Placemark>
      <Placemark>
        <name>117 Mount Osmond Rd, Mount Osmond SA 5064, Australia</name>
        <styleUrl>#icon-1899-DB4436-nodesc</styleUrl>
        <Point>
          <coordinates>
            138.6668539,-34.9587013,0
          </coordinates>
        </Point>
      </Placemark>
    </Folder>
    <Folder>
      <name>SS2 EAGLE ON THE HILL</name>
      <Placemark>
        <name>SS2 EAGLE ON THE HILL</name>
        <styleUrl>#line-1267FF-5000-nodesc</styleUrl>
        <LineString>
          <tessellate>1</tessellate>
          <coordinates>
            138.66579,-34.96734,0
            138.66588,-34.96731,0
            138.66589,-34.9673,0
            138.66594,-34.96729,0
            138.66609,-34.96723,0
            138.66614,-34.96722,0
            138.66634,-34.96716,0
            138.66653,-34.96709,0
            138.66655,-34.96709,0
            138.66675,-34.96703,0
            138.66691,-34.967,0
            138.66715,-34.96695,0
            138.6674,-34.96691,0
            138.66762,-34.96689,0
            138.66765,-34.96688,0
            138.66784,-34.96687,0
            138.66792,-34.96687,0
            138.66799,-34.96687,0
            138.66818,-34.96687,0
            138.66833,-34.96687,0
            138.66853,-34.96689,0
            138.6688,-34.96691,0
            138.66898,-34.96694,0
            138.669,-34.96694,0
            138.66917,-34.96697,0
            138.6692,-34.96698,0
            138.66944,-34.96703,0
            138.6697,-34.9671,0
            138.66997,-34.96719,0
            138.67023,-34.96728,0
            138.67035,-34.96732,0
            138.67043,-34.96735,0
            138.67063,-34.96743,0
            138.67091,-34.96753,0
            138.67119,-34.96765,0
            138.67132,-34.96771,0
            138.6714,-34.96776,0
            138.67145,-34.96781,0
            138.67149,-34.96786,0
            138.67151,-34.9679,0
            138.67153,-34.96793,0
            138.67153,-34.96798,0
            138.67154,-34.96802,0
            138.67155,-34.96809,0
            138.67154,-34.96813,0
            138.67152,-34.9682,0
            138.67151,-34.96821,0
            138.6715,-34.96823,0
            138.67146,-34.96828,0
            138.67142,-34.96832,0
            138.67137,-34.96835,0
            138.67128,-34.96838,0
            138.67122,-34.9684,0
            138.67116,-34.96841,0
            138.67106,-34.96839,0
            138.67103,-34.96839,0
            138.671,-34.96838,0
            138.67096,-34.96836,0
            138.67093,-34.96835,0
            138.6709,-34.96834,0
            138.67088,-34.96832,0
            138.67084,-34.9683,0
            138.67082,-34.96829,0
            138.6708,-34.96827,0
            138.67078,-34.96825,0
            138.67077,-34.96825,0
            138.67074,-34.96822,0
            138.67071,-34.96819,0
            138.67057,-34.96809,0
            138.67051,-34.96805,0
            138.67037,-34.96797,0
            138.67036,-34.96796,0
            138.67015,-34.96786,0
            138.67006,-34.96782,0
            138.66998,-34.96779,0
            138.66992,-34.96777,0
            138.66981,-34.96773,0
            138.66978,-34.96772,0
            138.66969,-34.9677,0
            138.66959,-34.96768,0
            138.66949,-34.96766,0
            138.66939,-34.96764,0
            138.66921,-34.96761,0
            138.66914,-34.9676,0
            138.66899,-34.96757,0
            138.66867,-34.96752,0
            138.66855,-34.9675,0
            138.6685,-34.9675,0
            138.66845,-34.96749,0
            138.66836,-34.96749,0
            138.66829,-34.9675,0
            138.66821,-34.96751,0
            138.66814,-34.96753,0
            138.66806,-34.96756,0
            138.66796,-34.96761,0
            138.66789,-34.96765,0
            138.66784,-34.96769,0
            138.66777,-34.96777,0
            138.66772,-34.96784,0
            138.6677,-34.9679,0
            138.66768,-34.96795,0
            138.66765,-34.96804,0
            138.66764,-34.96812,0
            138.66764,-34.96815,0
            138.66762,-34.96838,0
            138.66761,-34.96849,0
            138.66763,-34.96853,0
            138.66764,-34.96858,0
            138.66764,-34.96883,0
            138.6676,-34.96927,0
            138.66759,-34.96944,0
            138.66758,-34.96949,0
            138.66756,-34.96953,0
            138.66754,-34.96954,0
            138.66753,-34.96956,0
            138.6675,-34.96958,0
            138.66747,-34.9696,0
            138.66745,-34.96961,0
            138.66741,-34.96963,0
            138.66736,-34.96964,0
            138.66732,-34.96965,0
            138.66729,-34.96965,0
            138.66724,-34.96964,0
            138.66721,-34.96964,0
            138.66718,-34.96963,0
            138.66715,-34.96961,0
            138.66713,-34.9696,0
            138.66708,-34.96957,0
            138.66705,-34.96954,0
            138.667,-34.9695,0
            138.6669,-34.96942,0
            138.66683,-34.96935,0
            138.66673,-34.96928,0
            138.6667,-34.96926,0
            138.66667,-34.96925,0
            138.66664,-34.96924,0
            138.66661,-34.96923,0
            138.66658,-34.96922,0
            138.66653,-34.96921,0
            138.66647,-34.9692,0
            138.66645,-34.9692,0
            138.66642,-34.96919,0
            138.66637,-34.96919,0
            138.66634,-34.9692,0
            138.66628,-34.9692,0
            138.66624,-34.96921,0
            138.66621,-34.96923,0
            138.66616,-34.96925,0
            138.66612,-34.96928,0
            138.66608,-34.96931,0
            138.66606,-34.96933,0
            138.66604,-34.96935,0
            138.66603,-34.96937,0
            138.66602,-34.96939,0
            138.66601,-34.96941,0
            138.666,-34.96945,0
            138.66599,-34.96948,0
            138.66599,-34.96952,0
            138.66599,-34.96956,0
            138.66599,-34.9696,0
            138.66599,-34.96964,0
            138.66599,-34.96967,0
            138.666,-34.96972,0
            138.66601,-34.96978,0
            138.66603,-34.96985,0
            138.66604,-34.96992,0
            138.66605,-34.96998,0
            138.66605,-34.97001,0
            138.66605,-34.97004,0
            138.66604,-34.97007,0
            138.66603,-34.97007,0
            138.66602,-34.9701,0
            138.666,-34.97013,0
            138.66598,-34.97017,0
            138.66594,-34.97021,0
            138.6659,-34.97024,0
            138.66586,-34.97027,0
            138.66581,-34.9703,0
            138.66574,-34.97032,0
            138.66569,-34.97035,0
            138.66556,-34.9704,0
            138.66534,-34.9705,0
            138.6652,-34.97055,0
            138.66496,-34.97066,0
            138.66479,-34.97073,0
            138.66464,-34.97081,0
            138.66458,-34.97085,0
            138.66454,-34.97087,0
            138.66448,-34.97093,0
            138.66445,-34.97095,0
            138.66442,-34.97098,0
            138.66441,-34.97099,0
            138.66439,-34.97103,0
            138.66436,-34.97107,0
            138.66435,-34.9711,0
            138.66434,-34.97113,0
            138.66433,-34.97117,0
            138.66432,-34.9712,0
            138.66432,-34.97123,0
            138.66433,-34.97129,0
            138.66434,-34.97132,0
            138.66435,-34.97135,0
            138.66435,-34.97139,0
            138.66436,-34.97141,0
            138.66438,-34.97145,0
            138.66442,-34.97151,0
            138.66445,-34.97155,0
            138.66448,-34.97159,0
            138.66451,-34.97162,0
            138.66453,-34.97165,0
            138.66456,-34.97168,0
            138.66458,-34.9717,0
            138.66462,-34.97174,0
            138.66465,-34.97176,0
            138.66468,-34.97179,0
            138.66472,-34.97182,0
            138.66479,-34.97189,0
            138.66484,-34.97195,0
            138.66494,-34.97208,0
            138.66495,-34.97213,0
            138.66496,-34.97219,0
            138.66497,-34.97223,0
            138.66498,-34.97226,0
            138.66498,-34.97229,0
            138.66499,-34.97233,0
            138.66499,-34.97236,0
            138.66499,-34.9724,0
            138.66499,-34.97244,0
            138.66498,-34.97254,0
            138.66496,-34.97281,0
            138.66495,-34.97286,0
            138.66495,-34.9729,0
            138.66494,-34.97294,0
            138.66493,-34.97299,0
            138.66493,-34.97303,0
            138.66492,-34.97306,0
            138.66492,-34.97315,0
            138.66492,-34.97328,0
            138.66491,-34.97334,0
            138.66491,-34.9734,0
            138.66492,-34.97345,0
            138.66492,-34.97364,0
            138.66494,-34.97382,0
            138.66494,-34.97387,0
            138.66494,-34.9739,0
            138.66494,-34.97395,0
            138.66495,-34.97398,0
            138.66495,-34.97401,0
            138.66496,-34.97405,0
            138.66497,-34.97408,0
            138.66498,-34.97411,0
            138.66498,-34.97414,0
            138.66499,-34.97416,0
            138.665,-34.97418,0
            138.66501,-34.97421,0
            138.66503,-34.97423,0
            138.66504,-34.97425,0
            138.66505,-34.97427,0
            138.66508,-34.9743,0
            138.66513,-34.97434,0
            138.66517,-34.97436,0
            138.66525,-34.9744,0
            138.66531,-34.97441,0
            138.66534,-34.97442,0
            138.66539,-34.97442,0
            138.66544,-34.97442,0
            138.66549,-34.97442,0
            138.66556,-34.97441,0
            138.6656,-34.9744,0
            138.66563,-34.97439,0
            138.66569,-34.97436,0
            138.66574,-34.97433,0
            138.66579,-34.9743,0
            138.66582,-34.97427,0
            138.66585,-34.97424,0
            138.66588,-34.97421,0
            138.66591,-34.97417,0
            138.66593,-34.97414,0
            138.66603,-34.97397,0
            138.66609,-34.97387,0
            138.66618,-34.97375,0
            138.66631,-34.9736,0
            138.66667,-34.97327,0
            138.66672,-34.97322,0
            138.66693,-34.97302,0
            138.66709,-34.9729,0
            138.66716,-34.97285,0
            138.66722,-34.97281,0
            138.66726,-34.97278,0
            138.66728,-34.97277,0
            138.66731,-34.97276,0
            138.66737,-34.97273,0
            138.66743,-34.9727,0
            138.66753,-34.97265,0
            138.66763,-34.97261,0
            138.66782,-34.97256,0
            138.6679,-34.97254,0
            138.66797,-34.97252,0
            138.66808,-34.9725,0
            138.66818,-34.97248,0
            138.66826,-34.97246,0
            138.66834,-34.97245,0
            138.66839,-34.97244,0
            138.6684,-34.97244,0
            138.66845,-34.97243,0
            138.66851,-34.97243,0
            138.66854,-34.97242,0
            138.6686,-34.97242,0
            138.66864,-34.97242,0
            138.6687,-34.97242,0
            138.66877,-34.97243,0
            138.66888,-34.97244,0
            138.66896,-34.97246,0
            138.66903,-34.97249,0
            138.66904,-34.97249,0
            138.66909,-34.97253,0
            138.66914,-34.97256,0
            138.66918,-34.97259,0
            138.66923,-34.97264,0
            138.66926,-34.97267,0
            138.66931,-34.97273,0
            138.66935,-34.97278,0
            138.66936,-34.97282,0
            138.6694,-34.9729,0
            138.66945,-34.97298,0
            138.66947,-34.97304,0
            138.6695,-34.9731,0
            138.66952,-34.97314,0
            138.66953,-34.97317,0
            138.66955,-34.9732,0
            138.66958,-34.97325,0
            138.66965,-34.97336,0
            138.66967,-34.9734,0
            138.66973,-34.97347,0
            138.66979,-34.97353,0
            138.66986,-34.97358,0
            138.66995,-34.97363,0
            138.67008,-34.97371,0
            138.67018,-34.97377,0
            138.67032,-34.97382,0
            138.67047,-34.97389,0
            138.67056,-34.97394,0
            138.67061,-34.97397,0
            138.67066,-34.97401,0
            138.67073,-34.97406,0
            138.6708,-34.97413,0
            138.67087,-34.97422,0
            138.67092,-34.97433,0
            138.67096,-34.97445,0
            138.67106,-34.97482,0
            138.67114,-34.97512,0
            138.67116,-34.9752,0
            138.6712,-34.9753,0
            138.67123,-34.97538,0
            138.67126,-34.97543,0
            138.67128,-34.97547,0
            138.67131,-34.9755,0
            138.67134,-34.97554,0
            138.67137,-34.97557,0
            138.6714,-34.97559,0
            138.67144,-34.97562,0
            138.67147,-34.97565,0
            138.67152,-34.97567,0
            138.67157,-34.97569,0
            138.67163,-34.97571,0
            138.67171,-34.97572,0
            138.67179,-34.97573,0
            138.67184,-34.97573,0
            138.67189,-34.97573,0
            138.67193,-34.97572,0
            138.67198,-34.97571,0
            138.67204,-34.9757,0
            138.67212,-34.97566,0
            138.67218,-34.97563,0
            138.67224,-34.97558,0
            138.67231,-34.97552,0
            138.67237,-34.97545,0
            138.67241,-34.9754,0
            138.67243,-34.97537,0
            138.67246,-34.97532,0
            138.67248,-34.97528,0
            138.67251,-34.97522,0
            138.67251,-34.97521,0
            138.67255,-34.97512,0
            138.67259,-34.97504,0
            138.67264,-34.97495,0
            138.67278,-34.97469,0
            138.67286,-34.97455,0
            138.6729,-34.97449,0
            138.67307,-34.9743,0
            138.67315,-34.97423,0
            138.67326,-34.97416,0
            138.67335,-34.97411,0
            138.6735,-34.97406,0
            138.67355,-34.97405,0
            138.67361,-34.97403,0
            138.67369,-34.97402,0
            138.67375,-34.97402,0
            138.67391,-34.97403,0
            138.67405,-34.97405,0
            138.67413,-34.97407,0
            138.67424,-34.97409,0
            138.67432,-34.97412,0
            138.67438,-34.97414,0
            138.6746,-34.97422,0
            138.67472,-34.97428,0
            138.67538,-34.97451,0
            138.67585,-34.97468,0
            138.67614,-34.97478,0
            138.67641,-34.97488,0
            138.67674,-34.975,0
            138.67693,-34.97506,0
            138.67732,-34.9752,0
            138.67735,-34.9752,0
            138.67749,-34.97525,0
            138.67763,-34.97529,0
            138.67777,-34.97532,0
            138.67793,-34.97535,0
            138.67815,-34.97538,0
            138.67841,-34.97542,0
            138.67869,-34.97545,0
            138.67892,-34.97547,0
            138.67905,-34.97548,0
            138.67929,-34.97549,0
            138.67949,-34.9755,0
            138.6797,-34.97552,0
            138.67993,-34.97555,0
            138.68015,-34.97559,0
            138.68018,-34.9756,0
            138.68021,-34.97561,0
            138.68046,-34.97566,0
            138.68122,-34.97582,0
            138.68179,-34.97593,0
            138.68213,-34.976,0
            138.68231,-34.97602,0
            138.68253,-34.97603,0
            138.68312,-34.97606,0
            138.68337,-34.97608,0
            138.68359,-34.97609,0
            138.68404,-34.97611,0
            138.68436,-34.97614,0
            138.68458,-34.97616,0
            138.68477,-34.97619,0
            138.68496,-34.97624,0
            138.68517,-34.9763,0
            138.68537,-34.97639,0
            138.68559,-34.97651,0
            138.68577,-34.97661,0
            138.68592,-34.97674,0
            138.68605,-34.97687,0
            138.68619,-34.97704,0
            138.68631,-34.97723,0
            138.68638,-34.97739,0
            138.68642,-34.97752,0
            138.68646,-34.97765,0
            138.68649,-34.97785,0
            138.6865,-34.97807,0
            138.68648,-34.97837,0
            138.68646,-34.97874,0
            138.68646,-34.97875,0
            138.68645,-34.97896,0
            138.68647,-34.97913,0
            138.6865,-34.97928,0
            138.68654,-34.97941,0
          </coordinates>
        </LineString>
      </Placemark>
      <Placemark>
        <name>92 Mount Barker Rd, Mount Osmond SA 5064, Australia</name>
        <styleUrl>#icon-1899-DB4436-nodesc</styleUrl>
        <Point>
          <coordinates>
            138.6657903,-34.9673387,0
          </coordinates>
        </Point>
      </Placemark>
      <Placemark>
        <name>454 Mount Barker Rd, Crafers West SA 5152, Australia</name>
        <styleUrl>#icon-1899-DB4436-nodesc</styleUrl>
        <Point>
          <coordinates>
            138.6865351,-34.9794112,0
          </coordinates>
        </Point>
      </Placemark>
    </Folder>
    <Folder>
      <name><![CDATA[SS3 & SS9 CLELAND 1 & 2]]></name>
      <Placemark>
        <name><![CDATA[SS3 & SS9 CLELAND 1 & 2]]></name>
        <styleUrl>#line-1267FF-5000-nodesc</styleUrl>
        <LineString>
          <tessellate>1</tessellate>
          <coordinates>
            138.71158,-34.97164,0
            138.71178,-34.97148,0
            138.71203,-34.97128,0
            138.71218,-34.97118,0
            138.71231,-34.97109,0
            138.71241,-34.971,0
            138.71253,-34.97089,0
            138.71265,-34.97076,0
            138.71274,-34.97066,0
            138.71276,-34.97062,0
            138.71285,-34.9705,0
            138.71288,-34.97047,0
            138.71296,-34.97035,0
            138.71306,-34.97019,0
            138.71311,-34.97011,0
            138.71315,-34.97003,0
            138.71322,-34.96995,0
            138.71328,-34.96987,0
            138.71346,-34.96966,0
            138.71372,-34.96937,0
            138.71377,-34.96931,0
            138.71381,-34.96925,0
            138.71383,-34.96921,0
            138.71384,-34.96917,0
            138.71384,-34.96913,0
            138.71385,-34.96909,0
            138.71384,-34.969,0
            138.71381,-34.9689,0
            138.71379,-34.9688,0
            138.71376,-34.96874,0
            138.71373,-34.96867,0
            138.71367,-34.9686,0
            138.71359,-34.96854,0
            138.71348,-34.96846,0
            138.71314,-34.96824,0
            138.71313,-34.96824,0
            138.71298,-34.96814,0
            138.71296,-34.96813,0
            138.71288,-34.96808,0
            138.71278,-34.96803,0
            138.71264,-34.96796,0
            138.71252,-34.96791,0
            138.71241,-34.96785,0
            138.71232,-34.96779,0
            138.71224,-34.96773,0
            138.71208,-34.9676,0
            138.7119,-34.96747,0
            138.71176,-34.96738,0
            138.71163,-34.9673,0
            138.71146,-34.9672,0
            138.71092,-34.96678,0
            138.71082,-34.9667,0
            138.71076,-34.96666,0
            138.71076,-34.96665,0
            138.71072,-34.9666,0
            138.71071,-34.96655,0
            138.71071,-34.9665,0
            138.71071,-34.96649,0
            138.71071,-34.96645,0
            138.71073,-34.96641,0
            138.71076,-34.96636,0
            138.71079,-34.96632,0
            138.71086,-34.96621,0
            138.71093,-34.96614,0
            138.71102,-34.96606,0
            138.71115,-34.96597,0
            138.71122,-34.96594,0
            138.71137,-34.96589,0
            138.71158,-34.96583,0
            138.71171,-34.96579,0
            138.71191,-34.96569,0
            138.71215,-34.96556,0
            138.71228,-34.96551,0
            138.7124,-34.96546,0
            138.7125,-34.96542,0
            138.71261,-34.96538,0
            138.71273,-34.96532,0
            138.71279,-34.96528,0
            138.71282,-34.96526,0
            138.71284,-34.96523,0
            138.71286,-34.9652,0
            138.71286,-34.96517,0
            138.71285,-34.96512,0
            138.71284,-34.96507,0
            138.71281,-34.96499,0
            138.71278,-34.96492,0
            138.71276,-34.96486,0
            138.71274,-34.96478,0
            138.71275,-34.96475,0
            138.71275,-34.96471,0
            138.71277,-34.96468,0
            138.71279,-34.96465,0
            138.71282,-34.96461,0
            138.71287,-34.96459,0
            138.71294,-34.96456,0
            138.71308,-34.96454,0
            138.71319,-34.96453,0
            138.71327,-34.96453,0
            138.71334,-34.96454,0
            138.71343,-34.96455,0
            138.71352,-34.96458,0
            138.71359,-34.96459,0
            138.71367,-34.96461,0
            138.71374,-34.96462,0
            138.7138,-34.96462,0
            138.71386,-34.9646,0
            138.71393,-34.96456,0
            138.714,-34.96451,0
            138.71403,-34.96448,0
            138.71406,-34.96445,0
            138.7141,-34.96439,0
            138.71413,-34.96432,0
            138.71415,-34.96427,0
            138.71421,-34.96404,0
            138.7143,-34.96376,0
            138.71432,-34.96369,0
            138.7144,-34.96351,0
            138.71445,-34.96341,0
            138.71452,-34.96328,0
            138.71457,-34.96318,0
            138.71457,-34.96317,0
            138.71459,-34.96314,0
            138.71464,-34.96303,0
            138.71467,-34.96294,0
            138.71468,-34.96292,0
            138.71468,-34.96287,0
            138.71468,-34.96283,0
            138.71468,-34.96281,0
            138.71468,-34.9628,0
            138.71468,-34.96276,0
            138.71468,-34.96275,0
            138.71468,-34.96274,0
            138.71468,-34.96272,0
            138.71469,-34.9627,0
            138.71471,-34.96266,0
            138.71472,-34.96264,0
            138.71474,-34.96262,0
            138.71475,-34.9626,0
            138.71479,-34.96256,0
            138.71485,-34.96248,0
            138.71487,-34.96245,0
            138.71488,-34.96244,0
            138.71489,-34.96241,0
            138.7149,-34.96239,0
            138.7149,-34.96236,0
            138.7149,-34.96233,0
            138.71489,-34.96228,0
            138.71486,-34.96223,0
            138.71485,-34.96222,0
            138.71477,-34.96205,0
            138.71467,-34.96187,0
            138.71465,-34.96185,0
            138.71459,-34.96177,0
            138.71452,-34.96172,0
            138.71446,-34.96167,0
            138.71439,-34.96162,0
            138.71432,-34.96158,0
            138.71422,-34.9615,0
            138.71411,-34.96142,0
            138.71406,-34.96138,0
            138.71392,-34.96125,0
            138.71389,-34.96122,0
            138.71385,-34.96118,0
            138.71383,-34.96115,0
            138.71381,-34.9611,0
            138.7138,-34.96106,0
            138.71379,-34.96099,0
            138.71379,-34.9609,0
            138.71387,-34.96054,0
            138.71393,-34.96027,0
            138.71398,-34.96014,0
            138.71402,-34.96005,0
            138.71407,-34.95998,0
            138.7141,-34.95995,0
            138.71414,-34.95993,0
            138.71419,-34.9599,0
            138.71423,-34.95988,0
            138.7143,-34.95987,0
            138.71437,-34.95986,0
            138.71442,-34.95985,0
            138.71448,-34.95982,0
            138.71451,-34.95981,0
            138.71453,-34.95979,0
            138.71457,-34.95976,0
            138.7146,-34.95973,0
            138.71468,-34.95965,0
            138.7147,-34.95962,0
            138.71492,-34.95939,0
            138.71508,-34.95924,0
            138.71511,-34.9592,0
            138.71515,-34.95916,0
            138.71529,-34.95899,0
            138.7155,-34.95877,0
            138.71557,-34.95869,0
            138.71562,-34.95862,0
            138.71567,-34.95856,0
            138.71573,-34.95846,0
            138.71577,-34.95841,0
            138.7159,-34.95819,0
            138.71595,-34.95807,0
            138.71599,-34.95797,0
            138.71604,-34.95778,0
            138.71604,-34.95774,0
            138.71604,-34.95768,0
            138.71603,-34.95764,0
            138.71603,-34.95763,0
            138.716,-34.9576,0
            138.71597,-34.95757,0
            138.71593,-34.95754,0
          </coordinates>
        </LineString>
      </Placemark>
      <Placemark>
        <name>365B Mount Lofty Summit Rd, Cleland SA 5152, Australia</name>
        <styleUrl>#icon-1899-DB4436-nodesc</styleUrl>
        <Point>
          <coordinates>
            138.7115764,-34.9716403,0
          </coordinates>
        </Point>
      </Placemark>
      <Placemark>
        <name><![CDATA[Mount Lofty Summit Rd & Greenhill Road, Greenhill SA]]></name>
        <styleUrl>#icon-1899-DB4436-nodesc</styleUrl>
        <Point>
          <coordinates>
            138.7159269,-34.9575365,0
          </coordinates>
        </Point>
      </Placemark>
    </Folder>
    <Folder>
      <name><![CDATA[SS4 & SS7 CHERRYVILLE PLUS 1 & 2]]></name>
      <Placemark>
        <name><![CDATA[SS4 & SS7 CHERRYVILLE PLUS 1 & 2]]></name>
        <styleUrl>#line-1267FF-5000-nodesc</styleUrl>
        <LineString>
          <tessellate>1</tessellate>
          <coordinates>
            138.74658,-34.92776,0
            138.74668,-34.92761,0
            138.74706,-34.92676,0
            138.74718,-34.92641,0
            138.74727,-34.92622,0
            138.74736,-34.92607,0
            138.74746,-34.92594,0
            138.74748,-34.92593,0
            138.7475,-34.92591,0
            138.74779,-34.92576,0
            138.74783,-34.92575,0
            138.74787,-34.92573,0
            138.74792,-34.92568,0
            138.74795,-34.92567,0
            138.74803,-34.92561,0
            138.74828,-34.92536,0
            138.74844,-34.92528,0
            138.74851,-34.92523,0
            138.74855,-34.92522,0
            138.74859,-34.9252,0
            138.74863,-34.92519,0
            138.74868,-34.92519,0
            138.74869,-34.92518,0
            138.74894,-34.92517,0
            138.74898,-34.92516,0
            138.74902,-34.92516,0
            138.74906,-34.92515,0
            138.74909,-34.92515,0
            138.74913,-34.92514,0
            138.74922,-34.9251,0
            138.74947,-34.92495,0
            138.74961,-34.92483,0
            138.74976,-34.92465,0
            138.74987,-34.92436,0
            138.75003,-34.92404,0
            138.75017,-34.92387,0
            138.75042,-34.92365,0
            138.75057,-34.92355,0
            138.75067,-34.9235,0
            138.75076,-34.92347,0
            138.7508,-34.92347,0
            138.75116,-34.9234,0
            138.7513,-34.92335,0
            138.75202,-34.92291,0
            138.75209,-34.92284,0
            138.7521,-34.92282,0
            138.75214,-34.92278,0
            138.75219,-34.92268,0
            138.75219,-34.92266,0
            138.75226,-34.92253,0
            138.75233,-34.92246,0
            138.75235,-34.92245,0
            138.75236,-34.92244,0
            138.75241,-34.92242,0
            138.7526,-34.92242,0
            138.75263,-34.92243,0
            138.75266,-34.92245,0
            138.75276,-34.92249,0
            138.75279,-34.92251,0
            138.75287,-34.92254,0
            138.7529,-34.92256,0
            138.75294,-34.92257,0
            138.75301,-34.92261,0
            138.75311,-34.92264,0
            138.75325,-34.92264,0
            138.75331,-34.92262,0
            138.75333,-34.92262,0
            138.75335,-34.9226,0
            138.75337,-34.92259,0
            138.75338,-34.92257,0
            138.7534,-34.92256,0
            138.75343,-34.92249,0
            138.75343,-34.92246,0
            138.75344,-34.92244,0
            138.75345,-34.92233,0
            138.75346,-34.92231,0
            138.75346,-34.92221,0
            138.7535,-34.92214,0
            138.75355,-34.92209,0
            138.75356,-34.92209,0
            138.75359,-34.92207,0
            138.75362,-34.92206,0
            138.75363,-34.92205,0
            138.75382,-34.92199,0
            138.75388,-34.92195,0
            138.75395,-34.92192,0
            138.75396,-34.92192,0
            138.75398,-34.9219,0
            138.75403,-34.92187,0
            138.75404,-34.92185,0
            138.75406,-34.92183,0
            138.75412,-34.92173,0
            138.75412,-34.92171,0
            138.75413,-34.92169,0
            138.75414,-34.92168,0
            138.75419,-34.92153,0
            138.75419,-34.92149,0
            138.7542,-34.92146,0
            138.7542,-34.92136,0
            138.75425,-34.92118,0
            138.75428,-34.92111,0
            138.75437,-34.92098,0
            138.75439,-34.92097,0
            138.7544,-34.92095,0
            138.75444,-34.92092,0
            138.75445,-34.9209,0
            138.75447,-34.92088,0
            138.75449,-34.92087,0
            138.7546,-34.92078,0
            138.75464,-34.92068,0
            138.75464,-34.92065,0
            138.75465,-34.92062,0
            138.75466,-34.92034,0
            138.75467,-34.92031,0
            138.75467,-34.92022,0
            138.75468,-34.92019,0
            138.75468,-34.9201,0
            138.75466,-34.91997,0
            138.75456,-34.9197,0
            138.75456,-34.91961,0
            138.7546,-34.91954,0
            138.75462,-34.91952,0
            138.75464,-34.91951,0
            138.75465,-34.9195,0
            138.75467,-34.9195,0
            138.75472,-34.91948,0
            138.75474,-34.91948,0
            138.75475,-34.91947,0
            138.75477,-34.91947,0
            138.75479,-34.91946,0
            138.75482,-34.91946,0
            138.75484,-34.91945,0
            138.75487,-34.91945,0
            138.75489,-34.91944,0
            138.75493,-34.91944,0
            138.75502,-34.91942,0
            138.75506,-34.9194,0
            138.75507,-34.91939,0
            138.75509,-34.91938,0
            138.75511,-34.91936,0
            138.75512,-34.91934,0
            138.75512,-34.91922,0
            138.7551,-34.91916,0
            138.7551,-34.91914,0
            138.75505,-34.91902,0
            138.75505,-34.91893,0
            138.75509,-34.91885,0
            138.75511,-34.91883,0
            138.75512,-34.91881,0
            138.75515,-34.91878,0
            138.75518,-34.91877,0
            138.75521,-34.91875,0
            138.75525,-34.91874,0
            138.75529,-34.91871,0
            138.75534,-34.9187,0
            138.75537,-34.91868,0
            138.75565,-34.91858,0
            138.75568,-34.91856,0
            138.75578,-34.91852,0
            138.75585,-34.91852,0
            138.75589,-34.91851,0
            138.75601,-34.91851,0
            138.75608,-34.91849,0
            138.75612,-34.91849,0
            138.75624,-34.91843,0
            138.75632,-34.91835,0
            138.75633,-34.91832,0
            138.75637,-34.91825,0
            138.75637,-34.91823,0
            138.7564,-34.91814,0
            138.75642,-34.918,0
            138.7564,-34.91792,0
            138.7564,-34.91789,0
            138.75637,-34.9178,0
            138.75635,-34.91778,0
            138.75629,-34.91767,0
            138.75627,-34.91761,0
            138.75625,-34.91759,0
            138.75614,-34.91734,0
            138.75607,-34.91702,0
            138.75601,-34.91649,0
            138.75602,-34.91632,0
            138.75623,-34.91596,0
            138.75624,-34.91593,0
            138.75624,-34.91589,0
            138.75619,-34.91578,0
            138.75569,-34.91529,0
            138.75555,-34.91508,0
            138.75553,-34.915,0
            138.75552,-34.9149,0
            138.75554,-34.91478,0
            138.75561,-34.91461,0
            138.75573,-34.91445,0
            138.75615,-34.91408,0
            138.75638,-34.91396,0
            138.75678,-34.9138,0
            138.75685,-34.91376,0
            138.75693,-34.91369,0
            138.75706,-34.9135,0
            138.75706,-34.91343,0
            138.75705,-34.91341,0
            138.75705,-34.91339,0
            138.75702,-34.91331,0
            138.75698,-34.91325,0
            138.75697,-34.91321,0
            138.75695,-34.91318,0
            138.75694,-34.91315,0
            138.75692,-34.91313,0
            138.75691,-34.9131,0
            138.75688,-34.91305,0
            138.75687,-34.91302,0
            138.75687,-34.913,0
            138.75685,-34.91293,0
            138.75685,-34.91291,0
            138.75684,-34.91289,0
            138.75684,-34.91286,0
            138.75683,-34.91284,0
            138.75683,-34.91281,0
            138.75685,-34.91275,0
            138.75685,-34.91273,0
            138.75706,-34.91245,0
            138.75717,-34.91219,0
            138.75755,-34.91108,0
            138.75766,-34.91093,0
            138.7578,-34.91081,0
            138.75792,-34.91073,0
            138.75821,-34.91059,0
            138.7583,-34.91056,0
            138.75863,-34.91039,0
            138.75867,-34.91036,0
            138.75889,-34.91024,0
            138.75892,-34.91023,0
            138.75896,-34.9102,0
            138.75903,-34.91017,0
            138.75931,-34.91012,0
            138.75952,-34.91012,0
            138.75958,-34.91011,0
            138.75977,-34.91012,0
            138.75999,-34.91021,0
            138.76023,-34.91028,0
            138.76044,-34.91029,0
            138.7607,-34.91025,0
            138.76095,-34.91016,0
            138.76119,-34.91002,0
            138.76138,-34.90985,0
            138.76166,-34.90941,0
            138.7617,-34.90932,0
            138.76172,-34.90918,0
            138.76179,-34.90893,0
            138.7622,-34.90813,0
            138.76226,-34.90804,0
            138.76238,-34.90795,0
            138.76418,-34.90739,0
            138.76437,-34.90729,0
            138.76538,-34.9066,0
            138.76541,-34.90657,0
            138.76561,-34.90644,0
            138.76574,-34.90633,0
            138.76586,-34.90618,0
            138.76593,-34.9059,0
            138.76593,-34.90566,0
            138.76588,-34.90536,0
            138.76588,-34.90524,0
            138.7659,-34.90518,0
            138.76594,-34.90512,0
            138.76598,-34.90508,0
            138.76609,-34.90501,0
            138.76637,-34.90488,0
            138.76682,-34.90473,0
            138.7671,-34.90456,0
            138.76724,-34.90443,0
            138.76733,-34.90432,0
            138.76737,-34.90422,0
            138.76735,-34.90399,0
            138.76731,-34.9039,0
            138.76725,-34.90383,0
            138.76711,-34.90372,0
            138.76711,-34.90371,0
            138.76684,-34.90352,0
            138.7666,-34.90338,0
            138.76649,-34.90326,0
            138.76638,-34.90303,0
            138.76634,-34.90266,0
            138.76627,-34.90251,0
            138.76619,-34.90224,0
            138.76611,-34.90209,0
            138.76605,-34.90204,0
            138.76604,-34.90204,0
            138.76585,-34.90193,0
            138.7654,-34.9018,0
            138.76491,-34.90174,0
            138.7644,-34.90162,0
            138.76357,-34.90156,0
            138.76287,-34.90145,0
            138.76249,-34.90135,0
            138.76208,-34.9012,0
            138.76167,-34.90108,0
            138.76084,-34.90094,0
            138.76071,-34.90089,0
            138.76055,-34.90077,0
            138.75937,-34.89936,0
            138.75915,-34.89921,0
            138.75843,-34.8988,0
            138.75816,-34.89867,0
            138.75802,-34.89862,0
            138.75739,-34.89859,0
            138.75722,-34.89856,0
            138.75709,-34.89851,0
            138.75683,-34.89837,0
            138.75652,-34.89816,0
            138.75651,-34.89816,0
            138.75619,-34.89792,0
            138.75579,-34.89767,0
            138.75566,-34.89762,0
            138.75478,-34.89747,0
            138.75456,-34.89741,0
            138.75448,-34.89737,0
            138.75407,-34.89696,0
            138.75402,-34.89687,0
            138.75402,-34.8968,0
            138.75404,-34.89672,0
            138.75406,-34.8967,0
            138.75406,-34.89669,0
            138.75419,-34.89655,0
            138.7542,-34.89655,0
            138.75434,-34.89638,0
            138.75441,-34.89627,0
            138.75445,-34.89616,0
            138.75448,-34.89602,0
            138.75448,-34.89595,0
            138.75436,-34.89518,0
            138.75385,-34.89428,0
            138.75371,-34.89411,0
            138.75347,-34.89393,0
            138.75324,-34.8938,0
            138.75308,-34.89375,0
            138.75295,-34.89374,0
            138.75281,-34.89375,0
            138.75238,-34.89382,0
            138.7521,-34.89389,0
            138.7517,-34.89406,0
            138.75158,-34.89407,0
            138.7515,-34.89402,0
            138.75148,-34.894,0
            138.75143,-34.89391,0
            138.75143,-34.89386,0
            138.75145,-34.89383,0
            138.75147,-34.89378,0
            138.75155,-34.89367,0
            138.75162,-34.89348,0
            138.75159,-34.8933,0
            138.7514,-34.89293,0
            138.75137,-34.89285,0
            138.75135,-34.89282,0
            138.75134,-34.89279,0
            138.75133,-34.89256,0
            138.75134,-34.89251,0
            138.75138,-34.89244,0
            138.75143,-34.8923,0
            138.75145,-34.89213,0
            138.75144,-34.8919,0
            138.75137,-34.89177,0
            138.75115,-34.89146,0
            138.75076,-34.89107,0
            138.75023,-34.89067,0
            138.7499,-34.89045,0
            138.74957,-34.89015,0
            138.74895,-34.88969,0
            138.74894,-34.88963,0
            138.74892,-34.8896,0
            138.74891,-34.88957,0
            138.74891,-34.88954,0
            138.74897,-34.8893,0
            138.74902,-34.88917,0
            138.74908,-34.88876,0
            138.7491,-34.88839,0
            138.74902,-34.88827,0
            138.74898,-34.88823,0
            138.74914,-34.8882,0
            138.74919,-34.88817,0
            138.74921,-34.88815,0
            138.74923,-34.88814,0
            138.74923,-34.88813,0
            138.74924,-34.88812,0
            138.74924,-34.88811,0
            138.74897,-34.88772,0
            138.74898,-34.88763,0
            138.74907,-34.88739,0
            138.74907,-34.88729,0
            138.74906,-34.88728,0
            138.74905,-34.88726,0
            138.74856,-34.88697,0
            138.74821,-34.88691,0
            138.74809,-34.88687,0
            138.74799,-34.88682,0
            138.74792,-34.88677,0
            138.74786,-34.88671,0
            138.74784,-34.88668,0
            138.74782,-34.88663,0
            138.74783,-34.88632,0
            138.74782,-34.88624,0
            138.74779,-34.88617,0
            138.74775,-34.88612,0
            138.74766,-34.88609,0
            138.74763,-34.88609,0
            138.74754,-34.88612,0
            138.74725,-34.88629,0
            138.74713,-34.88633,0
            138.74697,-34.88627,0
            138.74686,-34.8862,0
            138.74661,-34.88598,0
            138.74648,-34.88589,0
            138.74638,-34.88584,0
            138.74619,-34.88577,0
            138.74607,-34.88574,0
            138.7456,-34.88572,0
            138.74546,-34.88566,0
            138.74545,-34.88564,0
            138.74542,-34.88561,0
            138.74539,-34.88556,0
            138.74538,-34.88545,0
            138.74541,-34.88527,0
            138.74541,-34.88522,0
            138.74538,-34.88513,0
            138.74518,-34.8849,0
            138.74516,-34.88484,0
            138.74516,-34.8848,0
            138.74517,-34.88475,0
            138.7452,-34.88468,0
            138.74523,-34.88464,0
            138.74559,-34.88429,0
            138.74565,-34.88426,0
            138.7461,-34.88412,0
            138.74669,-34.88376,0
            138.74673,-34.88376,0
            138.74674,-34.88377,0
            138.74675,-34.88377,0
            138.74675,-34.88378,0
            138.74676,-34.88379,0
            138.74677,-34.88382,0
            138.74677,-34.88384,0
            138.74675,-34.88388,0
            138.74675,-34.88389,0
            138.74671,-34.88393,0
            138.74645,-34.88432,0
            138.74638,-34.88447,0
            138.74638,-34.88449,0
            138.74637,-34.88451,0
            138.74638,-34.88454,0
            138.74638,-34.88458,0
            138.74641,-34.88464,0
            138.74641,-34.88465,0
            138.74642,-34.88466,0
            138.74643,-34.88466,0
            138.74644,-34.88467,0
            138.74647,-34.88467,0
            138.74653,-34.88465,0
            138.74661,-34.8846,0
            138.74676,-34.88448,0
            138.74686,-34.88432,0
            138.74689,-34.88429,0
            138.7469,-34.88427,0
            138.74691,-34.88427,0
            138.74696,-34.88425,0
            138.74701,-34.88425,0
            138.7471,-34.88433,0
            138.74714,-34.88446,0
            138.74714,-34.88451,0
            138.74712,-34.88457,0
            138.74712,-34.88459,0
            138.74711,-34.88461,0
            138.74709,-34.88462,0
            138.74703,-34.88471,0
            138.74701,-34.88476,0
            138.74702,-34.88484,0
            138.74706,-34.88494,0
            138.74711,-34.88499,0
            138.7472,-34.88499,0
            138.7473,-34.88493,0
            138.74732,-34.8849,0
            138.74776,-34.88446,0
            138.74779,-34.88442,0
            138.74781,-34.88437,0
            138.74796,-34.88417,0
            138.74811,-34.88406,0
            138.7483,-34.88398,0
            138.74874,-34.88386,0
            138.74895,-34.88384,0
            138.75167,-34.88389,0
            138.75197,-34.88384,0
            138.75217,-34.88377,0
            138.75305,-34.88339,0
            138.75315,-34.88331,0
            138.75325,-34.8832,0
            138.75339,-34.88287,0
            138.75352,-34.8827,0
            138.75384,-34.88237,0
            138.75385,-34.88237,0
            138.75388,-34.88229,0
            138.75401,-34.88204,0
            138.75407,-34.88189,0
            138.7544,-34.88125,0
            138.75533,-34.8799,0
            138.75543,-34.87981,0
            138.75547,-34.87976,0
            138.75556,-34.8797,0
            138.75565,-34.87966,0
            138.75569,-34.87962,0
            138.75583,-34.87943,0
            138.75585,-34.87934,0
            138.75585,-34.87927,0
            138.75572,-34.87886,0
            138.7557,-34.87871,0
            138.75571,-34.87867,0
            138.75571,-34.87859,0
            138.75581,-34.87807,0
            138.75583,-34.87802,0
            138.75584,-34.87797,0
            138.75598,-34.8778,0
            138.75609,-34.87769,0
            138.75622,-34.87732,0
            138.75622,-34.87712,0
            138.75619,-34.877,0
            138.75615,-34.87691,0
            138.75609,-34.87684,0
            138.75596,-34.87672,0
            138.75573,-34.87659,0
            138.75562,-34.87651,0
            138.75561,-34.87647,0
            138.75558,-34.87642,0
            138.75558,-34.87638,0
            138.7556,-34.87629,0
            138.75574,-34.87606,0
            138.75586,-34.87582,0
            138.75587,-34.87581,0
            138.75589,-34.87569,0
            138.75578,-34.87492,0
            138.75579,-34.87475,0
            138.75578,-34.87445,0
            138.75572,-34.87428,0
            138.75564,-34.87417,0
            138.75556,-34.8741,0
            138.7554,-34.87402,0
            138.75515,-34.87396,0
            138.75499,-34.87394,0
            138.75497,-34.87393,0
            138.75488,-34.87392,0
            138.75473,-34.87387,0
            138.75463,-34.8738,0
            138.75454,-34.87369,0
            138.75449,-34.87358,0
            138.75447,-34.87351,0
            138.75447,-34.87337,0
            138.75454,-34.87319,0
            138.7546,-34.87308,0
            138.75467,-34.87291,0
            138.75472,-34.87274,0
            138.75476,-34.87246,0
            138.75476,-34.87233,0
            138.7548,-34.8719,0
            138.75478,-34.87164,0
            138.75474,-34.87153,0
            138.75463,-34.87141,0
            138.75449,-34.87134,0
            138.75441,-34.87132,0
            138.75428,-34.87131,0
            138.75422,-34.87132,0
            138.75403,-34.87138,0
            138.75392,-34.8714,0
            138.75383,-34.87143,0
            138.75365,-34.87146,0
            138.75345,-34.87147,0
            138.75325,-34.87145,0
            138.75303,-34.87139,0
            138.75291,-34.87134,0
            138.75257,-34.8711,0
            138.75239,-34.8709,0
            138.75234,-34.87077,0
            138.75231,-34.87063,0
            138.75233,-34.87034,0
            138.75237,-34.87023,0
            138.75283,-34.86932,0
            138.75307,-34.86944,0
            138.75363,-34.86958,0
            138.75376,-34.86958,0
            138.75411,-34.86951,0
            138.75471,-34.86928,0
            138.75602,-34.86871,0
            138.75617,-34.86861,0
            138.75622,-34.86856,0
            138.75627,-34.86848,0
            138.75674,-34.86743,0
            138.7568,-34.86733,0
            138.75713,-34.86698,0
            138.75841,-34.86509,0
            138.75872,-34.8647,0
            138.75892,-34.86457,0
            138.76121,-34.86403,0
            138.76153,-34.86399,0
            138.76216,-34.86405,0
            138.76245,-34.86405,0
            138.76268,-34.86401,0
            138.76286,-34.86396,0
            138.76297,-34.86391,0
            138.76315,-34.86379,0
            138.76322,-34.86373,0
            138.76326,-34.86367,0
            138.76334,-34.86359,0
            138.76341,-34.86347,0
            138.7635,-34.86323,0
            138.76361,-34.86275,0
            138.76367,-34.86258,0
            138.76382,-34.86238,0
            138.76395,-34.86226,0
            138.76405,-34.86219,0
            138.76429,-34.86207,0
            138.76444,-34.86203,0
            138.76471,-34.862,0
            138.76497,-34.86201,0
            138.76515,-34.86205,0
            138.76523,-34.86208,0
            138.76524,-34.86209,0
            138.76539,-34.86215,0
            138.7655,-34.86222,0
            138.76563,-34.86233,0
            138.76579,-34.86254,0
            138.76583,-34.86262,0
            138.76591,-34.86284,0
            138.766,-34.8635,0
            138.766,-34.86392,0
            138.76602,-34.86404,0
            138.76605,-34.86412,0
            138.76614,-34.86427,0
            138.76624,-34.86437,0
            138.76634,-34.86444,0
            138.76638,-34.86445,0
            138.76648,-34.8645,0
            138.76669,-34.86456,0
            138.76679,-34.86457,0
            138.76703,-34.86454,0
            138.76775,-34.86429,0
            138.76808,-34.86424,0
            138.76843,-34.86425,0
            138.76856,-34.86427,0
            138.76871,-34.86431,0
            138.76889,-34.86438,0
            138.7696,-34.86478,0
            138.76983,-34.86486,0
            138.77006,-34.86489,0
            138.77036,-34.86486,0
            138.77049,-34.86483,0
            138.77061,-34.86478,0
            138.77092,-34.8646,0
            138.771,-34.86454,0
            138.7714,-34.8643,0
            138.77161,-34.86422,0
            138.77196,-34.86416,0
            138.77213,-34.86416,0
            138.77232,-34.86418,0
            138.7746,-34.86468,0
            138.77493,-34.86473,0
            138.77523,-34.86471,0
            138.7754,-34.86467,0
            138.77711,-34.8641,0
            138.77732,-34.86407,0
            138.7776,-34.86408,0
            138.7779,-34.86413,0
            138.77828,-34.86424,0
            138.77874,-34.86429,0
            138.77902,-34.86426,0
            138.77984,-34.86408,0
            138.78369,-34.86404,0
            138.78398,-34.86398,0
            138.78409,-34.86394,0
            138.78416,-34.8639,0
            138.78432,-34.86376,0
            138.78443,-34.8636,0
            138.78445,-34.86352,0
            138.78447,-34.86334,0
            138.78429,-34.86154,0
            138.78434,-34.86129,0
            138.78441,-34.86113,0
            138.78456,-34.86093,0
            138.78472,-34.86078,0
            138.78486,-34.86069,0
            138.7852,-34.86055,0
            138.78539,-34.86051,0
            138.78639,-34.86046,0
            138.78663,-34.86043,0
            138.78688,-34.86035,0
            138.78704,-34.86026,0
            138.7872,-34.86013,0
            138.78729,-34.86001,0
            138.78736,-34.85984,0
            138.7874,-34.85966,0
            138.7874,-34.85952,0
            138.78736,-34.85935,0
            138.78669,-34.85815,0
            138.78664,-34.85802,0
            138.78662,-34.85787,0
            138.78663,-34.85778,0
            138.78669,-34.85762,0
            138.78675,-34.85753,0
            138.78682,-34.85745,0
            138.78692,-34.85737,0
            138.78704,-34.85731,0
            138.78725,-34.85723,0
            138.78752,-34.85722,0
            138.78766,-34.85725,0
            138.78781,-34.8573,0
            138.78806,-34.85746,0
            138.78859,-34.85797,0
            138.78882,-34.85811,0
            138.7891,-34.85816,0
            138.7893,-34.85816,0
            138.78938,-34.85815,0
            138.78956,-34.8581,0
            138.78962,-34.85807,0
            138.78982,-34.85793,0
            138.7899,-34.85783,0
            138.79001,-34.85761,0
            138.79033,-34.85672,0
            138.79082,-34.85566,0
            138.79097,-34.85517,0
            138.79097,-34.85513,0
            138.79098,-34.8551,0
            138.79098,-34.8549,0
            138.79086,-34.8542,0
            138.79086,-34.85405,0
            138.79092,-34.85384,0
            138.79099,-34.85371,0
            138.79101,-34.85365,0
            138.79135,-34.85312,0
            138.7915,-34.85283,0
            138.79152,-34.85273,0
            138.79152,-34.85257,0
            138.7915,-34.85244,0
            138.79139,-34.85217,0
            138.79128,-34.85196,0
            138.79118,-34.85181,0
            138.79105,-34.8515,0
            138.791,-34.85118,0
            138.79101,-34.85108,0
            138.79109,-34.85083,0
            138.79119,-34.85066,0
            138.79136,-34.85047,0
            138.79167,-34.85024,0
            138.79223,-34.8499,0
            138.79254,-34.84974,0
            138.79309,-34.84954,0
            138.79548,-34.84888,0
            138.79577,-34.84884,0
            138.79614,-34.84886,0
            138.79637,-34.84892,0
            138.79655,-34.84899,0
            138.79687,-34.84919,0
            138.79713,-34.8494,0
            138.7973,-34.84951,0
            138.79751,-34.84958,0
            138.79775,-34.8496,0
            138.79794,-34.84957,0
            138.79811,-34.84951,0
            138.79828,-34.84942,0
            138.79899,-34.84888,0
            138.79914,-34.84871,0
            138.79919,-34.84861,0
            138.79922,-34.84852,0
            138.79923,-34.84843,0
            138.7992,-34.84823,0
            138.7991,-34.84802,0
            138.79899,-34.8479,0
            138.79876,-34.84774,0
            138.79751,-34.84698,0
            138.79509,-34.84588,0
            138.79488,-34.84576,0
            138.79478,-34.84567,0
            138.79463,-34.84549,0
            138.79458,-34.84538,0
            138.79454,-34.84524,0
            138.79454,-34.84509,0
            138.79456,-34.84497,0
            138.79462,-34.84484,0
            138.79468,-34.84475,0
            138.79519,-34.84419,0
            138.79545,-34.84383,0
            138.7961,-34.84304,0
            138.79624,-34.84293,0
            138.79649,-34.84282,0
            138.7966,-34.84279,0
            138.7968,-34.84281,0
            138.79693,-34.84284,0
            138.79706,-34.84291,0
            138.79719,-34.843,0
            138.79729,-34.84305,0
            138.79741,-34.84308,0
            138.79754,-34.84309,0
            138.79767,-34.84308,0
            138.79786,-34.84304,0
            138.7988,-34.84277,0
            138.79881,-34.84276,0
            138.79898,-34.84269,0
            138.79985,-34.84205,0
            138.8001,-34.84174,0
            138.80022,-34.84162,0
            138.80036,-34.84154,0
            138.8005,-34.8415,0
            138.80056,-34.8415,0
            138.8008,-34.84154,0
            138.80122,-34.84171,0
            138.80208,-34.84224,0
            138.80219,-34.84228,0
            138.80231,-34.8423,0
            138.80318,-34.84228,0
            138.80338,-34.84222,0
            138.8035,-34.84212,0
            138.80356,-34.84201,0
            138.80364,-34.84172,0
            138.80365,-34.84165,0
            138.80364,-34.84158,0
            138.8036,-34.84146,0
            138.80351,-34.84127,0
            138.8034,-34.84092,0
            138.80334,-34.84079,0
            138.80312,-34.84047,0
            138.80308,-34.84038,0
            138.80307,-34.84034,0
            138.80307,-34.84029,0
            138.80312,-34.84017,0
            138.80318,-34.84012,0
            138.80324,-34.84009,0
            138.80331,-34.84007,0
            138.80346,-34.84006,0
            138.80362,-34.84008,0
            138.80452,-34.84042,0
            138.80475,-34.84044,0
            138.8051,-34.8404,0
            138.80526,-34.8404,0
            138.8055,-34.84043,0
            138.80563,-34.84046,0
            138.80581,-34.84053,0
            138.8059,-34.84058,0
            138.80644,-34.84078,0
            138.80662,-34.84087,0
            138.80688,-34.84105,0
            138.80699,-34.84111,0
            138.8071,-34.84115,0
            138.80718,-34.84116,0
            138.80737,-34.84113,0
            138.80747,-34.84109,0
            138.80758,-34.84101,0
            138.8077,-34.84088,0
            138.80795,-34.8405,0
            138.80806,-34.84027,0
            138.80818,-34.83992,0
            138.80823,-34.8397,0
            138.80823,-34.83945,0
            138.80825,-34.83931,0
            138.8083,-34.83917,0
            138.80836,-34.83907,0
            138.80844,-34.839,0
            138.80856,-34.83892,0
            138.80867,-34.83887,0
            138.80876,-34.83885,0
            138.80884,-34.83885,0
            138.80902,-34.8389,0
            138.80912,-34.83896,0
            138.80923,-34.83907,0
            138.8093,-34.83917,0
            138.80934,-34.83926,0
            138.80937,-34.83939,0
            138.80936,-34.83946,0
            138.80922,-34.8398,0
            138.80916,-34.84001,0
            138.80915,-34.84036,0
            138.80916,-34.84047,0
            138.80922,-34.84066,0
            138.80932,-34.84079,0
            138.80974,-34.84104,0
            138.81006,-34.84118,0
            138.81017,-34.84119,0
          </coordinates>
        </LineString>
      </Placemark>
      <Placemark>
        <name>3 Tembys Rd, Norton Summit SA 5136, Australia</name>
        <styleUrl>#icon-1899-DB4436-nodesc</styleUrl>
        <Point>
          <coordinates>
            138.7465776,-34.9277612,0
          </coordinates>
        </Point>
      </Placemark>
      <Placemark>
        <name><![CDATA[Prairie Rd & Gorge Road, Cudlee Creek SA]]></name>
        <styleUrl>#icon-1899-DB4436-nodesc</styleUrl>
        <Point>
          <coordinates>
            138.8101712,-34.8411943,0
          </coordinates>
        </Point>
      </Placemark>
    </Folder>
    <Folder>
      <name><![CDATA[SS5 & SS11 VISTA 1 & ANSTEY HILL]]></name>
      <Placemark>
        <name><![CDATA[SS5 & SS11 VISTA 1 & ANSTEY HILL]]></name>
        <styleUrl>#line-1267FF-5000-nodesc</styleUrl>
        <LineString>
          <tessellate>1</tessellate>
          <coordinates>
            138.74704,-34.84069,0
            138.7468,-34.84074,0
            138.74665,-34.84078,0
            138.74649,-34.84082,0
            138.74639,-34.84086,0
            138.74626,-34.84092,0
            138.74593,-34.8411,0
            138.74583,-34.84114,0
            138.7458,-34.84116,0
            138.74577,-34.84117,0
            138.74573,-34.84117,0
            138.74569,-34.84117,0
            138.74561,-34.84116,0
            138.74552,-34.84115,0
            138.74544,-34.84115,0
            138.74537,-34.84116,0
            138.74532,-34.84118,0
            138.74518,-34.84124,0
            138.74507,-34.84129,0
            138.74495,-34.84131,0
            138.7448,-34.84132,0
            138.74462,-34.8413,0
            138.74447,-34.84127,0
            138.7444,-34.84125,0
            138.74421,-34.84118,0
            138.74408,-34.84115,0
            138.74394,-34.84113,0
            138.74383,-34.84113,0
            138.7436,-34.84113,0
            138.74347,-34.84114,0
            138.74335,-34.84114,0
            138.74294,-34.84119,0
            138.74292,-34.8412,0
            138.74287,-34.8412,0
            138.74275,-34.84122,0
            138.7427,-34.84123,0
            138.74265,-34.84123,0
            138.74261,-34.84123,0
            138.74258,-34.84123,0
            138.74254,-34.84122,0
            138.74251,-34.84121,0
            138.74247,-34.8412,0
            138.74239,-34.84117,0
            138.74235,-34.84115,0
            138.74231,-34.84114,0
            138.74226,-34.84112,0
            138.74221,-34.8411,0
            138.74216,-34.84109,0
            138.7421,-34.84108,0
            138.74193,-34.84108,0
            138.74178,-34.84108,0
            138.74153,-34.84106,0
            138.74149,-34.84105,0
            138.74143,-34.84105,0
            138.74137,-34.84103,0
            138.74134,-34.84103,0
            138.74127,-34.84101,0
            138.74125,-34.841,0
            138.74122,-34.84099,0
            138.74117,-34.84096,0
            138.74112,-34.84094,0
            138.74106,-34.84089,0
            138.74085,-34.84071,0
            138.74069,-34.84057,0
            138.74062,-34.84051,0
            138.74053,-34.84044,0
            138.74037,-34.84033,0
            138.74023,-34.84025,0
            138.74007,-34.84018,0
            138.73988,-34.84014,0
            138.73982,-34.84013,0
            138.73978,-34.84012,0
            138.73969,-34.84011,0
            138.73964,-34.8401,0
            138.73959,-34.8401,0
            138.73954,-34.84009,0
            138.73949,-34.84009,0
            138.73945,-34.84009,0
            138.7394,-34.84009,0
            138.73936,-34.84009,0
            138.73931,-34.84009,0
            138.73894,-34.84013,0
            138.73862,-34.84017,0
            138.73852,-34.84019,0
            138.73845,-34.8402,0
            138.73836,-34.84022,0
            138.73826,-34.84026,0
            138.73814,-34.84032,0
            138.73799,-34.8404,0
            138.73673,-34.84106,0
            138.73632,-34.84126,0
            138.73628,-34.84128,0
            138.73598,-34.84142,0
            138.7356,-34.84164,0
            138.73555,-34.84167,0
            138.73538,-34.84177,0
            138.73502,-34.84195,0
            138.73477,-34.84206,0
            138.73464,-34.84215,0
            138.73432,-34.84243,0
            138.73416,-34.84256,0
            138.73405,-34.84263,0
            138.73395,-34.84267,0
            138.73374,-34.84275,0
            138.73353,-34.84281,0
            138.73344,-34.84283,0
            138.73334,-34.84285,0
            138.73323,-34.84285,0
            138.73308,-34.84283,0
            138.73297,-34.8428,0
            138.73287,-34.84278,0
            138.7328,-34.84278,0
            138.73272,-34.84278,0
            138.73266,-34.84279,0
            138.73257,-34.84282,0
            138.73248,-34.84286,0
            138.73215,-34.84307,0
            138.73208,-34.84311,0
            138.73199,-34.84314,0
            138.73187,-34.84316,0
            138.73173,-34.84318,0
            138.73164,-34.84318,0
            138.73154,-34.84317,0
            138.73146,-34.84314,0
            138.7314,-34.8431,0
            138.73138,-34.84308,0
            138.73135,-34.84306,0
            138.73131,-34.843,0
            138.73129,-34.84294,0
            138.73128,-34.84286,0
            138.73128,-34.84273,0
            138.7313,-34.84251,0
            138.73131,-34.8422,0
            138.73129,-34.84207,0
            138.73128,-34.84197,0
            138.73118,-34.8415,0
            138.73118,-34.84146,0
            138.73118,-34.8414,0
            138.7312,-34.84136,0
            138.73122,-34.84131,0
            138.73129,-34.84115,0
            138.73138,-34.84099,0
            138.73144,-34.8409,0
            138.73148,-34.84081,0
            138.7315,-34.84075,0
            138.73151,-34.84073,0
            138.73152,-34.8407,0
            138.73153,-34.84067,0
            138.73154,-34.84064,0
            138.73155,-34.84055,0
            138.73155,-34.84053,0
            138.73155,-34.84052,0
            138.73155,-34.8405,0
            138.73155,-34.84049,0
            138.73154,-34.84046,0
            138.73152,-34.8404,0
            138.73146,-34.8403,0
            138.73142,-34.84025,0
            138.7314,-34.84022,0
            138.73133,-34.84015,0
            138.73125,-34.84004,0
            138.73112,-34.83985,0
            138.73102,-34.83967,0
            138.73095,-34.83952,0
            138.73088,-34.83941,0
            138.73072,-34.83921,0
            138.73071,-34.83918,0
            138.7307,-34.83916,0
            138.73068,-34.8391,0
            138.73068,-34.83907,0
            138.73067,-34.83905,0
            138.73067,-34.83901,0
            138.73067,-34.83896,0
            138.73072,-34.83858,0
            138.73072,-34.83853,0
            138.73072,-34.83846,0
            138.73071,-34.83837,0
            138.73071,-34.83834,0
            138.73069,-34.8383,0
            138.73069,-34.83828,0
            138.73067,-34.83826,0
            138.73066,-34.83824,0
            138.73064,-34.83821,0
            138.73061,-34.83816,0
            138.73056,-34.83812,0
            138.73045,-34.83805,0
            138.73039,-34.83802,0
            138.73033,-34.83798,0
            138.73027,-34.83792,0
            138.73023,-34.83787,0
            138.73015,-34.83777,0
            138.73005,-34.83762,0
            138.72997,-34.83752,0
            138.72984,-34.83741,0
            138.7298,-34.83739,0
            138.72976,-34.83737,0
            138.72972,-34.83735,0
            138.7297,-34.83734,0
            138.72967,-34.83734,0
            138.72965,-34.83733,0
            138.72948,-34.83729,0
            138.72931,-34.83726,0
            138.72924,-34.83725,0
            138.72901,-34.83721,0
            138.72885,-34.83719,0
            138.72862,-34.83718,0
            138.72844,-34.83717,0
            138.7282,-34.83717,0
            138.72808,-34.83716,0
            138.72801,-34.83715,0
            138.72789,-34.83713,0
            138.72771,-34.8371,0
            138.72757,-34.83708,0
            138.72749,-34.83708,0
            138.72744,-34.83708,0
            138.72741,-34.83708,0
            138.72738,-34.83709,0
            138.72719,-34.83714,0
            138.72704,-34.83718,0
            138.72684,-34.83726,0
            138.72672,-34.83732,0
            138.72665,-34.83735,0
            138.72659,-34.83739,0
            138.7265,-34.83746,0
            138.72569,-34.83817,0
            138.72555,-34.8383,0
            138.72547,-34.8384,0
            138.72543,-34.83845,0
            138.72539,-34.83853,0
            138.72536,-34.8386,0
            138.72533,-34.83867,0
            138.72529,-34.83878,0
            138.72527,-34.8389,0
            138.72523,-34.83918,0
            138.72521,-34.83967,0
            138.72521,-34.83982,0
            138.7252,-34.8399,0
            138.72519,-34.83994,0
            138.72518,-34.83997,0
            138.72517,-34.83999,0
            138.72516,-34.84001,0
            138.72514,-34.84003,0
            138.72513,-34.84005,0
            138.72512,-34.84006,0
            138.72506,-34.8401,0
            138.725,-34.84014,0
            138.72493,-34.84016,0
            138.7249,-34.84017,0
            138.72487,-34.84017,0
            138.72483,-34.84018,0
            138.7248,-34.84018,0
            138.72428,-34.84016,0
            138.7237,-34.84014,0
            138.72346,-34.84013,0
            138.7233,-34.84011,0
            138.72318,-34.84009,0
            138.72302,-34.84006,0
            138.72291,-34.84003,0
          </coordinates>
        </LineString>
      </Placemark>
      <Placemark>
        <name><![CDATA[Lower North East Rd & Range Road South, Paracombe SA]]></name>
        <styleUrl>#icon-1899-DB4436-nodesc</styleUrl>
        <Point>
          <coordinates>
            138.7470351,-34.840693,0
          </coordinates>
        </Point>
      </Placemark>
      <Placemark>
        <name><![CDATA[Lower North East Rd & Perseverance Road, Vista SA]]></name>
        <styleUrl>#icon-1899-DB4436-nodesc</styleUrl>
        <Point>
          <coordinates>
            138.7229098,-34.8400317,0
          </coordinates>
        </Point>
      </Placemark>
    </Folder>
    <Folder>
      <name><![CDATA[SS6 Norton Summit & SS10 Teringie]]></name>
      <Placemark>
        <name><![CDATA[SS6 Norton Summit & SS10 Teringie]]></name>
        <styleUrl>#line-1267FF-5000-nodesc</styleUrl>
        <LineString>
          <tessellate>1</tessellate>
          <coordinates>
            138.68427,-34.9106,0
            138.6845,-34.91037,0
            138.68471,-34.91015,0
            138.68484,-34.91001,0
            138.68508,-34.90981,0
            138.68519,-34.90974,0
            138.68533,-34.90968,0
            138.68542,-34.90964,0
            138.68553,-34.90961,0
            138.68563,-34.90959,0
            138.68574,-34.90958,0
            138.68611,-34.90956,0
            138.68663,-34.90954,0
            138.6869,-34.90952,0
            138.68695,-34.90952,0
            138.68699,-34.9095,0
            138.68704,-34.90948,0
            138.68708,-34.90946,0
            138.68711,-34.90943,0
            138.68714,-34.9094,0
            138.68716,-34.90937,0
            138.68718,-34.90933,0
            138.68719,-34.90929,0
            138.68719,-34.90925,0
            138.68718,-34.90921,0
            138.68716,-34.90915,0
            138.68712,-34.90909,0
            138.68688,-34.90865,0
            138.68683,-34.90855,0
            138.6868,-34.90846,0
            138.68678,-34.90838,0
            138.68678,-34.90829,0
            138.68679,-34.90823,0
            138.68682,-34.90816,0
            138.68687,-34.90809,0
            138.68693,-34.90803,0
            138.68699,-34.90796,0
            138.68701,-34.90794,0
            138.68712,-34.90784,0
            138.68719,-34.90778,0
            138.68729,-34.9077,0
            138.6874,-34.90764,0
            138.68754,-34.90758,0
            138.68772,-34.90752,0
            138.68793,-34.90745,0
            138.68813,-34.90742,0
            138.68829,-34.90739,0
            138.68856,-34.90736,0
            138.68873,-34.90737,0
            138.6889,-34.90739,0
            138.6891,-34.90742,0
            138.68927,-34.90746,0
            138.68943,-34.90751,0
            138.68973,-34.90763,0
            138.68988,-34.90771,0
            138.69029,-34.90793,0
            138.69056,-34.9081,0
            138.69083,-34.90827,0
            138.69133,-34.90861,0
            138.69148,-34.90873,0
            138.69166,-34.90887,0
            138.69194,-34.90909,0
            138.69197,-34.90911,0
            138.69212,-34.90921,0
            138.69225,-34.90927,0
            138.69248,-34.90936,0
            138.69254,-34.90938,0
            138.69296,-34.9095,0
            138.69321,-34.90959,0
            138.6933,-34.90964,0
            138.69335,-34.90966,0
            138.69342,-34.90971,0
            138.69377,-34.9101,0
            138.69382,-34.91019,0
            138.69401,-34.91054,0
            138.69407,-34.91065,0
            138.6942,-34.91091,0
            138.69427,-34.91101,0
            138.69435,-34.91109,0
            138.69445,-34.91118,0
            138.69452,-34.91124,0
            138.6946,-34.9113,0
            138.69472,-34.91137,0
            138.69482,-34.91143,0
            138.69488,-34.91146,0
            138.69516,-34.91159,0
            138.69535,-34.91168,0
            138.6958,-34.91184,0
            138.69596,-34.91191,0
            138.69615,-34.912,0
            138.69628,-34.91206,0
            138.69637,-34.91211,0
            138.69647,-34.91217,0
            138.69653,-34.9122,0
            138.69658,-34.91221,0
            138.6967,-34.91224,0
            138.6969,-34.91225,0
            138.69696,-34.91225,0
            138.69702,-34.91226,0
            138.6971,-34.91228,0
            138.69714,-34.91229,0
            138.6972,-34.91231,0
            138.69725,-34.91233,0
            138.69757,-34.91251,0
            138.69781,-34.91263,0
            138.69785,-34.91264,0
            138.69789,-34.91265,0
            138.69792,-34.91265,0
            138.69794,-34.91264,0
            138.69798,-34.91263,0
            138.698,-34.91261,0
            138.69802,-34.91258,0
            138.69804,-34.91256,0
            138.69804,-34.91253,0
            138.69804,-34.9125,0
            138.69803,-34.91247,0
            138.69801,-34.91243,0
            138.69798,-34.91238,0
            138.69782,-34.91216,0
            138.69776,-34.9121,0
            138.69772,-34.91204,0
            138.69763,-34.91197,0
            138.69625,-34.91116,0
            138.6962,-34.91112,0
            138.69589,-34.91084,0
            138.69587,-34.9108,0
            138.69584,-34.91077,0
            138.69583,-34.91074,0
            138.69583,-34.91073,0
            138.69583,-34.91071,0
            138.69584,-34.91067,0
            138.69586,-34.91064,0
            138.69587,-34.91061,0
            138.6959,-34.91059,0
            138.69592,-34.91057,0
            138.69597,-34.91054,0
            138.69603,-34.9105,0
            138.6961,-34.91047,0
            138.69612,-34.91047,0
            138.69737,-34.91017,0
            138.69746,-34.91015,0
            138.69754,-34.91012,0
            138.69757,-34.9101,0
            138.69763,-34.91007,0
            138.6977,-34.91002,0
            138.69773,-34.90999,0
            138.69776,-34.90996,0
            138.69777,-34.90993,0
            138.69778,-34.90988,0
            138.69777,-34.90984,0
            138.69775,-34.90981,0
            138.69772,-34.90977,0
            138.69767,-34.90972,0
            138.69761,-34.90968,0
            138.69725,-34.90948,0
            138.69694,-34.90927,0
            138.69676,-34.90914,0
            138.69655,-34.90899,0
            138.69636,-34.90887,0
            138.69633,-34.90883,0
            138.69629,-34.90876,0
            138.69626,-34.90867,0
            138.69622,-34.90849,0
            138.69622,-34.90841,0
            138.69623,-34.90832,0
            138.69625,-34.90824,0
            138.69629,-34.90817,0
            138.69632,-34.90812,0
            138.69634,-34.90811,0
            138.69635,-34.9081,0
            138.69636,-34.90809,0
            138.69638,-34.90808,0
            138.69639,-34.90807,0
            138.69641,-34.90806,0
            138.69645,-34.90805,0
            138.69651,-34.90805,0
            138.69661,-34.90805,0
            138.6968,-34.90811,0
            138.69707,-34.90823,0
            138.69716,-34.90827,0
            138.69756,-34.90852,0
            138.69802,-34.90883,0
            138.69811,-34.90891,0
            138.69827,-34.90902,0
            138.69835,-34.90909,0
            138.69846,-34.90914,0
            138.69857,-34.90918,0
            138.69871,-34.9092,0
            138.69899,-34.90923,0
            138.69914,-34.90925,0
            138.69924,-34.90928,0
            138.69934,-34.90931,0
            138.69945,-34.90935,0
            138.69956,-34.90941,0
            138.69964,-34.90947,0
            138.69966,-34.90949,0
            138.69971,-34.90954,0
            138.69975,-34.90959,0
            138.6998,-34.90963,0
            138.69983,-34.90966,0
            138.69994,-34.90972,0
            138.70012,-34.90979,0
            138.70017,-34.9098,0
            138.70037,-34.90986,0
            138.70073,-34.91,0
            138.70089,-34.91008,0
            138.7012,-34.91025,0
            138.70131,-34.91031,0
            138.70145,-34.91037,0
            138.70153,-34.91039,0
            138.70173,-34.91045,0
            138.70293,-34.91081,0
            138.70327,-34.91091,0
            138.70351,-34.91099,0
            138.70376,-34.91111,0
            138.70431,-34.91142,0
            138.70483,-34.91175,0
            138.70489,-34.91179,0
            138.70496,-34.91182,0
            138.70502,-34.91182,0
            138.70507,-34.91182,0
            138.70512,-34.9118,0
            138.70517,-34.91178,0
            138.7052,-34.91175,0
            138.70522,-34.91172,0
            138.70524,-34.91168,0
            138.70525,-34.91161,0
            138.70525,-34.91155,0
            138.70523,-34.91148,0
            138.7052,-34.91142,0
            138.70488,-34.91072,0
            138.70487,-34.91071,0
            138.7048,-34.91057,0
            138.70479,-34.91055,0
            138.70459,-34.91024,0
            138.70448,-34.91008,0
            138.70439,-34.90993,0
            138.70433,-34.90986,0
            138.70427,-34.90978,0
            138.70426,-34.90977,0
            138.70417,-34.90968,0
            138.70404,-34.90956,0
            138.70393,-34.90942,0
            138.70376,-34.90914,0
            138.70364,-34.9089,0
            138.70347,-34.9085,0
            138.70341,-34.90832,0
            138.70339,-34.9082,0
            138.70338,-34.90811,0
            138.70338,-34.90802,0
            138.70345,-34.90785,0
            138.70346,-34.90781,0
            138.70352,-34.90768,0
            138.70354,-34.90765,0
            138.7036,-34.90751,0
            138.70361,-34.90751,0
            138.70371,-34.90735,0
            138.7038,-34.90723,0
            138.70383,-34.9072,0
            138.70395,-34.90705,0
            138.70414,-34.90684,0
            138.70421,-34.90677,0
            138.7043,-34.90668,0
            138.70435,-34.90663,0
            138.70439,-34.9066,0
            138.70447,-34.90654,0
            138.70452,-34.90651,0
            138.70455,-34.9065,0
            138.70462,-34.90646,0
            138.70469,-34.90644,0
            138.70472,-34.90644,0
            138.70478,-34.90643,0
            138.70487,-34.90644,0
            138.70493,-34.90646,0
            138.70494,-34.90646,0
            138.70501,-34.90649,0
            138.70507,-34.90654,0
            138.7051,-34.90658,0
            138.70514,-34.90666,0
            138.70518,-34.90674,0
            138.70519,-34.90675,0
            138.70522,-34.90681,0
            138.70528,-34.90689,0
            138.70535,-34.90694,0
            138.70548,-34.90702,0
            138.70561,-34.9071,0
            138.70564,-34.90712,0
            138.70571,-34.90717,0
            138.70574,-34.9072,0
            138.70577,-34.90724,0
            138.70577,-34.90725,0
            138.7058,-34.9073,0
            138.7058,-34.90735,0
            138.7058,-34.90743,0
            138.7058,-34.90754,0
            138.7058,-34.90761,0
            138.70579,-34.90778,0
            138.70579,-34.90784,0
            138.7058,-34.9079,0
            138.70581,-34.90796,0
            138.70584,-34.90805,0
            138.70589,-34.90815,0
            138.70594,-34.90826,0
            138.70599,-34.90834,0
            138.70606,-34.90841,0
            138.70614,-34.90846,0
            138.70621,-34.90849,0
            138.70627,-34.9085,0
            138.70639,-34.90852,0
            138.70645,-34.90854,0
            138.70651,-34.90856,0
            138.70659,-34.9086,0
            138.70667,-34.90864,0
            138.70678,-34.9087,0
            138.7069,-34.90879,0
            138.70697,-34.90883,0
            138.70703,-34.90889,0
            138.70709,-34.90893,0
            138.70728,-34.90911,0
            138.70734,-34.90915,0
            138.70736,-34.90916,0
            138.70743,-34.90921,0
            138.70753,-34.90926,0
            138.70763,-34.90931,0
            138.70771,-34.90933,0
            138.70771,-34.90934,0
            138.70792,-34.9094,0
            138.70798,-34.90943,0
            138.70805,-34.90945,0
            138.70811,-34.90948,0
            138.70812,-34.90948,0
            138.70819,-34.90952,0
            138.70865,-34.90978,0
            138.70872,-34.90983,0
            138.70876,-34.90986,0
            138.7088,-34.9099,0
            138.70885,-34.90994,0
            138.70889,-34.90998,0
            138.70892,-34.91004,0
            138.709,-34.91015,0
            138.70907,-34.91027,0
            138.70925,-34.91059,0
            138.70932,-34.91069,0
            138.70933,-34.9107,0
            138.70946,-34.91084,0
            138.70946,-34.91085,0
            138.70957,-34.91094,0
            138.70963,-34.91099,0
            138.70969,-34.91101,0
            138.7098,-34.91104,0
            138.71002,-34.91109,0
            138.71017,-34.91112,0
            138.71029,-34.91114,0
            138.71042,-34.91114,0
            138.71051,-34.91114,0
            138.71061,-34.91112,0
            138.71075,-34.91111,0
            138.71087,-34.9111,0
            138.71099,-34.9111,0
            138.7111,-34.91111,0
            138.71125,-34.91114,0
            138.71139,-34.91118,0
            138.71156,-34.91122,0
            138.71171,-34.91127,0
            138.71187,-34.91133,0
            138.71203,-34.91141,0
            138.71216,-34.91148,0
            138.71245,-34.91167,0
            138.7126,-34.91178,0
            138.71278,-34.9119,0
            138.71288,-34.91196,0
            138.713,-34.91202,0
            138.71311,-34.91206,0
            138.71327,-34.91213,0
            138.71331,-34.91215,0
            138.71338,-34.91219,0
            138.71343,-34.91222,0
            138.71349,-34.91226,0
            138.71356,-34.91231,0
            138.71468,-34.91351,0
            138.71476,-34.91361,0
            138.71476,-34.91362,0
            138.71483,-34.9137,0
            138.71489,-34.91379,0
            138.71502,-34.914,0
            138.71523,-34.91433,0
            138.71531,-34.91444,0
            138.71536,-34.9145,0
            138.71543,-34.91456,0
            138.71553,-34.91464,0
            138.71563,-34.91471,0
            138.71575,-34.91478,0
            138.7159,-34.91485,0
            138.71612,-34.91494,0
            138.71641,-34.91503,0
            138.71654,-34.91508,0
            138.71658,-34.9151,0
            138.71667,-34.91516,0
            138.71673,-34.91521,0
            138.71677,-34.91526,0
            138.7168,-34.91531,0
            138.71699,-34.91574,0
            138.71703,-34.91584,0
            138.71708,-34.91593,0
            138.71714,-34.91601,0
            138.71715,-34.91602,0
            138.7173,-34.91613,0
            138.71803,-34.91666,0
            138.71815,-34.91676,0
            138.71845,-34.91697,0
            138.71866,-34.9171,0
            138.71892,-34.91723,0
            138.71909,-34.91734,0
            138.7193,-34.91749,0
            138.71946,-34.9176,0
            138.71979,-34.91779,0
            138.71992,-34.91788,0
            138.71999,-34.91797,0
            138.72006,-34.91808,0
            138.72016,-34.91824,0
            138.72025,-34.91837,0
            138.72026,-34.91837,0
            138.72035,-34.91845,0
            138.72044,-34.91851,0
            138.72053,-34.91854,0
            138.72062,-34.91856,0
            138.72073,-34.91856,0
            138.72081,-34.91854,0
            138.7209,-34.91852,0
            138.72112,-34.91842,0
            138.72123,-34.91838,0
            138.72136,-34.91832,0
            138.72141,-34.91831,0
            138.72146,-34.9183,0
            138.7215,-34.9183,0
            138.72155,-34.91829,0
            138.72162,-34.9183,0
            138.72166,-34.91831,0
            138.72174,-34.91834,0
            138.72181,-34.91837,0
            138.72186,-34.91841,0
            138.72192,-34.91845,0
            138.72199,-34.91853,0
            138.72203,-34.91859,0
            138.72206,-34.91865,0
            138.7221,-34.91875,0
            138.72215,-34.91887,0
            138.72219,-34.91895,0
            138.72223,-34.91901,0
            138.7224,-34.91926,0
            138.72241,-34.91931,0
            138.72242,-34.91937,0
            138.72242,-34.91943,0
            138.72242,-34.91944,0
            138.72242,-34.91952,0
            138.7224,-34.91959,0
            138.72238,-34.91965,0
            138.72233,-34.91983,0
            138.72232,-34.9199,0
            138.72232,-34.91997,0
            138.72233,-34.92004,0
            138.72243,-34.92033,0
            138.72246,-34.9204,0
            138.72251,-34.92047,0
            138.72251,-34.92048,0
            138.72256,-34.92053,0
            138.72262,-34.92057,0
            138.72267,-34.92059,0
            138.72271,-34.92061,0
            138.7228,-34.92063,0
            138.72288,-34.92064,0
            138.72354,-34.92065,0
            138.72362,-34.92067,0
            138.72369,-34.9207,0
            138.72375,-34.92074,0
            138.72384,-34.92085,0
            138.72388,-34.92094,0
            138.7239,-34.92102,0
            138.7239,-34.92109,0
            138.72387,-34.92118,0
            138.72378,-34.92133,0
            138.72368,-34.92153,0
            138.72365,-34.92162,0
            138.72363,-34.92169,0
            138.72362,-34.92176,0
            138.72365,-34.92191,0
            138.72368,-34.92205,0
            138.72372,-34.9222,0
            138.7238,-34.92231,0
            138.72386,-34.92235,0
            138.72406,-34.92246,0
            138.72428,-34.92255,0
            138.72468,-34.92271,0
          </coordinates>
        </LineString>
      </Placemark>
      <Placemark>
        <name><![CDATA[Coach-House Drive & Norton Summit Road, Magill SA]]></name>
        <styleUrl>#icon-1899-DB4436-nodesc</styleUrl>
        <Point>
          <coordinates>
            138.6842695,-34.9105984,0
          </coordinates>
        </Point>
      </Placemark>
      <Placemark>
        <name>2 St John Rd, Norton Summit SA 5136, Australia</name>
        <styleUrl>#icon-1899-DB4436-nodesc</styleUrl>
        <Point>
          <coordinates>
            138.724681,-34.9227112,0
          </coordinates>
        </Point>
      </Placemark>
    </Folder>
    <Folder>
      <name>SS8 STAFFORD HILLCLIMB</name>
      <Placemark>
        <name>SS8 STAFFORD HILLCLIMB</name>
        <styleUrl>#line-1267FF-5000-nodesc</styleUrl>
        <LineString>
          <tessellate>1</tessellate>
          <coordinates>
            138.83853,-34.87678,0
            138.83854,-34.87683,0
            138.83861,-34.87706,0
            138.83865,-34.87718,0
            138.83882,-34.8775,0
            138.83913,-34.87787,0
            138.8393,-34.87807,0
            138.83971,-34.87848,0
            138.83978,-34.87856,0
            138.8399,-34.87871,0
            138.84018,-34.87905,0
            138.84025,-34.87912,0
            138.84031,-34.8792,0
            138.84039,-34.87933,0
            138.84044,-34.87941,0
            138.84056,-34.87959,0
            138.84072,-34.87982,0
            138.84075,-34.87988,0
            138.84079,-34.87998,0
            138.84081,-34.88005,0
            138.84082,-34.8801,0
            138.84083,-34.88016,0
            138.84083,-34.88024,0
            138.84082,-34.88035,0
            138.84078,-34.88048,0
            138.84073,-34.88064,0
            138.84067,-34.88082,0
            138.84064,-34.88091,0
            138.84061,-34.88097,0
            138.84024,-34.88174,0
            138.84003,-34.88218,0
            138.8399,-34.88246,0
            138.83983,-34.88261,0
            138.83972,-34.88284,0
            138.83938,-34.88361,0
            138.83912,-34.88431,0
            138.839,-34.88444,0
            138.83893,-34.8846,0
            138.83889,-34.88472,0
            138.83888,-34.88484,0
            138.83887,-34.88495,0
            138.83889,-34.88517,0
            138.83891,-34.88534,0
            138.83891,-34.88543,0
            138.83892,-34.88552,0
            138.83893,-34.88557,0
            138.83894,-34.88562,0
            138.83896,-34.88568,0
            138.83897,-34.88574,0
            138.83898,-34.88578,0
            138.83898,-34.88582,0
            138.839,-34.88594,0
            138.83901,-34.88606,0
            138.839,-34.88631,0
            138.83901,-34.8865,0
            138.839,-34.88664,0
            138.83899,-34.88669,0
            138.83898,-34.88673,0
            138.83895,-34.88679,0
            138.83892,-34.88685,0
            138.8389,-34.88688,0
            138.83886,-34.88691,0
            138.83879,-34.88698,0
            138.83871,-34.88705,0
            138.83862,-34.88711,0
            138.83849,-34.88719,0
            138.83845,-34.88722,0
            138.83837,-34.88727,0
            138.83822,-34.88738,0
            138.8381,-34.88747,0
            138.83798,-34.88758,0
            138.83787,-34.88769,0
            138.83773,-34.88784,0
            138.83756,-34.888,0
            138.83732,-34.88826,0
            138.83724,-34.88836,0
            138.83715,-34.88849,0
            138.83705,-34.88867,0
            138.83704,-34.88868,0
            138.83699,-34.88875,0
            138.83697,-34.8888,0
            138.83697,-34.88881,0
            138.83697,-34.88883,0
            138.83698,-34.88887,0
            138.83699,-34.8889,0
            138.83701,-34.88892,0
            138.83703,-34.88893,0
            138.83706,-34.88895,0
            138.83708,-34.88896,0
            138.83711,-34.88896,0
            138.83714,-34.88896,0
            138.83718,-34.88896,0
            138.83721,-34.88895,0
            138.83724,-34.88893,0
            138.83732,-34.88889,0
            138.83743,-34.88884,0
            138.83749,-34.88882,0
            138.8375,-34.88881,0
            138.83753,-34.8888,0
            138.83762,-34.88879,0
            138.83771,-34.88878,0
            138.83781,-34.88878,0
            138.8379,-34.88878,0
            138.838,-34.88879,0
            138.83805,-34.88878,0
            138.83809,-34.88878,0
            138.83815,-34.88876,0
            138.83816,-34.88876,0
            138.83823,-34.88874,0
            138.8383,-34.88871,0
            138.83837,-34.88869,0
            138.83842,-34.88868,0
            138.83846,-34.88867,0
            138.8385,-34.88867,0
            138.83854,-34.88867,0
            138.83857,-34.88867,0
            138.83863,-34.88868,0
            138.83869,-34.88869,0
            138.83876,-34.88872,0
            138.83882,-34.88874,0
            138.83889,-34.88878,0
            138.83892,-34.8888,0
            138.83895,-34.88883,0
            138.83903,-34.88892,0
            138.83915,-34.88908,0
            138.8392,-34.88914,0
            138.83926,-34.88919,0
            138.83936,-34.88925,0
            138.83937,-34.88926,0
            138.83955,-34.88934,0
            138.83966,-34.8894,0
            138.83971,-34.88944,0
            138.83977,-34.88949,0
            138.8398,-34.88956,0
            138.83984,-34.88965,0
            138.83987,-34.88973,0
            138.83991,-34.88991,0
            138.83993,-34.89002,0
            138.83993,-34.89006,0
            138.83993,-34.8901,0
            138.83992,-34.89014,0
            138.83991,-34.89018,0
            138.83989,-34.89023,0
            138.83986,-34.89027,0
            138.83982,-34.89035,0
            138.83978,-34.89042,0
            138.83973,-34.89051,0
            138.83967,-34.89067,0
            138.83964,-34.89073,0
            138.8396,-34.8908,0
            138.83949,-34.89099,0
            138.83941,-34.89113,0
            138.83938,-34.89117,0
            138.83931,-34.89129,0
            138.83922,-34.89145,0
            138.83931,-34.89148,0
            138.83961,-34.89156,0
            138.83985,-34.89161,0
            138.83998,-34.89164,0
            138.84006,-34.89166,0
            138.84019,-34.89169,0
            138.84027,-34.89171,0
            138.84044,-34.89176,0
            138.84064,-34.89181,0
            138.84079,-34.89185,0
            138.8411,-34.89195,0
            138.84124,-34.892,0
            138.8413,-34.89202,0
            138.84148,-34.89208,0
            138.84154,-34.89211,0
            138.84157,-34.89213,0
            138.8416,-34.89215,0
            138.84161,-34.89216,0
            138.84163,-34.89219,0
            138.84163,-34.89222,0
            138.84163,-34.89225,0
            138.84162,-34.89227,0
            138.84161,-34.89229,0
            138.8416,-34.89231,0
            138.84159,-34.89232,0
            138.84157,-34.89234,0
            138.84154,-34.89235,0
            138.84145,-34.8924,0
            138.84135,-34.89245,0
            138.84125,-34.89248,0
            138.84121,-34.89249,0
            138.84104,-34.89254,0
            138.84103,-34.89254,0
            138.84076,-34.8926,0
            138.84063,-34.89264,0
            138.84058,-34.89265,0
            138.84053,-34.89267,0
            138.84047,-34.89269,0
            138.84044,-34.89271,0
            138.84042,-34.89272,0
            138.84039,-34.89275,0
            138.84038,-34.89277,0
            138.84037,-34.8928,0
            138.84036,-34.89283,0
            138.84036,-34.89285,0
            138.84035,-34.89288,0
            138.84035,-34.89293,0
            138.84036,-34.89303,0
            138.84037,-34.89306,0
            138.84041,-34.8933,0
            138.84043,-34.89342,0
            138.84043,-34.89346,0
            138.84044,-34.89355,0
            138.84045,-34.89378,0
            138.84046,-34.89414,0
            138.84046,-34.89428,0
            138.84045,-34.89451,0
          </coordinates>
        </LineString>
      </Placemark>
      <Placemark>
        <name>Fox Creek Rd, Cudlee Creek SA 5232, Australia</name>
        <styleUrl>#icon-1899-DB4436-nodesc</styleUrl>
        <Point>
          <coordinates>
            138.8385294,-34.8767818,0
          </coordinates>
        </Point>
      </Placemark>
      <Placemark>
        <name>212 Staffords Rd, Lobethal SA 5241, Australia</name>
        <styleUrl>#icon-1899-DB4436-nodesc</styleUrl>
        <Point>
          <coordinates>
            138.8404527,-34.8945093,0
          </coordinates>
        </Point>
      </Placemark>
    </Folder>
    <Folder>
      <name>Untitled layer</name>
      <Placemark>
        <name>SS2 EAGLE ON THE HILL</name>
        <styleUrl>#poly-FF5252-1200-77-nodesc</styleUrl>
        <Polygon>
          <outerBoundaryIs>
            <LinearRing>
              <tessellate>1</tessellate>
              <coordinates>
                138.665572,-34.9674075,0
                138.6656686,-34.967513,0
                138.6658724,-34.9674954,0
                138.6662157,-34.9673372,0
                138.6668595,-34.9671701,0
                138.6676534,-34.9670119,0
                138.6684795,-34.9670031,0
                138.6693486,-34.9671438,0
                138.6701747,-34.9673987,0
                138.671151,-34.9677856,0
                138.6713334,-34.9679087,0
                138.6713012,-34.9681548,0
                138.6711725,-34.9682691,0
                138.6709364,-34.9681636,0
                138.6705931,-34.9679263,0
                138.6700245,-34.9676449,0
                138.6694773,-34.9675042,0
                138.6688872,-34.9673724,0
                138.6682542,-34.9673284,0
                138.6677714,-34.9675306,0
                138.6675139,-34.9679175,0
                138.6674603,-34.9684714,0
                138.6674925,-34.9691483,0
                138.6673852,-34.9694121,0
                138.6671277,-34.9694209,0
                138.6668702,-34.9691483,0
                138.6664518,-34.9689989,0
                138.6660334,-34.9690868,0
                138.6657544,-34.9694824,0
                138.6657437,-34.9699132,0
                138.665454,-34.9702297,0
                138.6646386,-34.9705726,0
                138.6642524,-34.9709682,0
                138.6641236,-34.9712583,0
                138.6642631,-34.9715924,0
                138.6645957,-34.9719793,0
                138.6647673,-34.9722782,0
                138.6646815,-34.9731222,0
                138.6647137,-34.974054,0
                138.6648317,-34.9744145,0
                138.6652716,-34.9745991,0
                138.6658402,-34.9745464,0
                138.6660977,-34.9742738,0
                138.6663445,-34.9738694,0
                138.6668917,-34.9732452,0
                138.6673852,-34.9729287,0
                138.6682328,-34.9726298,0
                138.6687799,-34.9726035,0
                138.6689945,-34.9727353,0
                138.6692627,-34.9731397,0
                138.6694344,-34.9735002,0
                138.670003,-34.9738958,0
                138.6707219,-34.9742738,0
                138.6708613,-34.9748453,0
                138.6710008,-34.975487,0
                138.6711939,-34.9757683,0
                138.6716982,-34.9759178,0
                138.6722453,-34.975865,0
                138.6726101,-34.9754431,0
                138.6729642,-34.974854,0
                138.6731358,-34.9745024,0
                138.6734255,-34.9742826,0
                138.6737688,-34.9742387,0
                138.6741658,-34.974265,0
                138.677878,-34.9755222,0
                138.6799379,-34.9757244,0
                138.6819657,-34.9761376,0
                138.6838647,-34.976287,0
                138.684841,-34.976331,0
                138.6854311,-34.9765683,0
                138.685989,-34.977043,0
                138.6862465,-34.9775617,0
                138.6862679,-34.9791792,0
                138.6862679,-34.9795133,0
                138.6866113,-34.9796012,0
                138.6867507,-34.9794781,0
                138.6866864,-34.979188,0
                138.6866434,-34.9786869,0
                138.6867078,-34.9779837,0
                138.6864825,-34.9772189,0
                138.6860212,-34.9766562,0
                138.6853774,-34.9762518,0
                138.6847444,-34.9760672,0
                138.6837037,-34.9759881,0
                138.6824592,-34.9759178,0
                138.6811181,-34.9756892,0
                138.6799057,-34.9754431,0
                138.6788758,-34.9753376,0
                138.678114,-34.9752672,0
                138.67673,-34.974854,0
                138.6740585,-34.9738958,0
                138.6734577,-34.9739222,0
                138.6729964,-34.974142,0
                138.6726638,-34.9746431,0
                138.6723741,-34.9751178,0
                138.672181,-34.9754255,0
                138.6718698,-34.9755573,0
                138.6715051,-34.9754519,0
                138.671269,-34.9750035,0
                138.6710759,-34.9743266,0
                138.6708613,-34.9739573,0
                138.6704858,-34.9737112,0
                138.6699816,-34.973465,0
                138.6697133,-34.9732277,0
                138.6695417,-34.9729112,0
                138.6693915,-34.9726122,0
                138.6692305,-34.9724013,0
                138.669016,-34.9723221,0
                138.6685117,-34.9722694,0
                138.6679216,-34.9723397,0
                138.6674174,-34.972498,0
                138.666838,-34.9728672,0
                138.6663552,-34.9733419,0
                138.6659904,-34.9737727,0
                138.6657008,-34.9741507,0
                138.665454,-34.9742387,0
                138.6652287,-34.974098,0
                138.6650678,-34.9737376,0
                138.6651214,-34.9733419,0
                138.6651321,-34.9728936,0
                138.6651643,-34.9721903,0
                138.6651214,-34.9719881,0
                138.6649283,-34.9717419,0
                138.6646601,-34.9715221,0
                138.6645635,-34.9713551,0
                138.6645742,-34.9711528,0
                138.6646815,-34.9709946,0
                138.6659261,-34.9704319,0
                138.6661728,-34.9702825,0
                138.6662479,-34.9700187,0
                138.6661621,-34.9696319,0
                138.6661621,-34.969456,0
                138.6662479,-34.9693681,0
                138.6663767,-34.969333,0
                138.666602,-34.9693945,0
                138.666838,-34.9696319,0
                138.6671492,-34.9697989,0
                138.6675783,-34.9697638,0
                138.6678036,-34.9695967,0
                138.6678358,-34.969289,0
                138.6678251,-34.9687263,0
                138.6678358,-34.9681285,0
                138.6679431,-34.9678471,0
                138.6680826,-34.9676889,0
                138.6684259,-34.9676713,0
                138.668898,-34.9677328,0
                138.6696597,-34.9679175,0
                138.6701961,-34.9681724,0
                138.6710008,-34.9685856,0
                138.6714085,-34.9685241,0
                138.6717626,-34.9682603,0
                138.6718591,-34.9679263,0
                138.6714085,-34.967557,0
                138.6703463,-34.9671526,0
                138.6692413,-34.9668097,0
                138.6680182,-34.9667305,0
                138.6669346,-34.9668536,0
                138.6658939,-34.9670998,0
                138.6656042,-34.9672405,0
                138.665572,-34.9674075,0
              </coordinates>
            </LinearRing>
          </outerBoundaryIs>
        </Polygon>
      </Placemark>
      <Placemark>
        <name><![CDATA[SS3 & SS9 CLELAND 1 & 2]]></name>
        <styleUrl>#poly-FF5252-1200-77-nodesc</styleUrl>
        <Polygon>
          <outerBoundaryIs>
            <LinearRing>
              <tessellate>1</tessellate>
              <coordinates>
                138.7137757,-34.9647651,0
                138.7138444,-34.9647291,0
                138.7140697,-34.964606,0
                138.7142467,-34.9643862,0
                138.7143111,-34.964118,0
                138.7144881,-34.9636916,0
                138.7147295,-34.9631729,0
                138.7148422,-34.9628739,0
                138.7148529,-34.9627376,0
                138.714928,-34.9626013,0
                138.715038,-34.96232,0
                138.7149441,-34.9620474,0
                138.7147886,-34.9617968,0
                138.7145525,-34.9615726,0
                138.7142682,-34.9613616,0
                138.7140751,-34.9611637,0
                138.7140053,-34.9609615,0
                138.7140268,-34.9607373,0
                138.7141287,-34.9604383,0
                138.7142199,-34.9600119,0
                138.7144077,-34.9599503,0
                138.7145632,-34.9599372,0
                138.7147134,-34.9598141,0
                138.7150139,-34.9595151,0
                138.7154484,-34.9590271,0
                138.7157917,-34.9585743,0
                138.7160385,-34.9582093,0
                138.7161457,-34.9578576,0
                138.7161511,-34.9575631,0
                138.7160331,-34.9574092,0
                138.715899,-34.9574048,0
                138.715781,-34.9575235,0
                138.7158346,-34.9576554,0
                138.715958,-34.9577345,0
                138.7159526,-34.9578356,0
                138.7159097,-34.9579851,0
                138.7157327,-34.9583149,0
                138.7155342,-34.9585874,0
                138.7151641,-34.9589699,0
                138.7146759,-34.9595195,0
                138.7144667,-34.9596866,0
                138.7142307,-34.9597393,0
                138.7140644,-34.9597921,0
                138.7139088,-34.9599855,0
                138.71378,-34.9603724,0
                138.7136513,-34.9609351,0
                138.7136996,-34.9611506,0
                138.713941,-34.9614231,0
                138.714472,-34.961832,0
                138.7146276,-34.9620914,0
                138.7147403,-34.9623332,0
                138.7146437,-34.9625134,0
                138.7145472,-34.9626057,0
                138.7145042,-34.9629443,0
                138.7142897,-34.9633487,0
                138.7140965,-34.9639422,0
                138.7139624,-34.9643554,0
                138.7138498,-34.9644653,0
                138.7136728,-34.9644697,0
                138.7134153,-34.9644126,0
                138.7131095,-34.9643862,0
                138.7128627,-34.9644214,0
                138.7126374,-34.9645401,0
                138.7125677,-34.9647291,0
                138.7126321,-34.9650325,0
                138.7126374,-34.9651116,0
                138.7125891,-34.9651995,0
                138.712337,-34.9653314,0
                138.7118059,-34.9655776,0
                138.7114358,-34.9657139,0
                138.7110388,-34.9658369,0
                138.7107438,-34.9660743,0
                138.7105936,-34.9663337,0
                138.7105399,-34.9665711,0
                138.7107652,-34.9668436,0
                138.7110925,-34.9671294,0
                138.7115536,-34.9674456,0
                138.7123583,-34.9680083,0
                138.7127875,-34.9682281,0
                138.7134473,-34.9686018,0
                138.7135814,-34.9687161,0
                138.7136404,-34.9688831,0
                138.7136404,-34.9691337,0
                138.7135224,-34.9693623,0
                138.7130664,-34.9699426,0
                138.7128304,-34.970325,0
                138.7122886,-34.9709668,0
                138.7118326,-34.9712965,0
                138.7114893,-34.9715426,0
                138.7114088,-34.9716218,0
                138.7114088,-34.9717097,0
                138.7114464,-34.971758,0
                138.7115805,-34.9717624,0
                138.7117092,-34.9717009,0
                138.711956,-34.9715031,0
                138.7125526,-34.9710778,0
                138.7130891,-34.970392,0
                138.7135826,-34.969759,0
                138.7139795,-34.9693194,0
                138.7140225,-34.9689326,0
                138.7139259,-34.9685457,0
                138.7133251,-34.9681149,0
                138.7126599,-34.9677984,0
                138.711233,-34.9667873,0
                138.7109326,-34.9665675,0
                138.7109647,-34.9663037,0
                138.7111364,-34.9660927,0
                138.7117694,-34.9659169,0
                138.7121342,-34.9657235,0
                138.7128637,-34.9654069,0
                138.7130032,-34.9652751,0
                138.712971,-34.9650465,0
                138.7129174,-34.9648179,0
                138.7130247,-34.9647211,0
                138.7134431,-34.9647124,0
                138.7137757,-34.9647651,0
              </coordinates>
            </LinearRing>
          </outerBoundaryIs>
        </Polygon>
      </Placemark>
      <Placemark>
        <name><![CDATA[SS5 & SS11 VISTA 1 & ANSTEY HILL]]></name>
        <styleUrl>#poly-FF5252-1200-77-nodesc</styleUrl>
        <Polygon>
          <outerBoundaryIs>
            <LinearRing>
              <tessellate>1</tessellate>
              <coordinates>
                138.722659,-34.8399938,0
                138.7227019,-34.8401171,0
                138.7228843,-34.8401875,0
                138.7240001,-34.8403196,0
                138.7250944,-34.8403108,0
                138.725427,-34.8400819,0
                138.7254699,-34.8398089,0
                138.7255343,-34.8386641,0
                138.7259098,-34.8381622,0
                138.7270256,-34.8373433,0
                138.7275299,-34.8372464,0
                138.7280556,-34.8373433,0
                138.7292036,-34.8374049,0
                138.7297829,-34.8376074,0
                138.7301262,-34.8379949,0
                138.7305339,-34.8382767,0
                138.7305232,-34.8386906,0
                138.730491,-34.8391485,0
                138.7306412,-34.839395,0
                138.7310918,-34.8401259,0
                138.7313386,-34.8404781,0
                138.7313279,-34.8407951,0
                138.7309738,-34.8413587,0
                138.7310275,-34.84157,0
                138.7311562,-34.8422569,0
                138.7310704,-34.8430141,0
                138.7312635,-34.8433135,0
                138.7318107,-34.8433751,0
                138.73239,-34.8432343,0
                138.732787,-34.8429789,0
                138.7330767,-34.8429965,0
                138.7334629,-34.8430405,0
                138.7339779,-34.842882,0
                138.7344929,-34.8425827,0
                138.734804,-34.8422833,0
                138.7365421,-34.8413499,0
                138.7383231,-34.8404253,0
                138.7386879,-34.8403284,0
                138.7393316,-34.8402756,0
                138.7397285,-34.8403196,0
                138.7402328,-34.8405045,0
                138.7405654,-34.8407423,0
                138.7409946,-34.8410857,0
                138.7414022,-34.8412266,0
                138.7421104,-34.8412618,0
                138.7426897,-34.8413939,0
                138.7439772,-34.8412971,0
                138.7443098,-34.8414027,0
                138.7449857,-34.8414908,0
                138.7452861,-34.8414027,0
                138.7454792,-34.8413059,0
                138.7458876,-34.8413154,0
                138.7463489,-34.8410864,0
                138.7469497,-34.8409015,0
                138.7472823,-34.8408223,0
                138.7473574,-34.8406814,0
                138.7471965,-34.8405141,0
                138.7470355,-34.8405141,0
                138.7467351,-34.8405933,0
                138.7457159,-34.8410424,0
                138.7452546,-34.841016,0
                138.744922,-34.8412097,0
                138.7444928,-34.8411305,0
                138.7440744,-34.8410072,0
                138.7435487,-34.8409632,0
                138.743023,-34.8410072,0
                138.742626,-34.8410512,0
                138.7421539,-34.8409015,0
                138.7413063,-34.8408135,0
                138.7410703,-34.8406109,0
                138.740727,-34.8402763,0
                138.7403408,-34.8400298,0
                138.7399009,-34.8399329,0
                138.7391606,-34.8398625,0
                138.7383774,-34.8399945,0
                138.737916,-34.8401795,0
                138.7369719,-34.840655,0
                138.7357703,-34.8413154,0
                138.7350729,-34.841694,0
                138.7343863,-34.8420462,0
                138.7340644,-34.8424161,0
                138.7336996,-34.842557,0
                138.7333241,-34.8426626,0
                138.73297,-34.842601,0
                138.7326589,-34.8425922,0
                138.73238,-34.8426978,0
                138.7320259,-34.8429004,0
                138.7317362,-34.842962,0
                138.7315646,-34.8429004,0
                138.7315109,-34.8427331,0
                138.731586,-34.8422664,0
                138.7315217,-34.8417909,0
                138.731468,-34.8413242,0
                138.7317791,-34.8407166,0
                138.7317899,-34.8404612,0
                138.731704,-34.8402587,0
                138.73135,-34.8397568,0
                138.7309423,-34.8391492,0
                138.7309101,-34.8389114,0
                138.7309959,-34.838568,0
                138.7309745,-34.8382422,0
                138.7308028,-34.8380837,0
                138.7304166,-34.8377138,0
                138.7301698,-34.8374144,0
                138.7298909,-34.8371943,0
                138.7288931,-34.8370534,0
                138.7280455,-34.8370182,0
                138.7274876,-34.8369389,0
                138.7270155,-34.8370005,0
                138.7264791,-34.8372031,0
                138.7258032,-34.8377579,0
                138.7253097,-34.838207,0
                138.7251595,-34.8384888,0
                138.7250307,-34.8388322,0
                138.7249878,-34.8392813,0
                138.7249556,-34.8396951,0
                138.7249234,-34.8399329,0
                138.7247839,-34.8399945,0
                138.7246016,-34.8400122,0
                138.7242153,-34.8400033,0
                138.7233892,-34.8399769,0
                138.7228957,-34.8398625,0
                138.7227455,-34.8398889,0
                138.722659,-34.8399938,0
              </coordinates>
            </LinearRing>
          </outerBoundaryIs>
        </Polygon>
      </Placemark>
      <Placemark>
        <name><![CDATA[SS6 & SS10 NORTON SUMMIT & TERINGIE]]></name>
        <styleUrl>#poly-FF5252-1200-77-nodesc</styleUrl>
        <Polygon>
          <outerBoundaryIs>
            <LinearRing>
              <tessellate>1</tessellate>
              <coordinates>
                138.6945869,-34.9110201,0
                138.6941363,-34.9102986,0
                138.6937071,-34.9097531,0
                138.6933638,-34.9095156,0
                138.6923982,-34.9091636,0
                138.6907996,-34.9079319,0
                138.689598,-34.9073864,0
                138.688686,-34.9071752,0
                138.6878921,-34.9072632,0
                138.687302,-34.907492,0
                138.6868192,-34.9078175,0
                138.686551,-34.908231,0
                138.6866583,-34.9085566,0
                138.6868085,-34.9088205,0
                138.6869909,-34.9091373,0
                138.6870458,-34.909213,0
                138.6870512,-34.9093494,0
                138.6869707,-34.9094087,0
                138.6866945,-34.9094483,0
                138.6863404,-34.9094659,0
                138.6858991,-34.909488,0
                138.6855987,-34.9095056,0
                138.6853627,-34.9095672,0
                138.6850033,-34.9097476,0
                138.6847458,-34.9099808,0
                138.6844776,-34.9102315,0
                138.6842415,-34.9104427,0
                138.6841342,-34.9105482,0
                138.6841289,-34.910601,0
                138.6841557,-34.9107154,0
                138.6842362,-34.9107242,0
                138.6843917,-34.9107242,0
                138.6852071,-34.9098928,0
                138.6854807,-34.909752,0
                138.685883,-34.9096772,0
                138.6865375,-34.9096684,0
                138.6870418,-34.9096156,0
                138.6872295,-34.909532,0
                138.6873368,-34.9094089,0
                138.6873583,-34.9092461,0
                138.6873314,-34.9091273,0
                138.6869398,-34.9084103,0
                138.6869667,-34.9081947,0
                138.6871973,-34.9079351,0
                138.6875675,-34.9076888,0
                138.6880288,-34.9075744,0
                138.6885062,-34.9075084,0
                138.6890159,-34.907526,0
                138.689445,-34.9076404,0
                138.6898581,-34.9078384,0
                138.6901531,-34.9080099,0
                138.6912421,-34.9087402,0
                138.6920199,-34.9093165,0
                138.6924276,-34.9094705,0
                138.6931465,-34.9096948,0
                138.6933771,-34.9098708,0
                138.6937044,-34.9102843,0
                138.693876,-34.910601,0
                138.694037,-34.9110145,0
                138.6942086,-34.9112257,0
                138.6947129,-34.9115336,0
                138.6956248,-34.9119295,0
                138.6963222,-34.9122639,0
                138.6966441,-34.9123958,0
                138.6971591,-34.9124574,0
                138.6977384,-34.9127477,0
                138.6980603,-34.9128005,0
                138.6981783,-34.9126862,0
                138.6982855,-34.9125366,0
                138.6980281,-34.9121715,0
                138.6976633,-34.911824,0
                138.6963866,-34.9109969,0
                138.6961184,-34.9107858,0
                138.6961827,-34.9106714,0
                138.6967406,-34.9104866,0
                138.6977813,-34.9101875,0
                138.6979315,-34.9100115,0
                138.6979315,-34.9097564,0
                138.6976848,-34.9095276,0
                138.6965368,-34.9087974,0
                138.696408,-34.9085334,0
                138.6964724,-34.9083487,0
                138.6966226,-34.9082607,0
                138.6968265,-34.9083047,0
                138.6979208,-34.9089558,0
                138.6982749,-34.9092285,0
                138.6988757,-34.9093781,0
                138.6992834,-34.9094485,0
                138.6995945,-34.9096596,0
                138.6998305,-34.9098444,0
                138.7005065,-34.9100731,0
                138.7009892,-34.9103019,0
                138.7014828,-34.9105394,0
                138.7034676,-34.9111289,0
                138.7041864,-34.9115336,0
                138.7048194,-34.9119295,0
                138.7051735,-34.9119911,0
                138.7053237,-34.9118943,0
                138.7054739,-34.9116216,0
                138.7054095,-34.9113049,0
                138.7046049,-34.909862,0
                138.7041972,-34.9094045,0
                138.703768,-34.9086654,0
                138.7035749,-34.9082255,0
                138.70365,-34.9078208,0
                138.7042401,-34.9070553,0
                138.7046371,-34.9066682,0
                138.7048516,-34.9066682,0
                138.7050018,-34.9068705,0
                138.7053237,-34.9071345,0
                138.7056241,-34.9073544,0
                138.7056026,-34.9077944,0
                138.7056885,-34.9081903,0
                138.7058387,-34.9084279,0
                138.7060425,-34.9086126,0
                138.7064073,-34.9087006,0
                138.7068472,-34.9089558,0
                138.7072656,-34.9093077,0
                138.707684,-34.90951,0
                138.7086604,-34.9099236,0
                138.7088642,-34.9102667,0
                138.7091432,-34.9106802,0
                138.7095294,-34.9111025,0
                138.7100873,-34.9112345,0
                138.710849,-34.9112609,0
                138.7112782,-34.9112609,0
                138.711997,-34.9115424,0
                138.7123618,-34.91178,0
                138.7128339,-34.9121055,0
                138.7133703,-34.9123694,0
                138.7137995,-34.9127565,0
                138.7145612,-34.9136451,0
                138.7149797,-34.9142698,0
                138.7149958,-34.914393,0
                138.7151835,-34.9145865,0
                138.7156985,-34.9149208,0
                138.7164388,-34.9152199,0
                138.7167285,-34.9155982,0
                138.7169323,-34.9161173,0
                138.7182734,-34.9170322,0
                138.7197218,-34.9179559,0
                138.7200651,-34.9184222,0
                138.7204406,-34.9186773,0
                138.7208483,-34.9186949,0
                138.7214813,-34.9184662,0
                138.7217281,-34.9185014,0
                138.7219534,-34.9188093,0
                138.722168,-34.9191964,0
                138.7222645,-34.9194691,0
                138.7221572,-34.9199529,0
                138.7222216,-34.9203136,0
                138.7224576,-34.9206743,0
                138.7228546,-34.9207886,0
                138.7233696,-34.9208062,0
                138.72367,-34.9208854,0
                138.7237129,-34.9210262,0
                138.7236271,-34.9212989,0
                138.723434,-34.9216331,0
                138.7234509,-34.9220213,0
                138.7236119,-34.9224084,0
                138.7240625,-34.9226547,0
                138.724556,-34.9228482,0
                138.7247169,-34.9228703,0
                138.7247759,-34.9228438,0
                138.7248081,-34.9228087,0
                138.7248082,-34.9227734,0
                138.7248189,-34.9227427,0
                138.7247866,-34.9226327,0
                138.7239874,-34.9222324,0
                138.7238265,-34.9219158,0
                138.7239123,-34.9215111,0
                138.7240839,-34.9211856,0
                138.7240625,-34.9208161,0
                138.7239016,-34.920561,0
                138.7235475,-34.9204642,0
                138.7230862,-34.9204906,0
                138.7227214,-34.9204379,0
                138.7225712,-34.9201915,0
                138.7225283,-34.9198924,0
                138.7226463,-34.9193822,0
                138.7225068,-34.9190039,0
                138.7223351,-34.9187312,0
                138.7221635,-34.9183529,0
                138.7219382,-34.9182298,0
                138.7215519,-34.9181242,0
                138.7211335,-34.9182034,0
                138.7208546,-34.9183617,0
                138.7205112,-34.9183441,0
                138.7203289,-34.9180714,0
                138.7201679,-34.9177987,0
                138.7192023,-34.9172005,0
                138.7185801,-34.9168486,0
                138.7172926,-34.9158808,0
                138.7169815,-34.9152034,0
                138.7168742,-34.9150187,0
                138.7165845,-34.9148955,0
                138.7162626,-34.9147635,0
                138.715576,-34.9144204,0
                138.7153185,-34.9141301,0
                138.7148464,-34.9133559,0
                138.7137735,-34.9122474,0
                138.7133766,-34.9119746,0
                138.7128187,-34.9116755,0
                138.7121749,-34.9112532,0
                138.7114883,-34.9110244,0
                138.7109089,-34.9109453,0
                138.709997,-34.9109013,0
                138.7095786,-34.9106373,0
                138.7092674,-34.910171,0
                138.7084735,-34.9094848,0
                138.7078512,-34.9091856,0
                138.7073148,-34.9089129,0
                138.7068105,-34.9085081,0
                138.706317,-34.9083146,0
                138.7061131,-34.9081474,0
                138.7060059,-34.9077163,0
                138.7060059,-34.9073028,0
                138.7058878,-34.9070388,0
                138.7055552,-34.9068716,0
                138.7053836,-34.9067221,0
                138.7052763,-34.9065021,0
                138.705051,-34.9063525,0
                138.7047077,-34.9062733,0
                138.7042892,-34.9064141,0
                138.7037635,-34.9069068,0
                138.7033236,-34.9075579,0
                138.7031627,-34.9079978,0
                138.7032915,-34.9086049,0
                138.7035704,-34.9093264,0
                138.7039674,-34.9097751,0
                138.7043536,-34.9102502,0
                138.7047613,-34.9108837,0
                138.7050295,-34.9114467,0
                138.7050295,-34.9115963,0
                138.7048793,-34.9115875,0
                138.7044394,-34.9112884,0
                138.703549,-34.9108485,0
                138.7020791,-34.910391,0
                138.7014997,-34.9101974,0
                138.7008131,-34.9098631,0
                138.6999655,-34.9095199,0
                138.6995686,-34.9092208,0
                138.6993003,-34.9091064,0
                138.6989677,-34.9090712,0
                138.6985493,-34.908992,0
                138.6974764,-34.908253,0
                138.6968005,-34.9079362,0
                138.6963177,-34.9078747,0
                138.6961461,-34.9079978,0
                138.6960066,-34.908209,0
                138.6959851,-34.9085169,0
                138.6960602,-34.9088513,0
                138.6962533,-34.9090712,0
                138.6968434,-34.9094496,0
                138.6973799,-34.9097311,0
                138.6975193,-34.9098895,0
                138.6973691,-34.9099951,0
                138.696425,-34.9102062,0
                138.6958564,-34.9103382,0
                138.695556,-34.9106197,0
                138.6956633,-34.9109628,0
                138.6963606,-34.9114028,0
                138.6975623,-34.9120802,0
                138.6978841,-34.9124409,0
                138.6977447,-34.9124497,0
                138.6972726,-34.912177,0
                138.696661,-34.9120714,0
                138.696189,-34.9118515,0
                138.6949873,-34.911306,0
                138.6947084,-34.9111916,0
                138.6945869,-34.9110201,0
              </coordinates>
            </LinearRing>
          </outerBoundaryIs>
        </Polygon>
      </Placemark>
      <Placemark>
        <name>SS8 STAFFORD HILLCLIMB</name>
        <styleUrl>#poly-FF5252-1200-77-nodesc</styleUrl>
        <Polygon>
          <outerBoundaryIs>
            <LinearRing>
              <tessellate>1</tessellate>
              <coordinates>
                138.839848,-34.8893564,0
                138.8395788,-34.889188,0
                138.8392971,-34.8890054,0
                138.8391791,-34.8888404,0
                138.8390504,-34.8887084,0
                138.8388841,-34.8886093,0
                138.8386105,-34.8885521,0
                138.8383932,-34.8885631,0
                138.8381599,-34.888649,0
                138.8380338,-34.8886798,0
                138.8375161,-34.8886864,0
                138.837315,-34.8887722,0
                138.8371943,-34.888825,0
                138.8371406,-34.888825,0
                138.8371326,-34.8887678,0
                138.8371916,-34.8886864,0
                138.837264,-34.8885477,0
                138.8373552,-34.8884179,0
                138.8375483,-34.8882221,0
                138.837778,-34.8880311,0
                138.8380033,-34.8877759,0
                138.8383359,-34.8875118,0
                138.8387436,-34.8872566,0
                138.8390225,-34.8869926,0
                138.8391513,-34.8867726,0
                138.8392157,-34.8864646,0
                138.8391728,-34.8859893,0
                138.8390977,-34.8853733,0
                138.8390547,-34.8849156,0
                138.8391298,-34.8845988,0
                138.8392908,-34.884326,0
                138.8395375,-34.8837275,0
                138.8397092,-34.8833314,0
                138.840192,-34.8823105,0
                138.8408437,-34.8808917,0
                138.840951,-34.8803637,0
                138.8410047,-34.8800776,0
                138.8409242,-34.8798092,0
                138.8406506,-34.8794439,0
                138.8403985,-34.8790786,0
                138.8401356,-34.878753,0
                138.8397977,-34.8783877,0
                138.8395134,-34.8781017,0
                138.8389769,-34.8775076,0
                138.8388535,-34.8773447,0
                138.8387302,-34.8769266,0
                138.8387087,-34.8767462,0
                138.8386497,-34.8766714,0
                138.8385585,-34.876645,0
                138.8384298,-34.8766758,0
                138.8383708,-34.8767814,0
                138.8384673,-34.8770719,0
                138.83858,-34.8773931,0
                138.838757,-34.8776704,0
                138.8392612,-34.8782689,0
                138.8395885,-34.8785902,0
                138.8399586,-34.8791315,0
                138.8403431,-34.8796544,0
                138.8406113,-34.8800768,0
                138.8406113,-34.8803233,0
                138.8404719,-34.8808426,0
                138.8402895,-34.8812562,0
                138.8396672,-34.8825148,0
                138.8390648,-34.8840848,0
                138.8388502,-34.8843752,0
                138.8386464,-34.8848328,0
                138.8387537,-34.8855985,0
                138.8388181,-34.886197,0
                138.8388502,-34.8866282,0
                138.8385284,-34.8869626,0
                138.8380027,-34.8873323,0
                138.837552,-34.8877195,0
                138.8372087,-34.8880891,0
                138.8369298,-34.8884939,0
                138.8367688,-34.8887843,0
                138.836801,-34.8890044,0
                138.8369727,-34.88911,0
                138.8372731,-34.8890748,0
                138.8375842,-34.8889604,0
                138.8379383,-34.888978,0
                138.8381958,-34.8889164,0
                138.8384533,-34.8888284,0
                138.8386357,-34.8888284,0
                138.8388073,-34.8889428,0
                138.8388932,-34.8891364,0
                138.8390755,-34.889374,0
                138.8395047,-34.8895412,0
                138.8396549,-34.889682,0
                138.8397193,-34.8900604,0
                138.8396013,-34.8903772,0
                138.8389575,-34.8914772,0
                138.8390219,-34.8915741,0
                138.840363,-34.8918909,0
                138.8414252,-34.8921725,0
                138.8414466,-34.8922605,0
                138.8413393,-34.8923309,0
                138.8410389,-34.8924101,0
                138.8405025,-34.8925157,0
                138.8402664,-34.8925949,0
                138.8401699,-34.8927093,0
                138.8402235,-34.8931493,0
                138.8402557,-34.8936597,0
                138.8402664,-34.8943197,0
                138.8402343,-34.8945925,0
                138.8403308,-34.8946981,0
                138.8404274,-34.8946981,0
                138.840599,-34.8946101,0
                138.8405883,-34.8940997,0
                138.8405132,-34.8932901,0
                138.840481,-34.8929117,0
                138.8405025,-34.8928149,0
                138.8406098,-34.8927621,0
                138.8415324,-34.8924981,0
                138.8417256,-34.8923485,0
                138.8418114,-34.8921989,0
                138.8417256,-34.8920317,0
                138.8404596,-34.8916357,0
                138.8394511,-34.891398,0
                138.839848,-34.8906676,0
                138.8400519,-34.8902276,0
                138.8400733,-34.889902,0
                138.8400304,-34.889638,0
                138.839848,-34.8893564,0
              </coordinates>
            </LinearRing>
          </outerBoundaryIs>
        </Polygon>
      </Placemark>
      <Placemark>
        <name>SS1 BEAUMONT</name>
        <styleUrl>#poly-FF5252-1200-77-nodesc</styleUrl>
        <Polygon>
          <outerBoundaryIs>
            <LinearRing>
              <tessellate>1</tessellate>
              <coordinates>
                138.6579072,-34.9553714,0
                138.6580153,-34.9556163,0
                138.6587503,-34.956289,0
                138.6590614,-34.956566,0
                138.6596729,-34.9567287,0
                138.6600538,-34.956865,0
                138.6603918,-34.9571683,0
                138.6605152,-34.9572343,0
                138.6607351,-34.957265,0
                138.6614647,-34.9574497,0
                138.6622103,-34.9575332,0
                138.6624249,-34.957586,0
                138.662677,-34.9577047,0
                138.6630364,-34.9578806,0
                138.6633368,-34.9582543,0
                138.6634119,-34.9583906,0
                138.6636158,-34.9584477,0
                138.6637821,-34.9583422,0
                138.6638733,-34.9582103,0
                138.6639698,-34.9581487,0
                138.6643346,-34.9580872,0
                138.664635,-34.9580696,0
                138.664973,-34.958074,0
                138.6652949,-34.95803,0
                138.665386,-34.9579157,0
                138.6653753,-34.9577267,0
                138.6652519,-34.9575069,0
                138.6650427,-34.9573178,0
                138.6648657,-34.9571727,0
                138.6645921,-34.9571244,0
                138.6642166,-34.9570804,0
                138.6640288,-34.95701,0
                138.6641844,-34.9570364,0
                138.6644312,-34.9570364,0
                138.6648657,-34.9569925,0
                138.6651446,-34.9570364,0
                138.6655738,-34.957098,0
                138.6658045,-34.9572079,0
                138.6661263,-34.9574585,0
                138.6664536,-34.9577135,0
                138.6666145,-34.9578806,0
                138.6667164,-34.9580432,0
                138.6667915,-34.9583598,0
                138.6667808,-34.9586324,0
                138.6667111,-34.9587027,0
                138.6667111,-34.9587862,0
                138.6668023,-34.9588346,0
                138.6669149,-34.9588038,0
                138.6670007,-34.9586587,0
                138.6670222,-34.9584565,0
                138.6669954,-34.9581883,0
                138.6669149,-34.9579289,0
                138.6667701,-34.9576915,0
                138.6664482,-34.9574365,0
                138.666121,-34.9571463,0
                138.6658206,-34.9569837,0
                138.6654558,-34.9568913,0
                138.6649247,-34.956821,0
                138.6644312,-34.9568518,0
                138.6641737,-34.9568474,0
                138.6639537,-34.9567946,0
                138.6636909,-34.9567858,0
                138.6635997,-34.9568737,0
                138.6636051,-34.9570408,0
                138.6636909,-34.9571507,0
                138.6639806,-34.9572343,0
                138.6645385,-34.9573266,0
                138.6647691,-34.9574365,0
                138.6649676,-34.9576256,0
                138.6650266,-34.9578058,0
                138.6646404,-34.9578058,0
                138.6641728,-34.9578863,0
                138.6637866,-34.9579214,0
                138.6635934,-34.9581149,0
                138.6634003,-34.9578159,0
                138.6631214,-34.9576049,0
                138.6627566,-34.9573938,0
                138.6622202,-34.9572883,0
                138.6615764,-34.9571476,0
                138.6610614,-34.9570773,0
                138.6603533,-34.9567607,0
                138.6599671,-34.9565673,0
                138.6594092,-34.9563738,0
                138.6590873,-34.9561276,0
                138.6586582,-34.9557583,0
                138.6584221,-34.9555473,0
                138.6583363,-34.9553186,0
                138.6581003,-34.9552307,0
                138.6579072,-34.9553714,0
              </coordinates>
            </LinearRing>
          </outerBoundaryIs>
        </Polygon>
      </Placemark>
      <Placemark>
        <name><![CDATA[SS4 & SS7 CHERRYVILLE PLUS 1 & 2]]></name>
        <styleUrl>#poly-FF5252-1200-77-nodesc</styleUrl>
        <Polygon>
          <outerBoundaryIs>
            <LinearRing>
              <tessellate>1</tessellate>
              <coordinates>
                138.7464367,-34.9282864,0
                138.7470375,-34.9283216,0
                138.7479817,-34.9261752,0
                138.7502133,-34.9250141,0
                138.7505995,-34.9239937,0
                138.7526595,-34.9230788,0
                138.7543761,-34.9224103,0
                138.7557923,-34.9190322,0
                138.7569939,-34.918434,0
                138.7566935,-34.9155132,0
                138.7560927,-34.9148094,0
                138.7576376,-34.9136833,0
                138.7573801,-34.9129091,0
                138.7581526,-34.9111143,0
                138.7597834,-34.9107624,0
                138.7617575,-34.9103401,0
                138.7627446,-34.9084396,0
                138.7663065,-34.9067503,0
                138.7664353,-34.9055537,0
                138.7681519,-34.9043219,0
                138.7676369,-34.9033364,0
                138.7665211,-34.9015766,0
                138.7607705,-34.9005207,0
                138.7581526,-34.8982681,0
                138.7547194,-34.8968954,0
                138.7550627,-34.8956634,0
                138.7539898,-34.8936571,0
                138.7520586,-34.8935515,0
                138.7518441,-34.891369,0
                138.7495696,-34.8895386,0
                138.7493979,-34.8867224,0
                138.7459217,-34.8851031,0
                138.7477242,-34.8852791,0
                138.7484108,-34.8844342,0
                138.7527453,-34.8841878,0
                138.7536894,-34.8835893,0
                138.756436,-34.8793999,0
                138.7567364,-34.876689,0
                138.7563073,-34.8762665,0
                138.7563502,-34.8740132,0
                138.7551056,-34.873309,0
                138.7552773,-34.8711965,0
                138.7531315,-34.8708796,0
                138.7532603,-34.8700698,0
                138.7555348,-34.8696825,0
                138.7571871,-34.8683797,0
                138.7588392,-34.8655276,0
                138.7599121,-34.8650698,0
                138.7623154,-34.8646473,0
                138.7636029,-34.8642952,0
                138.7646758,-34.862605,0
                138.7656199,-34.8646473,0
                138.7681948,-34.8648233,0
                138.7697398,-34.8654572,0
                138.7720572,-34.8646121,0
                138.7751042,-34.865105,0
                138.7773787,-34.8646825,0
                138.7850605,-34.8643656,0
                138.7850176,-34.8614781,0
                138.787893,-34.8605626,0
                138.7874638,-34.8580623,0
                138.7885367,-34.858661,0
                138.7900387,-34.8584497,0
                138.7917124,-34.8543647,0
                138.791927,-34.8509838,0
                138.7958323,-34.8494342,0
                138.7978493,-34.8502794,0
                138.7999951,-34.848765,0
                138.7998663,-34.8480254,0
                138.7952315,-34.8454896,0
                138.7965619,-34.8433763,0
                138.7976777,-34.8435172,0
                138.7995659,-34.8429889,0
                138.8006388,-34.8420379,0
                138.8018404,-34.8426719,0
                138.8036429,-34.8426367,0
                138.8042866,-34.8421788,0
                138.8039004,-34.8406995,0
                138.8072478,-34.8417561,0
                138.8078915,-34.84158,0
                138.8087927,-34.8392553,0
                138.8088356,-34.8409813,0
                138.8100373,-34.8419675,0
                138.8108527,-34.8414744,0
                138.810681,-34.8405938,0
                138.8098227,-34.8402064,0
                138.8097798,-34.8388327,0
                138.8085352,-34.8384804,0
                138.8079344,-34.8389383,0
                138.8072049,-34.8405234,0
                138.8031279,-34.8396076,0
                138.8024413,-34.8400655,0
                138.8031279,-34.8418618,0
                138.8023554,-34.8418618,0
                138.8002526,-34.8410517,0
                138.7976777,-34.8426367,0
                138.7961327,-34.8423901,0
                138.7938582,-34.8451022,0
                138.7946736,-34.8465462,0
                138.7984501,-34.8485185,0
                138.7976347,-34.849082,0
                138.7955319,-34.8484481,0
                138.7911545,-34.8500681,0
                138.7902533,-34.8515121,0
                138.7905537,-34.8527799,0
                138.7894808,-34.8574285,0
                138.7872492,-34.8566889,0
                138.7860047,-34.8575341,0
                138.7867342,-34.8598935,0
                138.7845026,-34.8601752,0
                138.7836014,-34.8611964,0
                138.7838589,-34.8635205,0
                138.7790524,-34.863767,0
                138.7770783,-34.8635909,0
                138.7749325,-34.86426,0
                138.771671,-34.8636613,0
                138.7702547,-34.8641543,0
                138.7681948,-34.8636261,0
                138.7669932,-34.8638022,0
                138.7657916,-34.8614781,0
                138.7633883,-34.8620415,0
                138.7627875,-34.8633444,0
                138.7584101,-34.8643656,0
                138.7559639,-34.8677459,0
                138.7538611,-34.8689783,0
                138.7522732,-34.8689431,0
                138.7515437,-34.8711613,0
                138.7525307,-34.8717951,0
                138.7542044,-34.8717951,0
                138.753904,-34.873978,0
                138.7552773,-34.8767946,0
                138.7550198,-34.8791887,0
                138.7531959,-34.8820579,0
                138.7517153,-34.8835189,0
                138.7487112,-34.8832372,0
                138.7475525,-34.8842582,0
                138.7466942,-34.883202,0
                138.7448059,-34.8844694,0
                138.7448059,-34.8857367,0
                138.7456213,-34.8864408,0
                138.7470375,-34.8867576,0
                138.7482821,-34.8876025,0
                138.7483679,-34.8897146,0
                138.7507712,-34.8920378,0
                138.7509858,-34.8946778,0
                138.7527882,-34.8943258,0
                138.7537753,-34.895945,0
                138.7534319,-34.8969658,0
                138.7543332,-34.8979161,0
                138.7586247,-34.8995704,0
                138.7601267,-34.9013303,0
                138.7655341,-34.9023861,0
                138.7667357,-34.9041107,0
                138.7651478,-34.9049202,0
                138.7651478,-34.9059761,0
                138.7642037,-34.9068911,0
                138.7615,-34.9079117,0
                138.7607275,-34.909777,0
                138.7590109,-34.9097066,0
                138.7571656,-34.9107976,0
                138.7561356,-34.9126276,0
                138.7563931,-34.9132962,0
                138.7550627,-34.9144223,0
                138.7550627,-34.915478,0
                138.7554919,-34.9158651,0
                138.7554919,-34.9181525,0
                138.7545048,-34.9189266,0
                138.7540327,-34.9195952,0
                138.753904,-34.9207213,0
                138.7533461,-34.9217417,0
                138.7527882,-34.9220232,0
                138.7516295,-34.9223751,0
                138.7491404,-34.9243456,0
                138.7469946,-34.9256826,0
                138.7460505,-34.9271604,0
                138.7464367,-34.9282864,0
              </coordinates>
            </LinearRing>
          </outerBoundaryIs>
        </Polygon>
      </Placemark>
    </Folder>
  </Document>
</kml>
