{
  "type": "FeatureCollection",
  "features": [
    {
      "type": "Feature",
      "id": "beaumont",
      "properties": {
        "featureId": "beaumont",
        "stageCodes": [
          "SS1"
        ],
        "name": "Beaumont",
        "day": 1,
        "sourceMid": "1Afv-5RMTbEXqJNsyUOICNB-Ts7k_294",
        "termini": [
          {
            "name": "32 Caithness Ave, Beaumont SA 5066, Australia",
            "coordinate": [
              138.658333,
              -34.955722
            ]
          },
          {
            "name": "117 Mount Osmond Rd, Mount Osmond SA 5064, Australia",
            "coordinate": [
              138.666845,
              -34.958765
            ]
          }
        ]
      },
      "geometry": {
        "type": "LineString",
        "coordinates": [
          [
            138.65833,
            -34.95572
          ],
          [
            138.65847,
            -34.95585
          ],
          [
            138.65856,
            -34.95593
          ],
          [
            138.6588,
            -34.95614
          ],
          [
            138.65891,
            -34.95623
          ],
          [
            138.65902,
            -34.95631
          ],
          [
            138.65916,
            -34.9564
          ],
          [
            138.65926,
            -34.95646
          ],
          [
            138.65939,
            -34.95652
          ],
          [
            138.65956,
            -34.95659
          ],
          [
            138.65971,
            -34.95663
          ],
          [
            138.65973,
            -34.95663
          ],
          [
            138.65991,
            -34.9567
          ],
          [
            138.65996,
            -34.95672
          ],
          [
            138.65998,
            -34.95673
          ],
          [
            138.66016,
            -34.95683
          ],
          [
            138.66019,
            -34.95684
          ],
          [
            138.66036,
            -34.95698
          ],
          [
            138.66042,
            -34.95703
          ],
          [
            138.6605,
            -34.95708
          ],
          [
            138.66057,
            -34.95712
          ],
          [
            138.66061,
            -34.95713
          ],
          [
            138.66068,
            -34.95714
          ],
          [
            138.66089,
            -34.95719
          ],
          [
            138.66111,
            -34.95725
          ],
          [
            138.66125,
            -34.95729
          ],
          [
            138.66143,
            -34.95733
          ],
          [
            138.66165,
            -34.95737
          ],
          [
            138.66178,
            -34.95739
          ],
          [
            138.662,
            -34.95741
          ],
          [
            138.6621,
            -34.95742
          ],
          [
            138.66224,
            -34.95743
          ],
          [
            138.6624,
            -34.95745
          ],
          [
            138.66256,
            -34.9575
          ],
          [
            138.66268,
            -34.95755
          ],
          [
            138.66293,
            -34.95768
          ],
          [
            138.66297,
            -34.9577
          ],
          [
            138.6631,
            -34.95779
          ],
          [
            138.66318,
            -34.95786
          ],
          [
            138.66323,
            -34.9579
          ],
          [
            138.66325,
            -34.95792
          ],
          [
            138.66333,
            -34.95804
          ],
          [
            138.66339,
            -34.95812
          ],
          [
            138.66344,
            -34.9582
          ],
          [
            138.66347,
            -34.95825
          ],
          [
            138.6635,
            -34.95828
          ],
          [
            138.66354,
            -34.9583
          ],
          [
            138.66358,
            -34.95831
          ],
          [
            138.6636,
            -34.95831
          ],
          [
            138.66361,
            -34.95831
          ],
          [
            138.66362,
            -34.9583
          ],
          [
            138.66363,
            -34.9583
          ],
          [
            138.66365,
            -34.95829
          ],
          [
            138.66366,
            -34.95829
          ],
          [
            138.66368,
            -34.95827
          ],
          [
            138.6637,
            -34.95825
          ],
          [
            138.66372,
            -34.9582
          ],
          [
            138.66373,
            -34.95818
          ],
          [
            138.66374,
            -34.95816
          ],
          [
            138.66375,
            -34.95814
          ],
          [
            138.66376,
            -34.95812
          ],
          [
            138.66378,
            -34.9581
          ],
          [
            138.6638,
            -34.95809
          ],
          [
            138.66383,
            -34.95807
          ],
          [
            138.66387,
            -34.95805
          ],
          [
            138.6639,
            -34.95805
          ],
          [
            138.66402,
            -34.95801
          ],
          [
            138.66411,
            -34.95799
          ],
          [
            138.66436,
            -34.95796
          ],
          [
            138.66466,
            -34.95794
          ],
          [
            138.66478,
            -34.95796
          ],
          [
            138.6649,
            -34.95796
          ],
          [
            138.66508,
            -34.95796
          ],
          [
            138.66513,
            -34.95796
          ],
          [
            138.66515,
            -34.95795
          ],
          [
            138.66517,
            -34.95794
          ],
          [
            138.66519,
            -34.95794
          ],
          [
            138.66521,
            -34.95793
          ],
          [
            138.66522,
            -34.95791
          ],
          [
            138.66524,
            -34.9579
          ],
          [
            138.66525,
            -34.95789
          ],
          [
            138.66526,
            -34.95787
          ],
          [
            138.66526,
            -34.95785
          ],
          [
            138.66526,
            -34.95782
          ],
          [
            138.66526,
            -34.95781
          ],
          [
            138.66525,
            -34.95778
          ],
          [
            138.66524,
            -34.95775
          ],
          [
            138.66523,
            -34.9577
          ],
          [
            138.66518,
            -34.95761
          ],
          [
            138.66518,
            -34.9576
          ],
          [
            138.66509,
            -34.95748
          ],
          [
            138.66506,
            -34.95746
          ],
          [
            138.66486,
            -34.9573
          ],
          [
            138.66481,
            -34.95726
          ],
          [
            138.66474,
            -34.95722
          ],
          [
            138.66473,
            -34.95722
          ],
          [
            138.66464,
            -34.9572
          ],
          [
            138.66456,
            -34.95719
          ],
          [
            138.66426,
            -34.95715
          ],
          [
            138.66404,
            -34.95711
          ],
          [
            138.66389,
            -34.95707
          ],
          [
            138.66386,
            -34.95706
          ],
          [
            138.66384,
            -34.95706
          ],
          [
            138.66382,
            -34.95705
          ],
          [
            138.66379,
            -34.95703
          ],
          [
            138.66377,
            -34.95701
          ],
          [
            138.66376,
            -34.95699
          ],
          [
            138.66376,
            -34.95698
          ],
          [
            138.66375,
            -34.95698
          ],
          [
            138.66375,
            -34.95696
          ],
          [
            138.66375,
            -34.95695
          ],
          [
            138.66376,
            -34.95694
          ],
          [
            138.66376,
            -34.95692
          ],
          [
            138.66377,
            -34.95691
          ],
          [
            138.66378,
            -34.95691
          ],
          [
            138.66379,
            -34.9569
          ],
          [
            138.6638,
            -34.9569
          ],
          [
            138.66381,
            -34.95689
          ],
          [
            138.66382,
            -34.95689
          ],
          [
            138.66384,
            -34.95689
          ],
          [
            138.6639,
            -34.95689
          ],
          [
            138.66394,
            -34.9569
          ],
          [
            138.66395,
            -34.9569
          ],
          [
            138.66415,
            -34.95696
          ],
          [
            138.66416,
            -34.95696
          ],
          [
            138.66419,
            -34.95696
          ],
          [
            138.66425,
            -34.95697
          ],
          [
            138.6644,
            -34.95695
          ],
          [
            138.66458,
            -34.95693
          ],
          [
            138.66467,
            -34.95693
          ],
          [
            138.66491,
            -34.95691
          ],
          [
            138.66511,
            -34.95693
          ],
          [
            138.66543,
            -34.95699
          ],
          [
            138.66561,
            -34.95703
          ],
          [
            138.66582,
            -34.95711
          ],
          [
            138.66595,
            -34.9572
          ],
          [
            138.66658,
            -34.95768
          ],
          [
            138.66674,
            -34.95786
          ],
          [
            138.66683,
            -34.95803
          ],
          [
            138.66684,
            -34.95808
          ],
          [
            138.66689,
            -34.95824
          ],
          [
            138.66692,
            -34.9584
          ],
          [
            138.66692,
            -34.95845
          ],
          [
            138.66692,
            -34.95854
          ],
          [
            138.66691,
            -34.95859
          ],
          [
            138.66688,
            -34.95867
          ],
          [
            138.6668,
            -34.95877
          ],
          [
            138.66684,
            -34.95877
          ]
        ]
      }
    },
    {
      "type": "Feature",
      "id": "carey-gully",
      "properties": {
        "featureId": "carey-gully",
        "stageCodes": [
          "SS2"
        ],
        "name": "Carey Gully",
        "day": 1,
        "sourceMid": "1Afv-5RMTbEXqJNsyUOICNB-Ts7k_294",
        "termini": [
          {
            "name": "2456 Greenhill Rd, Balhannah SA 5242, Australia",
            "coordinate": [
              138.795606,
              -34.985059
            ]
          },
          {
            "name": "2065 Greenhill Rd, Carey Gully SA 5144, Australia",
            "coordinate": [
              138.769794,
              -34.966306
            ]
          }
        ]
      },
      "geometry": {
        "type": "LineString",
        "coordinates": [
          [
            138.79561,
            -34.98506
          ],
          [
            138.79558,
            -34.98504
          ],
          [
            138.79549,
            -34.98497
          ],
          [
            138.79539,
            -34.98489
          ],
          [
            138.79525,
            -34.98476
          ],
          [
            138.79514,
            -34.98462
          ],
          [
            138.79506,
            -34.98452
          ],
          [
            138.79504,
            -34.98449
          ],
          [
            138.79499,
            -34.98441
          ],
          [
            138.79463,
            -34.98366
          ],
          [
            138.79462,
            -34.98365
          ],
          [
            138.79441,
            -34.98322
          ],
          [
            138.7943,
            -34.98299
          ],
          [
            138.79425,
            -34.98289
          ],
          [
            138.79421,
            -34.98282
          ],
          [
            138.79413,
            -34.98269
          ],
          [
            138.79403,
            -34.98256
          ],
          [
            138.79391,
            -34.98242
          ],
          [
            138.79369,
            -34.9822
          ],
          [
            138.79355,
            -34.98208
          ],
          [
            138.79319,
            -34.98176
          ],
          [
            138.79312,
            -34.9817
          ],
          [
            138.79304,
            -34.98163
          ],
          [
            138.79299,
            -34.98159
          ],
          [
            138.79244,
            -34.9811
          ],
          [
            138.79231,
            -34.981
          ],
          [
            138.79209,
            -34.98086
          ],
          [
            138.79198,
            -34.98081
          ],
          [
            138.79186,
            -34.98076
          ],
          [
            138.79163,
            -34.98068
          ],
          [
            138.7915,
            -34.98065
          ],
          [
            138.79121,
            -34.98056
          ],
          [
            138.79117,
            -34.98055
          ],
          [
            138.79109,
            -34.98053
          ],
          [
            138.79088,
            -34.98047
          ],
          [
            138.79059,
            -34.98039
          ],
          [
            138.79028,
            -34.9803
          ],
          [
            138.78999,
            -34.9802
          ],
          [
            138.78947,
            -34.97998
          ],
          [
            138.78937,
            -34.97994
          ],
          [
            138.78904,
            -34.97979
          ],
          [
            138.78877,
            -34.97968
          ],
          [
            138.78854,
            -34.97959
          ],
          [
            138.7884,
            -34.97955
          ],
          [
            138.78828,
            -34.97953
          ],
          [
            138.7882,
            -34.97952
          ],
          [
            138.78802,
            -34.97952
          ],
          [
            138.78765,
            -34.97953
          ],
          [
            138.78755,
            -34.97952
          ],
          [
            138.78744,
            -34.97951
          ],
          [
            138.78731,
            -34.97948
          ],
          [
            138.78722,
            -34.97946
          ],
          [
            138.78712,
            -34.97942
          ],
          [
            138.78711,
            -34.97942
          ],
          [
            138.787,
            -34.97936
          ],
          [
            138.78699,
            -34.97936
          ],
          [
            138.78684,
            -34.97925
          ],
          [
            138.78683,
            -34.97924
          ],
          [
            138.78657,
            -34.97897
          ],
          [
            138.78645,
            -34.97883
          ],
          [
            138.78632,
            -34.97866
          ],
          [
            138.7862,
            -34.97852
          ],
          [
            138.78602,
            -34.97835
          ],
          [
            138.78588,
            -34.97823
          ],
          [
            138.78573,
            -34.97813
          ],
          [
            138.78566,
            -34.97808
          ],
          [
            138.78544,
            -34.97797
          ],
          [
            138.78488,
            -34.97771
          ],
          [
            138.7845,
            -34.97754
          ],
          [
            138.78419,
            -34.97743
          ],
          [
            138.78399,
            -34.97738
          ],
          [
            138.78373,
            -34.97733
          ],
          [
            138.78353,
            -34.97728
          ],
          [
            138.78345,
            -34.97726
          ],
          [
            138.7834,
            -34.97724
          ],
          [
            138.78337,
            -34.97723
          ],
          [
            138.78329,
            -34.9772
          ],
          [
            138.78321,
            -34.97716
          ],
          [
            138.78315,
            -34.97711
          ],
          [
            138.78303,
            -34.977
          ],
          [
            138.78299,
            -34.97695
          ],
          [
            138.78295,
            -34.97688
          ],
          [
            138.7829,
            -34.97678
          ],
          [
            138.78289,
            -34.9767
          ],
          [
            138.78289,
            -34.97662
          ],
          [
            138.7829,
            -34.97652
          ],
          [
            138.78291,
            -34.97641
          ],
          [
            138.78292,
            -34.97635
          ],
          [
            138.78294,
            -34.97629
          ],
          [
            138.78296,
            -34.9762
          ],
          [
            138.78297,
            -34.97611
          ],
          [
            138.78296,
            -34.97602
          ],
          [
            138.78295,
            -34.97595
          ],
          [
            138.78294,
            -34.97591
          ],
          [
            138.78292,
            -34.97584
          ],
          [
            138.78291,
            -34.97581
          ],
          [
            138.78284,
            -34.97569
          ],
          [
            138.78267,
            -34.97548
          ],
          [
            138.78258,
            -34.9754
          ],
          [
            138.78257,
            -34.97539
          ],
          [
            138.78255,
            -34.97536
          ],
          [
            138.78251,
            -34.97531
          ],
          [
            138.78243,
            -34.9751
          ],
          [
            138.78241,
            -34.97493
          ],
          [
            138.7824,
            -34.97488
          ],
          [
            138.78239,
            -34.97477
          ],
          [
            138.78237,
            -34.97448
          ],
          [
            138.78233,
            -34.97403
          ],
          [
            138.78232,
            -34.97398
          ],
          [
            138.7823,
            -34.97387
          ],
          [
            138.78223,
            -34.97363
          ],
          [
            138.78216,
            -34.97344
          ],
          [
            138.78211,
            -34.97326
          ],
          [
            138.7821,
            -34.97322
          ],
          [
            138.7821,
            -34.97318
          ],
          [
            138.7821,
            -34.97313
          ],
          [
            138.7821,
            -34.97309
          ],
          [
            138.78215,
            -34.9728
          ],
          [
            138.78219,
            -34.97265
          ],
          [
            138.7822,
            -34.97256
          ],
          [
            138.78221,
            -34.97249
          ],
          [
            138.78222,
            -34.97238
          ],
          [
            138.78221,
            -34.97227
          ],
          [
            138.78219,
            -34.97215
          ],
          [
            138.78218,
            -34.97206
          ],
          [
            138.78213,
            -34.97195
          ],
          [
            138.78204,
            -34.97181
          ],
          [
            138.78174,
            -34.97144
          ],
          [
            138.78166,
            -34.97131
          ],
          [
            138.78165,
            -34.97127
          ],
          [
            138.78164,
            -34.97125
          ],
          [
            138.78162,
            -34.97121
          ],
          [
            138.7816,
            -34.97106
          ],
          [
            138.78156,
            -34.97059
          ],
          [
            138.78154,
            -34.97051
          ],
          [
            138.78151,
            -34.97044
          ],
          [
            138.78148,
            -34.97035
          ],
          [
            138.78145,
            -34.9703
          ],
          [
            138.7814,
            -34.97024
          ],
          [
            138.78136,
            -34.9702
          ],
          [
            138.78131,
            -34.97016
          ],
          [
            138.78126,
            -34.97012
          ],
          [
            138.78121,
            -34.97008
          ],
          [
            138.78116,
            -34.97006
          ],
          [
            138.7811,
            -34.97003
          ],
          [
            138.78103,
            -34.97
          ],
          [
            138.78096,
            -34.96998
          ],
          [
            138.78089,
            -34.96997
          ],
          [
            138.78087,
            -34.96996
          ],
          [
            138.78078,
            -34.96996
          ],
          [
            138.7807,
            -34.96997
          ],
          [
            138.78064,
            -34.96997
          ],
          [
            138.78057,
            -34.96998
          ],
          [
            138.78052,
            -34.96999
          ],
          [
            138.78046,
            -34.97
          ],
          [
            138.78038,
            -34.97003
          ],
          [
            138.78032,
            -34.97005
          ],
          [
            138.78021,
            -34.97011
          ],
          [
            138.78016,
            -34.97013
          ],
          [
            138.78014,
            -34.97015
          ],
          [
            138.7801,
            -34.97017
          ],
          [
            138.78007,
            -34.97021
          ],
          [
            138.77999,
            -34.97028
          ],
          [
            138.77995,
            -34.97032
          ],
          [
            138.77983,
            -34.97046
          ],
          [
            138.7797,
            -34.9706
          ],
          [
            138.77954,
            -34.97075
          ],
          [
            138.77946,
            -34.97081
          ],
          [
            138.77935,
            -34.97087
          ],
          [
            138.77921,
            -34.97093
          ],
          [
            138.77902,
            -34.97101
          ],
          [
            138.77897,
            -34.97102
          ],
          [
            138.77885,
            -34.97105
          ],
          [
            138.77876,
            -34.97107
          ],
          [
            138.77873,
            -34.97107
          ],
          [
            138.77866,
            -34.97107
          ],
          [
            138.77861,
            -34.97106
          ],
          [
            138.77856,
            -34.97105
          ],
          [
            138.77854,
            -34.97104
          ],
          [
            138.77849,
            -34.97103
          ],
          [
            138.77836,
            -34.97097
          ],
          [
            138.7782,
            -34.97086
          ],
          [
            138.77812,
            -34.9708
          ],
          [
            138.77807,
            -34.97077
          ],
          [
            138.77803,
            -34.97075
          ],
          [
            138.778,
            -34.97074
          ],
          [
            138.77793,
            -34.97072
          ],
          [
            138.77787,
            -34.9707
          ],
          [
            138.77781,
            -34.9707
          ],
          [
            138.77772,
            -34.97069
          ],
          [
            138.7776,
            -34.97068
          ],
          [
            138.77743,
            -34.97067
          ],
          [
            138.77726,
            -34.97066
          ],
          [
            138.77715,
            -34.97065
          ],
          [
            138.77714,
            -34.97064
          ],
          [
            138.77706,
            -34.97063
          ],
          [
            138.77696,
            -34.9706
          ],
          [
            138.77684,
            -34.97057
          ],
          [
            138.77676,
            -34.97053
          ],
          [
            138.77667,
            -34.97049
          ],
          [
            138.77649,
            -34.97038
          ],
          [
            138.77633,
            -34.97028
          ],
          [
            138.77618,
            -34.97018
          ],
          [
            138.77602,
            -34.9701
          ],
          [
            138.77598,
            -34.97007
          ],
          [
            138.77584,
            -34.97
          ],
          [
            138.77534,
            -34.96974
          ],
          [
            138.7753,
            -34.96972
          ],
          [
            138.77525,
            -34.9697
          ],
          [
            138.77519,
            -34.96967
          ],
          [
            138.77513,
            -34.96965
          ],
          [
            138.77505,
            -34.96963
          ],
          [
            138.77494,
            -34.9696
          ],
          [
            138.77491,
            -34.96959
          ],
          [
            138.77487,
            -34.96959
          ],
          [
            138.77484,
            -34.96958
          ],
          [
            138.77475,
            -34.96957
          ],
          [
            138.77471,
            -34.96957
          ],
          [
            138.77465,
            -34.96957
          ],
          [
            138.7746,
            -34.96956
          ],
          [
            138.77453,
            -34.96956
          ],
          [
            138.77444,
            -34.96957
          ],
          [
            138.77434,
            -34.96957
          ],
          [
            138.77429,
            -34.96958
          ],
          [
            138.77417,
            -34.9696
          ],
          [
            138.77392,
            -34.96966
          ],
          [
            138.77379,
            -34.96968
          ],
          [
            138.77377,
            -34.96969
          ],
          [
            138.77351,
            -34.96976
          ],
          [
            138.77317,
            -34.96985
          ],
          [
            138.77289,
            -34.96996
          ],
          [
            138.7721,
            -34.97026
          ],
          [
            138.77194,
            -34.97032
          ],
          [
            138.77181,
            -34.97036
          ],
          [
            138.77176,
            -34.97037
          ],
          [
            138.77162,
            -34.97041
          ],
          [
            138.7715,
            -34.97042
          ],
          [
            138.7714,
            -34.97043
          ],
          [
            138.77133,
            -34.97044
          ],
          [
            138.77126,
            -34.97043
          ],
          [
            138.77114,
            -34.97041
          ],
          [
            138.77106,
            -34.97038
          ],
          [
            138.77098,
            -34.97035
          ],
          [
            138.77093,
            -34.97031
          ],
          [
            138.77087,
            -34.97027
          ],
          [
            138.77083,
            -34.97023
          ],
          [
            138.77077,
            -34.97016
          ],
          [
            138.77073,
            -34.97011
          ],
          [
            138.7707,
            -34.97006
          ],
          [
            138.77067,
            -34.97001
          ],
          [
            138.77065,
            -34.96995
          ],
          [
            138.77063,
            -34.96991
          ],
          [
            138.77062,
            -34.96985
          ],
          [
            138.77061,
            -34.9698
          ],
          [
            138.7706,
            -34.96975
          ],
          [
            138.7706,
            -34.9697
          ],
          [
            138.77061,
            -34.96965
          ],
          [
            138.77062,
            -34.96959
          ],
          [
            138.77064,
            -34.96951
          ],
          [
            138.77068,
            -34.96944
          ],
          [
            138.77074,
            -34.96934
          ],
          [
            138.77107,
            -34.96891
          ],
          [
            138.77127,
            -34.96863
          ],
          [
            138.77131,
            -34.96858
          ],
          [
            138.77142,
            -34.96841
          ],
          [
            138.77145,
            -34.96835
          ],
          [
            138.77147,
            -34.9683
          ],
          [
            138.77149,
            -34.96824
          ],
          [
            138.7715,
            -34.96818
          ],
          [
            138.7715,
            -34.96812
          ],
          [
            138.7715,
            -34.96801
          ],
          [
            138.77149,
            -34.96795
          ],
          [
            138.77146,
            -34.96778
          ],
          [
            138.77143,
            -34.96771
          ],
          [
            138.7714,
            -34.96763
          ],
          [
            138.77134,
            -34.96753
          ],
          [
            138.77127,
            -34.96744
          ],
          [
            138.77107,
            -34.96724
          ],
          [
            138.77087,
            -34.96704
          ],
          [
            138.7707,
            -34.96687
          ],
          [
            138.77055,
            -34.96674
          ],
          [
            138.77047,
            -34.96666
          ],
          [
            138.77041,
            -34.96662
          ],
          [
            138.77041,
            -34.96661
          ],
          [
            138.77033,
            -34.96655
          ],
          [
            138.77028,
            -34.96651
          ],
          [
            138.77025,
            -34.96649
          ],
          [
            138.77023,
            -34.96648
          ],
          [
            138.77018,
            -34.96645
          ],
          [
            138.7701,
            -34.96641
          ],
          [
            138.77,
            -34.96637
          ],
          [
            138.7699,
            -34.96634
          ],
          [
            138.76979,
            -34.96631
          ]
        ]
      }
    },
    {
      "type": "Feature",
      "id": "knotts-hill",
      "properties": {
        "featureId": "knotts-hill",
        "stageCodes": [
          "SS3",
          "SS9"
        ],
        "name": "Knotts Hill & Knotts Hill Short",
        "day": 1,
        "sourceMid": "1Afv-5RMTbEXqJNsyUOICNB-Ts7k_294",
        "termini": [
          {
            "name": "12 Hunters Rd, Basket Range SA 5138, Australia",
            "coordinate": [
              138.770209,
              -34.937148
            ]
          },
          {
            "name": "7 Wightmans Rd, Ashton SA 5137, Australia",
            "coordinate": [
              138.744939,
              -34.932275
            ]
          }
        ]
      },
      "geometry": {
        "type": "LineString",
        "coordinates": [
          [
            138.77021,
            -34.93715
          ],
          [
            138.77018,
            -34.93713
          ],
          [
            138.77008,
            -34.93708
          ],
          [
            138.76998,
            -34.93702
          ],
          [
            138.76995,
            -34.937
          ],
          [
            138.76992,
            -34.93699
          ],
          [
            138.7699,
            -34.93697
          ],
          [
            138.76988,
            -34.93695
          ],
          [
            138.76986,
            -34.93691
          ],
          [
            138.76984,
            -34.93687
          ],
          [
            138.76984,
            -34.93685
          ],
          [
            138.76984,
            -34.93684
          ],
          [
            138.76983,
            -34.93681
          ],
          [
            138.76983,
            -34.93677
          ],
          [
            138.76983,
            -34.9367
          ],
          [
            138.76984,
            -34.93649
          ],
          [
            138.76983,
            -34.93634
          ],
          [
            138.76983,
            -34.93631
          ],
          [
            138.76985,
            -34.93593
          ],
          [
            138.76986,
            -34.93577
          ],
          [
            138.76987,
            -34.93568
          ],
          [
            138.76988,
            -34.93561
          ],
          [
            138.76993,
            -34.93546
          ],
          [
            138.76997,
            -34.93537
          ],
          [
            138.77001,
            -34.93528
          ],
          [
            138.77011,
            -34.93512
          ],
          [
            138.77019,
            -34.935
          ],
          [
            138.77022,
            -34.93495
          ],
          [
            138.7703,
            -34.93483
          ],
          [
            138.77032,
            -34.93479
          ],
          [
            138.77049,
            -34.93452
          ],
          [
            138.77066,
            -34.93426
          ],
          [
            138.7707,
            -34.93418
          ],
          [
            138.77074,
            -34.93411
          ],
          [
            138.77078,
            -34.93402
          ],
          [
            138.77081,
            -34.93394
          ],
          [
            138.77083,
            -34.93383
          ],
          [
            138.77086,
            -34.93375
          ],
          [
            138.77088,
            -34.9336
          ],
          [
            138.77091,
            -34.93344
          ],
          [
            138.77092,
            -34.93333
          ],
          [
            138.77092,
            -34.93323
          ],
          [
            138.77091,
            -34.93318
          ],
          [
            138.77089,
            -34.93307
          ],
          [
            138.77086,
            -34.93291
          ],
          [
            138.77085,
            -34.93282
          ],
          [
            138.77084,
            -34.93277
          ],
          [
            138.77084,
            -34.93276
          ],
          [
            138.77084,
            -34.93274
          ],
          [
            138.77083,
            -34.93266
          ],
          [
            138.77083,
            -34.93259
          ],
          [
            138.77084,
            -34.93223
          ],
          [
            138.77084,
            -34.93206
          ],
          [
            138.77085,
            -34.93188
          ],
          [
            138.77086,
            -34.93167
          ],
          [
            138.77086,
            -34.93158
          ],
          [
            138.77085,
            -34.93148
          ],
          [
            138.77078,
            -34.93134
          ],
          [
            138.77066,
            -34.9311
          ],
          [
            138.77057,
            -34.93093
          ],
          [
            138.77049,
            -34.93079
          ],
          [
            138.77042,
            -34.93064
          ],
          [
            138.77034,
            -34.93048
          ],
          [
            138.77034,
            -34.93047
          ],
          [
            138.77029,
            -34.93031
          ],
          [
            138.77023,
            -34.93016
          ],
          [
            138.77015,
            -34.92999
          ],
          [
            138.77005,
            -34.92981
          ],
          [
            138.76983,
            -34.92945
          ],
          [
            138.76954,
            -34.92901
          ],
          [
            138.76953,
            -34.929
          ],
          [
            138.76945,
            -34.92875
          ],
          [
            138.76927,
            -34.92834
          ],
          [
            138.76912,
            -34.92795
          ],
          [
            138.76892,
            -34.9276
          ],
          [
            138.76889,
            -34.92743
          ],
          [
            138.76874,
            -34.92748
          ],
          [
            138.76862,
            -34.92748
          ],
          [
            138.76832,
            -34.92751
          ],
          [
            138.7681,
            -34.92755
          ],
          [
            138.76796,
            -34.92762
          ],
          [
            138.7679,
            -34.92767
          ],
          [
            138.76783,
            -34.92777
          ],
          [
            138.76778,
            -34.92786
          ],
          [
            138.76762,
            -34.9281
          ],
          [
            138.76755,
            -34.9282
          ],
          [
            138.76747,
            -34.92832
          ],
          [
            138.76736,
            -34.92843
          ],
          [
            138.76708,
            -34.92864
          ],
          [
            138.76687,
            -34.92873
          ],
          [
            138.76672,
            -34.92879
          ],
          [
            138.76652,
            -34.92884
          ],
          [
            138.76638,
            -34.92887
          ],
          [
            138.76623,
            -34.92887
          ],
          [
            138.76602,
            -34.92886
          ],
          [
            138.76587,
            -34.92883
          ],
          [
            138.76576,
            -34.92883
          ],
          [
            138.76572,
            -34.92883
          ],
          [
            138.76555,
            -34.92888
          ],
          [
            138.7655,
            -34.92889
          ],
          [
            138.76531,
            -34.92897
          ],
          [
            138.76516,
            -34.92905
          ],
          [
            138.765,
            -34.92916
          ],
          [
            138.76485,
            -34.92927
          ],
          [
            138.76464,
            -34.92948
          ],
          [
            138.76453,
            -34.92955
          ],
          [
            138.76444,
            -34.92962
          ],
          [
            138.76436,
            -34.92965
          ],
          [
            138.76426,
            -34.92968
          ],
          [
            138.76416,
            -34.92969
          ],
          [
            138.76406,
            -34.92969
          ],
          [
            138.76396,
            -34.9297
          ],
          [
            138.76387,
            -34.92971
          ],
          [
            138.76377,
            -34.92973
          ],
          [
            138.76367,
            -34.92975
          ],
          [
            138.76358,
            -34.92979
          ],
          [
            138.76349,
            -34.92983
          ],
          [
            138.76339,
            -34.92987
          ],
          [
            138.76321,
            -34.92993
          ],
          [
            138.76316,
            -34.92995
          ],
          [
            138.76309,
            -34.92999
          ],
          [
            138.76302,
            -34.93003
          ],
          [
            138.76296,
            -34.93008
          ],
          [
            138.76291,
            -34.93013
          ],
          [
            138.76287,
            -34.9302
          ],
          [
            138.76279,
            -34.93028
          ],
          [
            138.76265,
            -34.93042
          ],
          [
            138.76248,
            -34.93053
          ],
          [
            138.76232,
            -34.93059
          ],
          [
            138.76223,
            -34.93062
          ],
          [
            138.76203,
            -34.9307
          ],
          [
            138.7615,
            -34.93084
          ],
          [
            138.7614,
            -34.93085
          ],
          [
            138.76127,
            -34.93087
          ],
          [
            138.76116,
            -34.93087
          ],
          [
            138.76107,
            -34.93088
          ],
          [
            138.76089,
            -34.93087
          ],
          [
            138.76084,
            -34.93087
          ],
          [
            138.76078,
            -34.93087
          ],
          [
            138.76075,
            -34.93088
          ],
          [
            138.76071,
            -34.93089
          ],
          [
            138.76069,
            -34.93091
          ],
          [
            138.76064,
            -34.93095
          ],
          [
            138.7606,
            -34.93099
          ],
          [
            138.76059,
            -34.931
          ],
          [
            138.76052,
            -34.93105
          ],
          [
            138.76045,
            -34.93109
          ],
          [
            138.76039,
            -34.9311
          ],
          [
            138.76036,
            -34.93111
          ],
          [
            138.76031,
            -34.93111
          ],
          [
            138.76024,
            -34.9311
          ],
          [
            138.76017,
            -34.93108
          ],
          [
            138.7601,
            -34.93107
          ],
          [
            138.76002,
            -34.93104
          ],
          [
            138.75994,
            -34.93101
          ],
          [
            138.75985,
            -34.93098
          ],
          [
            138.75979,
            -34.93096
          ],
          [
            138.75967,
            -34.93091
          ],
          [
            138.75896,
            -34.93072
          ],
          [
            138.75872,
            -34.93063
          ],
          [
            138.75855,
            -34.93055
          ],
          [
            138.75849,
            -34.93053
          ],
          [
            138.7584,
            -34.93049
          ],
          [
            138.75832,
            -34.93046
          ],
          [
            138.75825,
            -34.93042
          ],
          [
            138.75819,
            -34.9304
          ],
          [
            138.75807,
            -34.93035
          ],
          [
            138.75799,
            -34.93031
          ],
          [
            138.75793,
            -34.93029
          ],
          [
            138.75784,
            -34.93025
          ],
          [
            138.75779,
            -34.93021
          ],
          [
            138.75774,
            -34.93018
          ],
          [
            138.75769,
            -34.93013
          ],
          [
            138.75762,
            -34.93004
          ],
          [
            138.75758,
            -34.92997
          ],
          [
            138.75754,
            -34.92991
          ],
          [
            138.75751,
            -34.92988
          ],
          [
            138.75748,
            -34.92984
          ],
          [
            138.75744,
            -34.92981
          ],
          [
            138.75738,
            -34.92978
          ],
          [
            138.75733,
            -34.92977
          ],
          [
            138.75729,
            -34.92976
          ],
          [
            138.75724,
            -34.92976
          ],
          [
            138.7572,
            -34.92975
          ],
          [
            138.75715,
            -34.92975
          ],
          [
            138.75708,
            -34.92975
          ],
          [
            138.75699,
            -34.92974
          ],
          [
            138.75676,
            -34.92969
          ],
          [
            138.75668,
            -34.92967
          ],
          [
            138.75661,
            -34.92965
          ],
          [
            138.75653,
            -34.92962
          ],
          [
            138.75627,
            -34.92952
          ],
          [
            138.75619,
            -34.92949
          ],
          [
            138.75613,
            -34.92947
          ],
          [
            138.75605,
            -34.92943
          ],
          [
            138.75598,
            -34.9294
          ],
          [
            138.75591,
            -34.92937
          ],
          [
            138.75585,
            -34.92934
          ],
          [
            138.75579,
            -34.92932
          ],
          [
            138.75571,
            -34.9293
          ],
          [
            138.75563,
            -34.92928
          ],
          [
            138.75559,
            -34.92927
          ],
          [
            138.75556,
            -34.92926
          ],
          [
            138.75547,
            -34.92924
          ],
          [
            138.75533,
            -34.92922
          ],
          [
            138.75525,
            -34.9292
          ],
          [
            138.75517,
            -34.92918
          ],
          [
            138.75516,
            -34.92918
          ],
          [
            138.75503,
            -34.92915
          ],
          [
            138.75492,
            -34.92912
          ],
          [
            138.75486,
            -34.92911
          ],
          [
            138.75475,
            -34.9291
          ],
          [
            138.75466,
            -34.92907
          ],
          [
            138.75458,
            -34.92904
          ],
          [
            138.75453,
            -34.92901
          ],
          [
            138.75448,
            -34.92898
          ],
          [
            138.75444,
            -34.92896
          ],
          [
            138.75438,
            -34.92892
          ],
          [
            138.75434,
            -34.92887
          ],
          [
            138.7543,
            -34.92883
          ],
          [
            138.75428,
            -34.9288
          ],
          [
            138.75424,
            -34.92876
          ],
          [
            138.75418,
            -34.92868
          ],
          [
            138.75416,
            -34.92864
          ],
          [
            138.75414,
            -34.92861
          ],
          [
            138.75412,
            -34.92858
          ],
          [
            138.7541,
            -34.92854
          ],
          [
            138.75408,
            -34.92851
          ],
          [
            138.75405,
            -34.92847
          ],
          [
            138.75401,
            -34.92838
          ],
          [
            138.75398,
            -34.92827
          ],
          [
            138.7539,
            -34.9282
          ],
          [
            138.75388,
            -34.92818
          ],
          [
            138.75385,
            -34.92816
          ],
          [
            138.75383,
            -34.92813
          ],
          [
            138.7538,
            -34.92812
          ],
          [
            138.75379,
            -34.9281
          ],
          [
            138.75377,
            -34.92809
          ],
          [
            138.75374,
            -34.92807
          ],
          [
            138.75372,
            -34.92807
          ],
          [
            138.7537,
            -34.92806
          ],
          [
            138.75366,
            -34.92804
          ],
          [
            138.75363,
            -34.92804
          ],
          [
            138.7536,
            -34.92803
          ],
          [
            138.75353,
            -34.92802
          ],
          [
            138.75336,
            -34.92804
          ],
          [
            138.75328,
            -34.92806
          ],
          [
            138.75317,
            -34.92809
          ],
          [
            138.75305,
            -34.92814
          ],
          [
            138.75276,
            -34.92827
          ],
          [
            138.75226,
            -34.92845
          ],
          [
            138.75217,
            -34.92848
          ],
          [
            138.75196,
            -34.92855
          ],
          [
            138.75167,
            -34.92865
          ],
          [
            138.75159,
            -34.92868
          ],
          [
            138.75155,
            -34.92869
          ],
          [
            138.7515,
            -34.92871
          ],
          [
            138.75145,
            -34.92873
          ],
          [
            138.75141,
            -34.92875
          ],
          [
            138.75137,
            -34.92877
          ],
          [
            138.75136,
            -34.92877
          ],
          [
            138.75133,
            -34.9288
          ],
          [
            138.75128,
            -34.92882
          ],
          [
            138.7512,
            -34.92886
          ],
          [
            138.75102,
            -34.92896
          ],
          [
            138.75087,
            -34.92906
          ],
          [
            138.75071,
            -34.92916
          ],
          [
            138.75062,
            -34.92923
          ],
          [
            138.75053,
            -34.92929
          ],
          [
            138.75048,
            -34.92934
          ],
          [
            138.75045,
            -34.92937
          ],
          [
            138.75033,
            -34.92951
          ],
          [
            138.75022,
            -34.92961
          ],
          [
            138.75013,
            -34.92969
          ],
          [
            138.75005,
            -34.92975
          ],
          [
            138.75,
            -34.92978
          ],
          [
            138.74998,
            -34.92979
          ],
          [
            138.74995,
            -34.92982
          ],
          [
            138.74993,
            -34.92983
          ],
          [
            138.74991,
            -34.92984
          ],
          [
            138.7499,
            -34.92984
          ],
          [
            138.74988,
            -34.92985
          ],
          [
            138.74987,
            -34.92986
          ],
          [
            138.74986,
            -34.92986
          ],
          [
            138.74984,
            -34.92987
          ],
          [
            138.74982,
            -34.92988
          ],
          [
            138.7498,
            -34.9299
          ],
          [
            138.74977,
            -34.92991
          ],
          [
            138.74975,
            -34.92992
          ],
          [
            138.74972,
            -34.92993
          ],
          [
            138.7497,
            -34.92993
          ],
          [
            138.74967,
            -34.92995
          ],
          [
            138.7496,
            -34.92996
          ],
          [
            138.74951,
            -34.92999
          ],
          [
            138.74943,
            -34.93
          ],
          [
            138.74936,
            -34.93
          ],
          [
            138.7493,
            -34.93
          ],
          [
            138.74924,
            -34.93
          ],
          [
            138.7492,
            -34.93
          ],
          [
            138.74914,
            -34.93
          ],
          [
            138.74908,
            -34.92999
          ],
          [
            138.74903,
            -34.92999
          ],
          [
            138.74897,
            -34.93
          ],
          [
            138.74892,
            -34.93
          ],
          [
            138.74887,
            -34.93001
          ],
          [
            138.74882,
            -34.93003
          ],
          [
            138.74877,
            -34.93004
          ],
          [
            138.74873,
            -34.93006
          ],
          [
            138.74857,
            -34.93018
          ],
          [
            138.74852,
            -34.93026
          ],
          [
            138.74848,
            -34.93034
          ],
          [
            138.74842,
            -34.93043
          ],
          [
            138.74838,
            -34.93051
          ],
          [
            138.74835,
            -34.9306
          ],
          [
            138.74833,
            -34.93065
          ],
          [
            138.7483,
            -34.9307
          ],
          [
            138.74828,
            -34.93073
          ],
          [
            138.74826,
            -34.93076
          ],
          [
            138.74824,
            -34.93079
          ],
          [
            138.74822,
            -34.93083
          ],
          [
            138.74819,
            -34.93087
          ],
          [
            138.74811,
            -34.93092
          ],
          [
            138.74808,
            -34.93094
          ],
          [
            138.74806,
            -34.93096
          ],
          [
            138.74803,
            -34.93097
          ],
          [
            138.74802,
            -34.93098
          ],
          [
            138.74798,
            -34.93099
          ],
          [
            138.74794,
            -34.931
          ],
          [
            138.74789,
            -34.93101
          ],
          [
            138.74782,
            -34.93101
          ],
          [
            138.74773,
            -34.93101
          ],
          [
            138.74768,
            -34.93101
          ],
          [
            138.74764,
            -34.93102
          ],
          [
            138.74759,
            -34.93103
          ],
          [
            138.74754,
            -34.93104
          ],
          [
            138.74748,
            -34.93107
          ],
          [
            138.74743,
            -34.93109
          ],
          [
            138.7474,
            -34.93112
          ],
          [
            138.74736,
            -34.93114
          ],
          [
            138.74732,
            -34.93116
          ],
          [
            138.74728,
            -34.93119
          ],
          [
            138.74725,
            -34.9312
          ],
          [
            138.74722,
            -34.93122
          ],
          [
            138.74718,
            -34.93124
          ],
          [
            138.74715,
            -34.93126
          ],
          [
            138.74712,
            -34.93127
          ],
          [
            138.74707,
            -34.93129
          ],
          [
            138.74702,
            -34.93131
          ],
          [
            138.74699,
            -34.93132
          ],
          [
            138.74698,
            -34.93133
          ],
          [
            138.74693,
            -34.93135
          ],
          [
            138.74688,
            -34.93137
          ],
          [
            138.74682,
            -34.93139
          ],
          [
            138.7468,
            -34.9314
          ],
          [
            138.74678,
            -34.93141
          ],
          [
            138.74674,
            -34.93142
          ],
          [
            138.7467,
            -34.93143
          ],
          [
            138.74663,
            -34.93145
          ],
          [
            138.74659,
            -34.93146
          ],
          [
            138.74655,
            -34.93147
          ],
          [
            138.74653,
            -34.93147
          ],
          [
            138.74644,
            -34.93149
          ],
          [
            138.74636,
            -34.9315
          ],
          [
            138.74629,
            -34.93151
          ],
          [
            138.74625,
            -34.93151
          ],
          [
            138.74615,
            -34.93152
          ],
          [
            138.74611,
            -34.93153
          ],
          [
            138.74603,
            -34.93155
          ],
          [
            138.74595,
            -34.93157
          ],
          [
            138.7459,
            -34.9316
          ],
          [
            138.74576,
            -34.93167
          ],
          [
            138.74569,
            -34.93171
          ],
          [
            138.74562,
            -34.93176
          ],
          [
            138.74559,
            -34.93179
          ],
          [
            138.74554,
            -34.93183
          ],
          [
            138.7455,
            -34.93187
          ],
          [
            138.74544,
            -34.93191
          ],
          [
            138.74541,
            -34.93193
          ],
          [
            138.74536,
            -34.93196
          ],
          [
            138.74532,
            -34.93199
          ],
          [
            138.74528,
            -34.93202
          ],
          [
            138.74524,
            -34.93205
          ],
          [
            138.74521,
            -34.93208
          ],
          [
            138.74516,
            -34.93212
          ],
          [
            138.7451,
            -34.93216
          ],
          [
            138.74506,
            -34.93219
          ],
          [
            138.74502,
            -34.93222
          ],
          [
            138.74498,
            -34.93224
          ],
          [
            138.74495,
            -34.93227
          ],
          [
            138.74494,
            -34.93227
          ]
        ]
      }
    },
    {
      "type": "Feature",
      "id": "cherryville-plus",
      "properties": {
        "featureId": "cherryville-plus",
        "stageCodes": [
          "SS4",
          "SS7"
        ],
        "name": "Cherryville Plus 1 & 2",
        "day": 1,
        "sourceMid": "1Afv-5RMTbEXqJNsyUOICNB-Ts7k_294",
        "termini": [
          {
            "name": "215 Marble Hill Rd, Marble Hill SA 5137, Australia",
            "coordinate": [
              138.747709,
              -34.925803
            ]
          },
          {
            "name": "14 Prairie Rd, Cudlee Creek SA 5232, Australia",
            "coordinate": [
              138.810039,
              -34.84117
            ]
          }
        ]
      },
      "geometry": {
        "type": "LineString",
        "coordinates": [
          [
            138.74771,
            -34.9258
          ],
          [
            138.74772,
            -34.9258
          ],
          [
            138.74779,
            -34.92576
          ],
          [
            138.74783,
            -34.92575
          ],
          [
            138.74787,
            -34.92573
          ],
          [
            138.74792,
            -34.92568
          ],
          [
            138.74795,
            -34.92567
          ],
          [
            138.74803,
            -34.92561
          ],
          [
            138.74828,
            -34.92536
          ],
          [
            138.74844,
            -34.92528
          ],
          [
            138.74851,
            -34.92523
          ],
          [
            138.74855,
            -34.92522
          ],
          [
            138.74859,
            -34.9252
          ],
          [
            138.74863,
            -34.92519
          ],
          [
            138.74868,
            -34.92519
          ],
          [
            138.74869,
            -34.92518
          ],
          [
            138.74894,
            -34.92517
          ],
          [
            138.74898,
            -34.92516
          ],
          [
            138.74902,
            -34.92516
          ],
          [
            138.74906,
            -34.92515
          ],
          [
            138.74909,
            -34.92515
          ],
          [
            138.74913,
            -34.92514
          ],
          [
            138.74922,
            -34.9251
          ],
          [
            138.74947,
            -34.92495
          ],
          [
            138.74961,
            -34.92483
          ],
          [
            138.74976,
            -34.92465
          ],
          [
            138.74987,
            -34.92436
          ],
          [
            138.75003,
            -34.92404
          ],
          [
            138.75017,
            -34.92387
          ],
          [
            138.75042,
            -34.92365
          ],
          [
            138.75057,
            -34.92355
          ],
          [
            138.75067,
            -34.9235
          ],
          [
            138.75076,
            -34.92347
          ],
          [
            138.7508,
            -34.92347
          ],
          [
            138.75116,
            -34.9234
          ],
          [
            138.7513,
            -34.92335
          ],
          [
            138.75202,
            -34.92291
          ],
          [
            138.75209,
            -34.92284
          ],
          [
            138.7521,
            -34.92282
          ],
          [
            138.75214,
            -34.92278
          ],
          [
            138.75219,
            -34.92268
          ],
          [
            138.75219,
            -34.92266
          ],
          [
            138.75226,
            -34.92253
          ],
          [
            138.75233,
            -34.92246
          ],
          [
            138.75235,
            -34.92245
          ],
          [
            138.75236,
            -34.92244
          ],
          [
            138.75241,
            -34.92242
          ],
          [
            138.7526,
            -34.92242
          ],
          [
            138.75263,
            -34.92243
          ],
          [
            138.75266,
            -34.92245
          ],
          [
            138.75276,
            -34.92249
          ],
          [
            138.75279,
            -34.92251
          ],
          [
            138.75287,
            -34.92254
          ],
          [
            138.7529,
            -34.92256
          ],
          [
            138.75294,
            -34.92257
          ],
          [
            138.75301,
            -34.92261
          ],
          [
            138.75311,
            -34.92264
          ],
          [
            138.75325,
            -34.92264
          ],
          [
            138.75331,
            -34.92262
          ],
          [
            138.75333,
            -34.92262
          ],
          [
            138.75335,
            -34.9226
          ],
          [
            138.75337,
            -34.92259
          ],
          [
            138.75338,
            -34.92257
          ],
          [
            138.7534,
            -34.92256
          ],
          [
            138.75343,
            -34.92249
          ],
          [
            138.75343,
            -34.92246
          ],
          [
            138.75344,
            -34.92244
          ],
          [
            138.75345,
            -34.92233
          ],
          [
            138.75346,
            -34.92231
          ],
          [
            138.75346,
            -34.92221
          ],
          [
            138.7535,
            -34.92214
          ],
          [
            138.75355,
            -34.92209
          ],
          [
            138.75356,
            -34.92209
          ],
          [
            138.75359,
            -34.92207
          ],
          [
            138.75362,
            -34.92206
          ],
          [
            138.75363,
            -34.92205
          ],
          [
            138.75382,
            -34.92199
          ],
          [
            138.75388,
            -34.92195
          ],
          [
            138.75395,
            -34.92192
          ],
          [
            138.75396,
            -34.92192
          ],
          [
            138.75398,
            -34.9219
          ],
          [
            138.75403,
            -34.92187
          ],
          [
            138.75404,
            -34.92185
          ],
          [
            138.75406,
            -34.92183
          ],
          [
            138.75412,
            -34.92173
          ],
          [
            138.75412,
            -34.92171
          ],
          [
            138.75413,
            -34.92169
          ],
          [
            138.75414,
            -34.92168
          ],
          [
            138.75419,
            -34.92153
          ],
          [
            138.75419,
            -34.92149
          ],
          [
            138.7542,
            -34.92146
          ],
          [
            138.7542,
            -34.92136
          ],
          [
            138.75425,
            -34.92118
          ],
          [
            138.75428,
            -34.92111
          ],
          [
            138.75437,
            -34.92098
          ],
          [
            138.75439,
            -34.92097
          ],
          [
            138.7544,
            -34.92095
          ],
          [
            138.75444,
            -34.92092
          ],
          [
            138.75445,
            -34.9209
          ],
          [
            138.75447,
            -34.92088
          ],
          [
            138.75449,
            -34.92087
          ],
          [
            138.7546,
            -34.92078
          ],
          [
            138.75464,
            -34.92068
          ],
          [
            138.75464,
            -34.92065
          ],
          [
            138.75465,
            -34.92062
          ],
          [
            138.75466,
            -34.92034
          ],
          [
            138.75467,
            -34.92031
          ],
          [
            138.75467,
            -34.92022
          ],
          [
            138.75468,
            -34.92019
          ],
          [
            138.75468,
            -34.9201
          ],
          [
            138.75466,
            -34.91997
          ],
          [
            138.75456,
            -34.9197
          ],
          [
            138.75456,
            -34.91961
          ],
          [
            138.7546,
            -34.91954
          ],
          [
            138.75462,
            -34.91952
          ],
          [
            138.75464,
            -34.91951
          ],
          [
            138.75465,
            -34.9195
          ],
          [
            138.75467,
            -34.9195
          ],
          [
            138.75472,
            -34.91948
          ],
          [
            138.75474,
            -34.91948
          ],
          [
            138.75475,
            -34.91947
          ],
          [
            138.75477,
            -34.91947
          ],
          [
            138.75479,
            -34.91946
          ],
          [
            138.75482,
            -34.91946
          ],
          [
            138.75484,
            -34.91945
          ],
          [
            138.75487,
            -34.91945
          ],
          [
            138.75489,
            -34.91944
          ],
          [
            138.75493,
            -34.91944
          ],
          [
            138.75502,
            -34.91942
          ],
          [
            138.75506,
            -34.9194
          ],
          [
            138.75507,
            -34.91939
          ],
          [
            138.75509,
            -34.91938
          ],
          [
            138.75511,
            -34.91936
          ],
          [
            138.75512,
            -34.91934
          ],
          [
            138.75512,
            -34.91922
          ],
          [
            138.7551,
            -34.91916
          ],
          [
            138.7551,
            -34.91914
          ],
          [
            138.75505,
            -34.91902
          ],
          [
            138.75505,
            -34.91893
          ],
          [
            138.75509,
            -34.91885
          ],
          [
            138.75511,
            -34.91883
          ],
          [
            138.75512,
            -34.91881
          ],
          [
            138.75515,
            -34.91878
          ],
          [
            138.75518,
            -34.91877
          ],
          [
            138.75521,
            -34.91875
          ],
          [
            138.75525,
            -34.91874
          ],
          [
            138.75529,
            -34.91871
          ],
          [
            138.75534,
            -34.9187
          ],
          [
            138.75537,
            -34.91868
          ],
          [
            138.75565,
            -34.91858
          ],
          [
            138.75568,
            -34.91856
          ],
          [
            138.75578,
            -34.91852
          ],
          [
            138.75585,
            -34.91852
          ],
          [
            138.75589,
            -34.91851
          ],
          [
            138.75601,
            -34.91851
          ],
          [
            138.75608,
            -34.91849
          ],
          [
            138.75612,
            -34.91849
          ],
          [
            138.75624,
            -34.91843
          ],
          [
            138.75632,
            -34.91835
          ],
          [
            138.75633,
            -34.91832
          ],
          [
            138.75637,
            -34.91825
          ],
          [
            138.75637,
            -34.91823
          ],
          [
            138.7564,
            -34.91814
          ],
          [
            138.75642,
            -34.918
          ],
          [
            138.7564,
            -34.91792
          ],
          [
            138.7564,
            -34.91789
          ],
          [
            138.75637,
            -34.9178
          ],
          [
            138.75635,
            -34.91778
          ],
          [
            138.75629,
            -34.91767
          ],
          [
            138.75627,
            -34.91761
          ],
          [
            138.75625,
            -34.91759
          ],
          [
            138.75614,
            -34.91734
          ],
          [
            138.75607,
            -34.91702
          ],
          [
            138.75601,
            -34.91649
          ],
          [
            138.75602,
            -34.91632
          ],
          [
            138.75623,
            -34.91596
          ],
          [
            138.75624,
            -34.91593
          ],
          [
            138.75624,
            -34.91589
          ],
          [
            138.75619,
            -34.91578
          ],
          [
            138.75569,
            -34.91529
          ],
          [
            138.75555,
            -34.91508
          ],
          [
            138.75553,
            -34.915
          ],
          [
            138.75552,
            -34.9149
          ],
          [
            138.75554,
            -34.91478
          ],
          [
            138.75561,
            -34.91461
          ],
          [
            138.75573,
            -34.91445
          ],
          [
            138.75615,
            -34.91408
          ],
          [
            138.75638,
            -34.91396
          ],
          [
            138.75678,
            -34.9138
          ],
          [
            138.75685,
            -34.91376
          ],
          [
            138.75693,
            -34.91369
          ],
          [
            138.75706,
            -34.9135
          ],
          [
            138.75706,
            -34.91343
          ],
          [
            138.75705,
            -34.91341
          ],
          [
            138.75705,
            -34.91339
          ],
          [
            138.75702,
            -34.91331
          ],
          [
            138.75698,
            -34.91325
          ],
          [
            138.75697,
            -34.91321
          ],
          [
            138.75695,
            -34.91318
          ],
          [
            138.75694,
            -34.91315
          ],
          [
            138.75692,
            -34.91313
          ],
          [
            138.75691,
            -34.9131
          ],
          [
            138.75688,
            -34.91305
          ],
          [
            138.75687,
            -34.91302
          ],
          [
            138.75687,
            -34.913
          ],
          [
            138.75685,
            -34.91293
          ],
          [
            138.75685,
            -34.91291
          ],
          [
            138.75684,
            -34.91289
          ],
          [
            138.75684,
            -34.91286
          ],
          [
            138.75683,
            -34.91284
          ],
          [
            138.75683,
            -34.91281
          ],
          [
            138.75685,
            -34.91275
          ],
          [
            138.75685,
            -34.91273
          ],
          [
            138.75706,
            -34.91245
          ],
          [
            138.75717,
            -34.91219
          ],
          [
            138.75755,
            -34.91108
          ],
          [
            138.75766,
            -34.91093
          ],
          [
            138.7578,
            -34.91081
          ],
          [
            138.75792,
            -34.91073
          ],
          [
            138.75821,
            -34.91059
          ],
          [
            138.7583,
            -34.91056
          ],
          [
            138.75863,
            -34.91039
          ],
          [
            138.75867,
            -34.91036
          ],
          [
            138.75889,
            -34.91024
          ],
          [
            138.75892,
            -34.91023
          ],
          [
            138.75896,
            -34.9102
          ],
          [
            138.75903,
            -34.91017
          ],
          [
            138.75931,
            -34.91012
          ],
          [
            138.75952,
            -34.91012
          ],
          [
            138.75958,
            -34.91011
          ],
          [
            138.75977,
            -34.91012
          ],
          [
            138.75999,
            -34.91021
          ],
          [
            138.76023,
            -34.91028
          ],
          [
            138.76044,
            -34.91029
          ],
          [
            138.7607,
            -34.91025
          ],
          [
            138.76095,
            -34.91016
          ],
          [
            138.76119,
            -34.91002
          ],
          [
            138.76138,
            -34.90985
          ],
          [
            138.76166,
            -34.90941
          ],
          [
            138.7617,
            -34.90932
          ],
          [
            138.76172,
            -34.90918
          ],
          [
            138.76179,
            -34.90893
          ],
          [
            138.7622,
            -34.90813
          ],
          [
            138.76226,
            -34.90804
          ],
          [
            138.76238,
            -34.90795
          ],
          [
            138.76418,
            -34.90739
          ],
          [
            138.76437,
            -34.90729
          ],
          [
            138.76538,
            -34.9066
          ],
          [
            138.76541,
            -34.90657
          ],
          [
            138.76561,
            -34.90644
          ],
          [
            138.76574,
            -34.90633
          ],
          [
            138.76586,
            -34.90618
          ],
          [
            138.76593,
            -34.9059
          ],
          [
            138.76593,
            -34.90566
          ],
          [
            138.76588,
            -34.90536
          ],
          [
            138.76588,
            -34.90524
          ],
          [
            138.7659,
            -34.90518
          ],
          [
            138.76594,
            -34.90512
          ],
          [
            138.76598,
            -34.90508
          ],
          [
            138.76609,
            -34.90501
          ],
          [
            138.76637,
            -34.90488
          ],
          [
            138.76682,
            -34.90473
          ],
          [
            138.7671,
            -34.90456
          ],
          [
            138.76724,
            -34.90443
          ],
          [
            138.76733,
            -34.90432
          ],
          [
            138.76737,
            -34.90422
          ],
          [
            138.76735,
            -34.90399
          ],
          [
            138.76731,
            -34.9039
          ],
          [
            138.76725,
            -34.90383
          ],
          [
            138.76711,
            -34.90372
          ],
          [
            138.76711,
            -34.90371
          ],
          [
            138.76684,
            -34.90352
          ],
          [
            138.7666,
            -34.90338
          ],
          [
            138.76649,
            -34.90326
          ],
          [
            138.76638,
            -34.90303
          ],
          [
            138.76634,
            -34.90266
          ],
          [
            138.76627,
            -34.90251
          ],
          [
            138.76619,
            -34.90224
          ],
          [
            138.76611,
            -34.90209
          ],
          [
            138.76605,
            -34.90204
          ],
          [
            138.76604,
            -34.90204
          ],
          [
            138.76585,
            -34.90193
          ],
          [
            138.7654,
            -34.9018
          ],
          [
            138.76491,
            -34.90174
          ],
          [
            138.7644,
            -34.90162
          ],
          [
            138.76357,
            -34.90156
          ],
          [
            138.76287,
            -34.90145
          ],
          [
            138.76249,
            -34.90135
          ],
          [
            138.76208,
            -34.9012
          ],
          [
            138.76167,
            -34.90108
          ],
          [
            138.76084,
            -34.90094
          ],
          [
            138.76071,
            -34.90089
          ],
          [
            138.76055,
            -34.90077
          ],
          [
            138.75937,
            -34.89936
          ],
          [
            138.75915,
            -34.89921
          ],
          [
            138.75843,
            -34.8988
          ],
          [
            138.75816,
            -34.89867
          ],
          [
            138.75802,
            -34.89862
          ],
          [
            138.75739,
            -34.89859
          ],
          [
            138.75722,
            -34.89856
          ],
          [
            138.75709,
            -34.89851
          ],
          [
            138.75683,
            -34.89837
          ],
          [
            138.75652,
            -34.89816
          ],
          [
            138.75651,
            -34.89816
          ],
          [
            138.75619,
            -34.89792
          ],
          [
            138.75579,
            -34.89767
          ],
          [
            138.75566,
            -34.89762
          ],
          [
            138.75478,
            -34.89747
          ],
          [
            138.75456,
            -34.89741
          ],
          [
            138.75448,
            -34.89737
          ],
          [
            138.75407,
            -34.89696
          ],
          [
            138.75402,
            -34.89687
          ],
          [
            138.75402,
            -34.8968
          ],
          [
            138.75404,
            -34.89672
          ],
          [
            138.75406,
            -34.8967
          ],
          [
            138.75406,
            -34.89669
          ],
          [
            138.75419,
            -34.89655
          ],
          [
            138.7542,
            -34.89655
          ],
          [
            138.75434,
            -34.89638
          ],
          [
            138.75441,
            -34.89627
          ],
          [
            138.75445,
            -34.89616
          ],
          [
            138.75448,
            -34.89602
          ],
          [
            138.75448,
            -34.89595
          ],
          [
            138.75436,
            -34.89518
          ],
          [
            138.75385,
            -34.89428
          ],
          [
            138.75371,
            -34.89411
          ],
          [
            138.75347,
            -34.89393
          ],
          [
            138.75324,
            -34.8938
          ],
          [
            138.75308,
            -34.89375
          ],
          [
            138.75295,
            -34.89374
          ],
          [
            138.75281,
            -34.89375
          ],
          [
            138.75238,
            -34.89382
          ],
          [
            138.7521,
            -34.89389
          ],
          [
            138.7517,
            -34.89406
          ],
          [
            138.75158,
            -34.89407
          ],
          [
            138.7515,
            -34.89402
          ],
          [
            138.75148,
            -34.894
          ],
          [
            138.75143,
            -34.89391
          ],
          [
            138.75143,
            -34.89386
          ],
          [
            138.75145,
            -34.89383
          ],
          [
            138.75147,
            -34.89378
          ],
          [
            138.75155,
            -34.89367
          ],
          [
            138.75162,
            -34.89348
          ],
          [
            138.75159,
            -34.8933
          ],
          [
            138.7514,
            -34.89293
          ],
          [
            138.75137,
            -34.89285
          ],
          [
            138.75135,
            -34.89282
          ],
          [
            138.75134,
            -34.89279
          ],
          [
            138.75133,
            -34.89256
          ],
          [
            138.75134,
            -34.89251
          ],
          [
            138.75138,
            -34.89244
          ],
          [
            138.75143,
            -34.8923
          ],
          [
            138.75145,
            -34.89213
          ],
          [
            138.75144,
            -34.8919
          ],
          [
            138.75137,
            -34.89177
          ],
          [
            138.75115,
            -34.89146
          ],
          [
            138.75076,
            -34.89107
          ],
          [
            138.75023,
            -34.89067
          ],
          [
            138.7499,
            -34.89045
          ],
          [
            138.74957,
            -34.89015
          ],
          [
            138.74895,
            -34.88969
          ],
          [
            138.74894,
            -34.88963
          ],
          [
            138.74892,
            -34.8896
          ],
          [
            138.74891,
            -34.88957
          ],
          [
            138.74891,
            -34.88954
          ],
          [
            138.74897,
            -34.8893
          ],
          [
            138.74902,
            -34.88917
          ],
          [
            138.74908,
            -34.88876
          ],
          [
            138.7491,
            -34.88839
          ],
          [
            138.74902,
            -34.88827
          ],
          [
            138.74898,
            -34.88823
          ],
          [
            138.74914,
            -34.8882
          ],
          [
            138.74919,
            -34.88817
          ],
          [
            138.74921,
            -34.88815
          ],
          [
            138.74923,
            -34.88814
          ],
          [
            138.74923,
            -34.88813
          ],
          [
            138.74924,
            -34.88812
          ],
          [
            138.74924,
            -34.88811
          ],
          [
            138.74897,
            -34.88772
          ],
          [
            138.74898,
            -34.88763
          ],
          [
            138.74907,
            -34.88739
          ],
          [
            138.74907,
            -34.88729
          ],
          [
            138.74906,
            -34.88728
          ],
          [
            138.74905,
            -34.88726
          ],
          [
            138.74856,
            -34.88697
          ],
          [
            138.74821,
            -34.88691
          ],
          [
            138.74809,
            -34.88687
          ],
          [
            138.74799,
            -34.88682
          ],
          [
            138.74792,
            -34.88677
          ],
          [
            138.74786,
            -34.88671
          ],
          [
            138.74784,
            -34.88668
          ],
          [
            138.74782,
            -34.88663
          ],
          [
            138.74783,
            -34.88632
          ],
          [
            138.74782,
            -34.88624
          ],
          [
            138.74779,
            -34.88617
          ],
          [
            138.74775,
            -34.88612
          ],
          [
            138.74766,
            -34.88609
          ],
          [
            138.74763,
            -34.88609
          ],
          [
            138.74754,
            -34.88612
          ],
          [
            138.74725,
            -34.88629
          ],
          [
            138.74713,
            -34.88633
          ],
          [
            138.74697,
            -34.88627
          ],
          [
            138.74686,
            -34.8862
          ],
          [
            138.74661,
            -34.88598
          ],
          [
            138.74648,
            -34.88589
          ],
          [
            138.74638,
            -34.88584
          ],
          [
            138.74619,
            -34.88577
          ],
          [
            138.74607,
            -34.88574
          ],
          [
            138.7456,
            -34.88572
          ],
          [
            138.74546,
            -34.88566
          ],
          [
            138.74545,
            -34.88564
          ],
          [
            138.74542,
            -34.88561
          ],
          [
            138.74539,
            -34.88556
          ],
          [
            138.74538,
            -34.88545
          ],
          [
            138.74541,
            -34.88527
          ],
          [
            138.74541,
            -34.88522
          ],
          [
            138.74538,
            -34.88513
          ],
          [
            138.74518,
            -34.8849
          ],
          [
            138.74516,
            -34.88484
          ],
          [
            138.74516,
            -34.8848
          ],
          [
            138.74517,
            -34.88475
          ],
          [
            138.7452,
            -34.88468
          ],
          [
            138.74523,
            -34.88464
          ],
          [
            138.74559,
            -34.88429
          ],
          [
            138.74565,
            -34.88426
          ],
          [
            138.7461,
            -34.88412
          ],
          [
            138.74669,
            -34.88376
          ],
          [
            138.74673,
            -34.88376
          ],
          [
            138.74674,
            -34.88377
          ],
          [
            138.74675,
            -34.88377
          ],
          [
            138.74675,
            -34.88378
          ],
          [
            138.74676,
            -34.88379
          ],
          [
            138.74677,
            -34.88382
          ],
          [
            138.74677,
            -34.88384
          ],
          [
            138.74675,
            -34.88388
          ],
          [
            138.74675,
            -34.88389
          ],
          [
            138.74671,
            -34.88393
          ],
          [
            138.74645,
            -34.88432
          ],
          [
            138.74638,
            -34.88447
          ],
          [
            138.74638,
            -34.88449
          ],
          [
            138.74637,
            -34.88451
          ],
          [
            138.74638,
            -34.88454
          ],
          [
            138.74638,
            -34.88458
          ],
          [
            138.74641,
            -34.88464
          ],
          [
            138.74641,
            -34.88465
          ],
          [
            138.74642,
            -34.88466
          ],
          [
            138.74643,
            -34.88466
          ],
          [
            138.74644,
            -34.88467
          ],
          [
            138.74647,
            -34.88467
          ],
          [
            138.74653,
            -34.88465
          ],
          [
            138.74661,
            -34.8846
          ],
          [
            138.74676,
            -34.88448
          ],
          [
            138.74686,
            -34.88432
          ],
          [
            138.74689,
            -34.88429
          ],
          [
            138.7469,
            -34.88427
          ],
          [
            138.74691,
            -34.88427
          ],
          [
            138.74696,
            -34.88425
          ],
          [
            138.74701,
            -34.88425
          ],
          [
            138.7471,
            -34.88433
          ],
          [
            138.74714,
            -34.88446
          ],
          [
            138.74714,
            -34.88451
          ],
          [
            138.74712,
            -34.88457
          ],
          [
            138.74712,
            -34.88459
          ],
          [
            138.74711,
            -34.88461
          ],
          [
            138.74709,
            -34.88462
          ],
          [
            138.74703,
            -34.88471
          ],
          [
            138.74701,
            -34.88476
          ],
          [
            138.74702,
            -34.88484
          ],
          [
            138.74706,
            -34.88494
          ],
          [
            138.74711,
            -34.88499
          ],
          [
            138.7472,
            -34.88499
          ],
          [
            138.7473,
            -34.88493
          ],
          [
            138.74732,
            -34.8849
          ],
          [
            138.74776,
            -34.88446
          ],
          [
            138.74779,
            -34.88442
          ],
          [
            138.74781,
            -34.88437
          ],
          [
            138.74796,
            -34.88417
          ],
          [
            138.74811,
            -34.88406
          ],
          [
            138.7483,
            -34.88398
          ],
          [
            138.74874,
            -34.88386
          ],
          [
            138.74895,
            -34.88384
          ],
          [
            138.75167,
            -34.88389
          ],
          [
            138.75197,
            -34.88384
          ],
          [
            138.75217,
            -34.88377
          ],
          [
            138.75305,
            -34.88339
          ],
          [
            138.75315,
            -34.88331
          ],
          [
            138.75325,
            -34.8832
          ],
          [
            138.75339,
            -34.88287
          ],
          [
            138.75352,
            -34.8827
          ],
          [
            138.75384,
            -34.88237
          ],
          [
            138.75385,
            -34.88237
          ],
          [
            138.75388,
            -34.88229
          ],
          [
            138.75401,
            -34.88204
          ],
          [
            138.75407,
            -34.88189
          ],
          [
            138.7544,
            -34.88125
          ],
          [
            138.75533,
            -34.8799
          ],
          [
            138.75543,
            -34.87981
          ],
          [
            138.75547,
            -34.87976
          ],
          [
            138.75556,
            -34.8797
          ],
          [
            138.75565,
            -34.87966
          ],
          [
            138.75569,
            -34.87962
          ],
          [
            138.75583,
            -34.87943
          ],
          [
            138.75585,
            -34.87934
          ],
          [
            138.75585,
            -34.87927
          ],
          [
            138.75572,
            -34.87886
          ],
          [
            138.7557,
            -34.87871
          ],
          [
            138.75571,
            -34.87867
          ],
          [
            138.75571,
            -34.87859
          ],
          [
            138.75581,
            -34.87807
          ],
          [
            138.75583,
            -34.87802
          ],
          [
            138.75584,
            -34.87797
          ],
          [
            138.75598,
            -34.8778
          ],
          [
            138.75609,
            -34.87769
          ],
          [
            138.75622,
            -34.87732
          ],
          [
            138.75622,
            -34.87712
          ],
          [
            138.75619,
            -34.877
          ],
          [
            138.75615,
            -34.87691
          ],
          [
            138.75596,
            -34.87672
          ],
          [
            138.75573,
            -34.87659
          ],
          [
            138.75562,
            -34.87651
          ],
          [
            138.75561,
            -34.87647
          ],
          [
            138.75558,
            -34.87642
          ],
          [
            138.75558,
            -34.87638
          ],
          [
            138.7556,
            -34.87629
          ],
          [
            138.75574,
            -34.87606
          ],
          [
            138.75586,
            -34.87582
          ],
          [
            138.75587,
            -34.87581
          ],
          [
            138.75589,
            -34.87569
          ],
          [
            138.75578,
            -34.87492
          ],
          [
            138.75579,
            -34.87475
          ],
          [
            138.75578,
            -34.87445
          ],
          [
            138.75572,
            -34.87428
          ],
          [
            138.75564,
            -34.87417
          ],
          [
            138.75556,
            -34.8741
          ],
          [
            138.7554,
            -34.87402
          ],
          [
            138.75515,
            -34.87396
          ],
          [
            138.75499,
            -34.87394
          ],
          [
            138.75497,
            -34.87393
          ],
          [
            138.75488,
            -34.87392
          ],
          [
            138.75473,
            -34.87387
          ],
          [
            138.75463,
            -34.8738
          ],
          [
            138.75454,
            -34.87369
          ],
          [
            138.75449,
            -34.87358
          ],
          [
            138.75447,
            -34.87351
          ],
          [
            138.75447,
            -34.87337
          ],
          [
            138.75454,
            -34.87319
          ],
          [
            138.7546,
            -34.87308
          ],
          [
            138.75467,
            -34.87291
          ],
          [
            138.75472,
            -34.87274
          ],
          [
            138.75476,
            -34.87246
          ],
          [
            138.75476,
            -34.87233
          ],
          [
            138.7548,
            -34.8719
          ],
          [
            138.75478,
            -34.87164
          ],
          [
            138.75474,
            -34.87153
          ],
          [
            138.75463,
            -34.87141
          ],
          [
            138.75449,
            -34.87134
          ],
          [
            138.75441,
            -34.87132
          ],
          [
            138.75428,
            -34.87131
          ],
          [
            138.75422,
            -34.87132
          ],
          [
            138.75403,
            -34.87138
          ],
          [
            138.75392,
            -34.8714
          ],
          [
            138.75383,
            -34.87143
          ],
          [
            138.75365,
            -34.87146
          ],
          [
            138.75345,
            -34.87147
          ],
          [
            138.75325,
            -34.87145
          ],
          [
            138.75303,
            -34.87139
          ],
          [
            138.75291,
            -34.87134
          ],
          [
            138.75257,
            -34.8711
          ],
          [
            138.75239,
            -34.8709
          ],
          [
            138.75234,
            -34.87077
          ],
          [
            138.75231,
            -34.87063
          ],
          [
            138.75233,
            -34.87034
          ],
          [
            138.75237,
            -34.87023
          ],
          [
            138.75283,
            -34.86932
          ],
          [
            138.75307,
            -34.86944
          ],
          [
            138.75363,
            -34.86958
          ],
          [
            138.75376,
            -34.86958
          ],
          [
            138.75411,
            -34.86951
          ],
          [
            138.75471,
            -34.86928
          ],
          [
            138.75602,
            -34.86871
          ],
          [
            138.75617,
            -34.86861
          ],
          [
            138.75622,
            -34.86856
          ],
          [
            138.75627,
            -34.86848
          ],
          [
            138.75674,
            -34.86743
          ],
          [
            138.7568,
            -34.86733
          ],
          [
            138.75713,
            -34.86698
          ],
          [
            138.75841,
            -34.86509
          ],
          [
            138.75872,
            -34.8647
          ],
          [
            138.75892,
            -34.86457
          ],
          [
            138.76121,
            -34.86403
          ],
          [
            138.76153,
            -34.86399
          ],
          [
            138.76216,
            -34.86405
          ],
          [
            138.76245,
            -34.86405
          ],
          [
            138.76268,
            -34.86401
          ],
          [
            138.76286,
            -34.86396
          ],
          [
            138.76297,
            -34.86391
          ],
          [
            138.76315,
            -34.86379
          ],
          [
            138.76322,
            -34.86373
          ],
          [
            138.76326,
            -34.86367
          ],
          [
            138.76334,
            -34.86359
          ],
          [
            138.76341,
            -34.86347
          ],
          [
            138.7635,
            -34.86323
          ],
          [
            138.76361,
            -34.86275
          ],
          [
            138.76367,
            -34.86258
          ],
          [
            138.76382,
            -34.86238
          ],
          [
            138.76395,
            -34.86226
          ],
          [
            138.76405,
            -34.86219
          ],
          [
            138.76429,
            -34.86207
          ],
          [
            138.76444,
            -34.86203
          ],
          [
            138.76471,
            -34.862
          ],
          [
            138.76497,
            -34.86201
          ],
          [
            138.76515,
            -34.86205
          ],
          [
            138.76523,
            -34.86208
          ],
          [
            138.76524,
            -34.86209
          ],
          [
            138.76539,
            -34.86215
          ],
          [
            138.7655,
            -34.86222
          ],
          [
            138.76563,
            -34.86233
          ],
          [
            138.76579,
            -34.86254
          ],
          [
            138.76583,
            -34.86262
          ],
          [
            138.76591,
            -34.86284
          ],
          [
            138.766,
            -34.8635
          ],
          [
            138.766,
            -34.86392
          ],
          [
            138.76602,
            -34.86404
          ],
          [
            138.76605,
            -34.86412
          ],
          [
            138.76614,
            -34.86427
          ],
          [
            138.76624,
            -34.86437
          ],
          [
            138.76634,
            -34.86444
          ],
          [
            138.76638,
            -34.86445
          ],
          [
            138.76648,
            -34.8645
          ],
          [
            138.76669,
            -34.86456
          ],
          [
            138.76679,
            -34.86457
          ],
          [
            138.76703,
            -34.86454
          ],
          [
            138.76775,
            -34.86429
          ],
          [
            138.76808,
            -34.86424
          ],
          [
            138.76843,
            -34.86425
          ],
          [
            138.76871,
            -34.86431
          ],
          [
            138.76889,
            -34.86438
          ],
          [
            138.7696,
            -34.86478
          ],
          [
            138.76983,
            -34.86486
          ],
          [
            138.77006,
            -34.86489
          ],
          [
            138.77036,
            -34.86486
          ],
          [
            138.77049,
            -34.86483
          ],
          [
            138.77061,
            -34.86478
          ],
          [
            138.77092,
            -34.8646
          ],
          [
            138.771,
            -34.86454
          ],
          [
            138.7714,
            -34.8643
          ],
          [
            138.77161,
            -34.86422
          ],
          [
            138.77196,
            -34.86416
          ],
          [
            138.77213,
            -34.86416
          ],
          [
            138.77232,
            -34.86418
          ],
          [
            138.7746,
            -34.86468
          ],
          [
            138.77493,
            -34.86473
          ],
          [
            138.77523,
            -34.86471
          ],
          [
            138.7754,
            -34.86467
          ],
          [
            138.77711,
            -34.8641
          ],
          [
            138.77732,
            -34.86407
          ],
          [
            138.7776,
            -34.86408
          ],
          [
            138.7779,
            -34.86413
          ],
          [
            138.77828,
            -34.86424
          ],
          [
            138.77874,
            -34.86429
          ],
          [
            138.77902,
            -34.86426
          ],
          [
            138.77984,
            -34.86408
          ],
          [
            138.78369,
            -34.86404
          ],
          [
            138.78398,
            -34.86398
          ],
          [
            138.78409,
            -34.86394
          ],
          [
            138.78416,
            -34.8639
          ],
          [
            138.78432,
            -34.86376
          ],
          [
            138.78443,
            -34.8636
          ],
          [
            138.78445,
            -34.86352
          ],
          [
            138.78447,
            -34.86334
          ],
          [
            138.78429,
            -34.86154
          ],
          [
            138.78434,
            -34.86129
          ],
          [
            138.78441,
            -34.86113
          ],
          [
            138.78456,
            -34.86093
          ],
          [
            138.78472,
            -34.86078
          ],
          [
            138.78486,
            -34.86069
          ],
          [
            138.7852,
            -34.86055
          ],
          [
            138.78539,
            -34.86051
          ],
          [
            138.78639,
            -34.86046
          ],
          [
            138.78663,
            -34.86043
          ],
          [
            138.78688,
            -34.86035
          ],
          [
            138.78704,
            -34.86026
          ],
          [
            138.7872,
            -34.86013
          ],
          [
            138.78729,
            -34.86001
          ],
          [
            138.78736,
            -34.85984
          ],
          [
            138.7874,
            -34.85966
          ],
          [
            138.7874,
            -34.85952
          ],
          [
            138.78736,
            -34.85935
          ],
          [
            138.78669,
            -34.85815
          ],
          [
            138.78664,
            -34.85802
          ],
          [
            138.78662,
            -34.85787
          ],
          [
            138.78663,
            -34.85778
          ],
          [
            138.78669,
            -34.85762
          ],
          [
            138.78675,
            -34.85753
          ],
          [
            138.78682,
            -34.85745
          ],
          [
            138.78692,
            -34.85737
          ],
          [
            138.78704,
            -34.85731
          ],
          [
            138.78725,
            -34.85723
          ],
          [
            138.78752,
            -34.85722
          ],
          [
            138.78766,
            -34.85725
          ],
          [
            138.78781,
            -34.8573
          ],
          [
            138.78806,
            -34.85746
          ],
          [
            138.78859,
            -34.85797
          ],
          [
            138.78882,
            -34.85811
          ],
          [
            138.7891,
            -34.85816
          ],
          [
            138.7893,
            -34.85816
          ],
          [
            138.78938,
            -34.85815
          ],
          [
            138.78956,
            -34.8581
          ],
          [
            138.78962,
            -34.85807
          ],
          [
            138.78982,
            -34.85793
          ],
          [
            138.7899,
            -34.85783
          ],
          [
            138.79001,
            -34.85761
          ],
          [
            138.79033,
            -34.85672
          ],
          [
            138.79082,
            -34.85566
          ],
          [
            138.79097,
            -34.85517
          ],
          [
            138.79097,
            -34.85513
          ],
          [
            138.79098,
            -34.8551
          ],
          [
            138.79098,
            -34.8549
          ],
          [
            138.79086,
            -34.8542
          ],
          [
            138.79086,
            -34.85405
          ],
          [
            138.79092,
            -34.85384
          ],
          [
            138.79099,
            -34.85371
          ],
          [
            138.79101,
            -34.85365
          ],
          [
            138.79135,
            -34.85312
          ],
          [
            138.7915,
            -34.85283
          ],
          [
            138.79152,
            -34.85273
          ],
          [
            138.79152,
            -34.85257
          ],
          [
            138.7915,
            -34.85244
          ],
          [
            138.79139,
            -34.85217
          ],
          [
            138.79128,
            -34.85196
          ],
          [
            138.79118,
            -34.85181
          ],
          [
            138.79105,
            -34.8515
          ],
          [
            138.791,
            -34.85118
          ],
          [
            138.79101,
            -34.85108
          ],
          [
            138.79109,
            -34.85083
          ],
          [
            138.79119,
            -34.85066
          ],
          [
            138.79136,
            -34.85047
          ],
          [
            138.79167,
            -34.85024
          ],
          [
            138.79223,
            -34.8499
          ],
          [
            138.79254,
            -34.84974
          ],
          [
            138.79309,
            -34.84954
          ],
          [
            138.79548,
            -34.84888
          ],
          [
            138.79577,
            -34.84884
          ],
          [
            138.79614,
            -34.84886
          ],
          [
            138.79637,
            -34.84892
          ],
          [
            138.79655,
            -34.84899
          ],
          [
            138.79687,
            -34.84919
          ],
          [
            138.79713,
            -34.8494
          ],
          [
            138.7973,
            -34.84951
          ],
          [
            138.79751,
            -34.84958
          ],
          [
            138.79775,
            -34.8496
          ],
          [
            138.79794,
            -34.84957
          ],
          [
            138.79811,
            -34.84951
          ],
          [
            138.79828,
            -34.84942
          ],
          [
            138.79899,
            -34.84888
          ],
          [
            138.79914,
            -34.84871
          ],
          [
            138.79919,
            -34.84861
          ],
          [
            138.79922,
            -34.84852
          ],
          [
            138.79923,
            -34.84843
          ],
          [
            138.7992,
            -34.84823
          ],
          [
            138.7991,
            -34.84802
          ],
          [
            138.79899,
            -34.8479
          ],
          [
            138.79876,
            -34.84774
          ],
          [
            138.79751,
            -34.84698
          ],
          [
            138.79509,
            -34.84588
          ],
          [
            138.79488,
            -34.84576
          ],
          [
            138.79478,
            -34.84567
          ],
          [
            138.79463,
            -34.84549
          ],
          [
            138.79458,
            -34.84538
          ],
          [
            138.79454,
            -34.84524
          ],
          [
            138.79454,
            -34.84509
          ],
          [
            138.79456,
            -34.84497
          ],
          [
            138.79462,
            -34.84484
          ],
          [
            138.79468,
            -34.84475
          ],
          [
            138.79519,
            -34.84419
          ],
          [
            138.79545,
            -34.84383
          ],
          [
            138.7961,
            -34.84304
          ],
          [
            138.79624,
            -34.84293
          ],
          [
            138.79649,
            -34.84282
          ],
          [
            138.7966,
            -34.84279
          ],
          [
            138.7968,
            -34.84281
          ],
          [
            138.79693,
            -34.84284
          ],
          [
            138.79706,
            -34.84291
          ],
          [
            138.79719,
            -34.843
          ],
          [
            138.79729,
            -34.84305
          ],
          [
            138.79741,
            -34.84308
          ],
          [
            138.79754,
            -34.84309
          ],
          [
            138.79767,
            -34.84308
          ],
          [
            138.79786,
            -34.84304
          ],
          [
            138.7988,
            -34.84277
          ],
          [
            138.79881,
            -34.84276
          ],
          [
            138.79898,
            -34.84269
          ],
          [
            138.79985,
            -34.84205
          ],
          [
            138.8001,
            -34.84174
          ],
          [
            138.80022,
            -34.84162
          ],
          [
            138.80036,
            -34.84154
          ],
          [
            138.8005,
            -34.8415
          ],
          [
            138.80056,
            -34.8415
          ],
          [
            138.8008,
            -34.84154
          ],
          [
            138.80122,
            -34.84171
          ],
          [
            138.80208,
            -34.84224
          ],
          [
            138.80219,
            -34.84228
          ],
          [
            138.80231,
            -34.8423
          ],
          [
            138.80318,
            -34.84228
          ],
          [
            138.80338,
            -34.84222
          ],
          [
            138.8035,
            -34.84212
          ],
          [
            138.80356,
            -34.84201
          ],
          [
            138.80364,
            -34.84172
          ],
          [
            138.80365,
            -34.84165
          ],
          [
            138.80364,
            -34.84158
          ],
          [
            138.8036,
            -34.84146
          ],
          [
            138.80351,
            -34.84127
          ],
          [
            138.8034,
            -34.84092
          ],
          [
            138.80334,
            -34.84079
          ],
          [
            138.80312,
            -34.84047
          ],
          [
            138.80308,
            -34.84038
          ],
          [
            138.80307,
            -34.84034
          ],
          [
            138.80307,
            -34.84029
          ],
          [
            138.80312,
            -34.84017
          ],
          [
            138.80318,
            -34.84012
          ],
          [
            138.80324,
            -34.84009
          ],
          [
            138.80331,
            -34.84007
          ],
          [
            138.80346,
            -34.84006
          ],
          [
            138.80362,
            -34.84008
          ],
          [
            138.80452,
            -34.84042
          ],
          [
            138.80475,
            -34.84044
          ],
          [
            138.8051,
            -34.8404
          ],
          [
            138.80526,
            -34.8404
          ],
          [
            138.8055,
            -34.84043
          ],
          [
            138.80563,
            -34.84046
          ],
          [
            138.80581,
            -34.84053
          ],
          [
            138.8059,
            -34.84058
          ],
          [
            138.80644,
            -34.84078
          ],
          [
            138.80662,
            -34.84087
          ],
          [
            138.80688,
            -34.84105
          ],
          [
            138.80699,
            -34.84111
          ],
          [
            138.8071,
            -34.84115
          ],
          [
            138.80718,
            -34.84116
          ],
          [
            138.80737,
            -34.84113
          ],
          [
            138.80747,
            -34.84109
          ],
          [
            138.80758,
            -34.84101
          ],
          [
            138.8077,
            -34.84088
          ],
          [
            138.80795,
            -34.8405
          ],
          [
            138.80806,
            -34.84027
          ],
          [
            138.80818,
            -34.83992
          ],
          [
            138.80823,
            -34.8397
          ],
          [
            138.80823,
            -34.83945
          ],
          [
            138.80825,
            -34.83931
          ],
          [
            138.8083,
            -34.83917
          ],
          [
            138.80836,
            -34.83907
          ],
          [
            138.80844,
            -34.839
          ],
          [
            138.80856,
            -34.83892
          ],
          [
            138.80867,
            -34.83887
          ],
          [
            138.80876,
            -34.83885
          ],
          [
            138.80884,
            -34.83885
          ],
          [
            138.80902,
            -34.8389
          ],
          [
            138.80912,
            -34.83896
          ],
          [
            138.80923,
            -34.83907
          ],
          [
            138.8093,
            -34.83917
          ],
          [
            138.80934,
            -34.83926
          ],
          [
            138.80937,
            -34.83939
          ],
          [
            138.80936,
            -34.83946
          ],
          [
            138.80922,
            -34.8398
          ],
          [
            138.80916,
            -34.84001
          ],
          [
            138.80915,
            -34.84036
          ],
          [
            138.80916,
            -34.84047
          ],
          [
            138.80922,
            -34.84066
          ],
          [
            138.80932,
            -34.84079
          ],
          [
            138.80974,
            -34.84104
          ],
          [
            138.81004,
            -34.84117
          ]
        ]
      }
    },
    {
      "type": "Feature",
      "id": "vista-1",
      "properties": {
        "featureId": "vista-1",
        "stageCodes": [
          "SS5"
        ],
        "name": "Vista 1",
        "day": 1,
        "sourceMid": "1Afv-5RMTbEXqJNsyUOICNB-Ts7k_294",
        "termini": [
          {
            "name": "Lower North East Rd, Houghton SA 5131, Australia",
            "coordinate": [
              138.746807,
              -34.840735
            ]
          },
          {
            "name": "1255 Lower North East Rd, Vista SA 5091, Australia",
            "coordinate": [
              138.723909,
              -34.840149
            ]
          }
        ]
      },
      "geometry": {
        "type": "LineString",
        "coordinates": [
          [
            138.74681,
            -34.84073
          ],
          [
            138.7468,
            -34.84074
          ],
          [
            138.74665,
            -34.84078
          ],
          [
            138.74649,
            -34.84082
          ],
          [
            138.74639,
            -34.84086
          ],
          [
            138.74626,
            -34.84092
          ],
          [
            138.74593,
            -34.8411
          ],
          [
            138.74583,
            -34.84114
          ],
          [
            138.7458,
            -34.84116
          ],
          [
            138.74577,
            -34.84117
          ],
          [
            138.74573,
            -34.84117
          ],
          [
            138.74569,
            -34.84117
          ],
          [
            138.74561,
            -34.84116
          ],
          [
            138.74552,
            -34.84115
          ],
          [
            138.74544,
            -34.84115
          ],
          [
            138.74537,
            -34.84116
          ],
          [
            138.74532,
            -34.84118
          ],
          [
            138.74518,
            -34.84124
          ],
          [
            138.74507,
            -34.84129
          ],
          [
            138.74495,
            -34.84131
          ],
          [
            138.7448,
            -34.84132
          ],
          [
            138.74462,
            -34.8413
          ],
          [
            138.74447,
            -34.84127
          ],
          [
            138.7444,
            -34.84125
          ],
          [
            138.74421,
            -34.84118
          ],
          [
            138.74408,
            -34.84115
          ],
          [
            138.74394,
            -34.84113
          ],
          [
            138.74383,
            -34.84113
          ],
          [
            138.7436,
            -34.84113
          ],
          [
            138.74347,
            -34.84114
          ],
          [
            138.74335,
            -34.84114
          ],
          [
            138.74294,
            -34.84119
          ],
          [
            138.74292,
            -34.8412
          ],
          [
            138.74287,
            -34.8412
          ],
          [
            138.74275,
            -34.84122
          ],
          [
            138.7427,
            -34.84123
          ],
          [
            138.74265,
            -34.84123
          ],
          [
            138.74261,
            -34.84123
          ],
          [
            138.74258,
            -34.84123
          ],
          [
            138.74254,
            -34.84122
          ],
          [
            138.74251,
            -34.84121
          ],
          [
            138.74247,
            -34.8412
          ],
          [
            138.74239,
            -34.84117
          ],
          [
            138.74235,
            -34.84115
          ],
          [
            138.74231,
            -34.84114
          ],
          [
            138.74226,
            -34.84112
          ],
          [
            138.74221,
            -34.8411
          ],
          [
            138.74216,
            -34.84109
          ],
          [
            138.7421,
            -34.84108
          ],
          [
            138.74193,
            -34.84108
          ],
          [
            138.74178,
            -34.84108
          ],
          [
            138.74153,
            -34.84106
          ],
          [
            138.74149,
            -34.84105
          ],
          [
            138.74143,
            -34.84105
          ],
          [
            138.74137,
            -34.84103
          ],
          [
            138.74134,
            -34.84103
          ],
          [
            138.74127,
            -34.84101
          ],
          [
            138.74125,
            -34.841
          ],
          [
            138.74122,
            -34.84099
          ],
          [
            138.74117,
            -34.84096
          ],
          [
            138.74112,
            -34.84094
          ],
          [
            138.74106,
            -34.84089
          ],
          [
            138.74085,
            -34.84071
          ],
          [
            138.74069,
            -34.84057
          ],
          [
            138.74062,
            -34.84051
          ],
          [
            138.74053,
            -34.84044
          ],
          [
            138.74037,
            -34.84033
          ],
          [
            138.74023,
            -34.84025
          ],
          [
            138.74007,
            -34.84018
          ],
          [
            138.73988,
            -34.84014
          ],
          [
            138.73982,
            -34.84013
          ],
          [
            138.73978,
            -34.84012
          ],
          [
            138.73969,
            -34.84011
          ],
          [
            138.73964,
            -34.8401
          ],
          [
            138.73959,
            -34.8401
          ],
          [
            138.73954,
            -34.84009
          ],
          [
            138.73949,
            -34.84009
          ],
          [
            138.73945,
            -34.84009
          ],
          [
            138.7394,
            -34.84009
          ],
          [
            138.73936,
            -34.84009
          ],
          [
            138.73931,
            -34.84009
          ],
          [
            138.73894,
            -34.84013
          ],
          [
            138.73876,
            -34.84016
          ],
          [
            138.73862,
            -34.84017
          ],
          [
            138.73854,
            -34.84018
          ],
          [
            138.73852,
            -34.84019
          ],
          [
            138.73845,
            -34.8402
          ],
          [
            138.73836,
            -34.84022
          ],
          [
            138.73826,
            -34.84026
          ],
          [
            138.73814,
            -34.84032
          ],
          [
            138.73799,
            -34.8404
          ],
          [
            138.73673,
            -34.84106
          ],
          [
            138.73632,
            -34.84126
          ],
          [
            138.73628,
            -34.84128
          ],
          [
            138.73598,
            -34.84142
          ],
          [
            138.7356,
            -34.84164
          ],
          [
            138.73555,
            -34.84167
          ],
          [
            138.73538,
            -34.84177
          ],
          [
            138.73518,
            -34.84187
          ],
          [
            138.73502,
            -34.84195
          ],
          [
            138.73477,
            -34.84206
          ],
          [
            138.73464,
            -34.84215
          ],
          [
            138.73432,
            -34.84243
          ],
          [
            138.73416,
            -34.84256
          ],
          [
            138.73405,
            -34.84263
          ],
          [
            138.73395,
            -34.84267
          ],
          [
            138.73374,
            -34.84275
          ],
          [
            138.73353,
            -34.84281
          ],
          [
            138.73344,
            -34.84283
          ],
          [
            138.73334,
            -34.84285
          ],
          [
            138.73323,
            -34.84285
          ],
          [
            138.73308,
            -34.84283
          ],
          [
            138.73297,
            -34.8428
          ],
          [
            138.73287,
            -34.84278
          ],
          [
            138.7328,
            -34.84278
          ],
          [
            138.73272,
            -34.84278
          ],
          [
            138.73266,
            -34.84279
          ],
          [
            138.73257,
            -34.84282
          ],
          [
            138.73248,
            -34.84286
          ],
          [
            138.73215,
            -34.84307
          ],
          [
            138.73208,
            -34.84311
          ],
          [
            138.73199,
            -34.84314
          ],
          [
            138.73187,
            -34.84316
          ],
          [
            138.73173,
            -34.84318
          ],
          [
            138.73164,
            -34.84318
          ],
          [
            138.73154,
            -34.84317
          ],
          [
            138.73146,
            -34.84314
          ],
          [
            138.7314,
            -34.8431
          ],
          [
            138.73138,
            -34.84308
          ],
          [
            138.73135,
            -34.84306
          ],
          [
            138.73133,
            -34.84303
          ],
          [
            138.73131,
            -34.843
          ],
          [
            138.73129,
            -34.84294
          ],
          [
            138.73128,
            -34.84286
          ],
          [
            138.73128,
            -34.84273
          ],
          [
            138.7313,
            -34.84251
          ],
          [
            138.73131,
            -34.8422
          ],
          [
            138.73129,
            -34.84207
          ],
          [
            138.73128,
            -34.84197
          ],
          [
            138.73118,
            -34.8415
          ],
          [
            138.73118,
            -34.84146
          ],
          [
            138.73118,
            -34.8414
          ],
          [
            138.7312,
            -34.84136
          ],
          [
            138.73122,
            -34.84131
          ],
          [
            138.73129,
            -34.84115
          ],
          [
            138.73138,
            -34.84099
          ],
          [
            138.73144,
            -34.8409
          ],
          [
            138.73148,
            -34.84081
          ],
          [
            138.7315,
            -34.84075
          ],
          [
            138.73151,
            -34.84073
          ],
          [
            138.73152,
            -34.8407
          ],
          [
            138.73153,
            -34.84067
          ],
          [
            138.73154,
            -34.84064
          ],
          [
            138.73155,
            -34.84058
          ],
          [
            138.73155,
            -34.84055
          ],
          [
            138.73155,
            -34.84053
          ],
          [
            138.73155,
            -34.84052
          ],
          [
            138.73155,
            -34.8405
          ],
          [
            138.73155,
            -34.84049
          ],
          [
            138.73154,
            -34.84046
          ],
          [
            138.73152,
            -34.8404
          ],
          [
            138.73146,
            -34.8403
          ],
          [
            138.73142,
            -34.84025
          ],
          [
            138.7314,
            -34.84022
          ],
          [
            138.73133,
            -34.84015
          ],
          [
            138.73125,
            -34.84004
          ],
          [
            138.73112,
            -34.83985
          ],
          [
            138.73102,
            -34.83967
          ],
          [
            138.73095,
            -34.83952
          ],
          [
            138.73088,
            -34.83941
          ],
          [
            138.73072,
            -34.83921
          ],
          [
            138.73071,
            -34.83918
          ],
          [
            138.7307,
            -34.83916
          ],
          [
            138.73068,
            -34.8391
          ],
          [
            138.73068,
            -34.83907
          ],
          [
            138.73067,
            -34.83905
          ],
          [
            138.73067,
            -34.83901
          ],
          [
            138.73067,
            -34.83896
          ],
          [
            138.73072,
            -34.83858
          ],
          [
            138.73072,
            -34.83853
          ],
          [
            138.73072,
            -34.83846
          ],
          [
            138.73071,
            -34.83837
          ],
          [
            138.73071,
            -34.83834
          ],
          [
            138.73069,
            -34.8383
          ],
          [
            138.73069,
            -34.83828
          ],
          [
            138.73067,
            -34.83826
          ],
          [
            138.73066,
            -34.83824
          ],
          [
            138.73064,
            -34.83821
          ],
          [
            138.73061,
            -34.83816
          ],
          [
            138.73056,
            -34.83812
          ],
          [
            138.73045,
            -34.83805
          ],
          [
            138.73039,
            -34.83802
          ],
          [
            138.73033,
            -34.83798
          ],
          [
            138.73027,
            -34.83792
          ],
          [
            138.73023,
            -34.83787
          ],
          [
            138.73015,
            -34.83777
          ],
          [
            138.73005,
            -34.83762
          ],
          [
            138.72997,
            -34.83752
          ],
          [
            138.72984,
            -34.83741
          ],
          [
            138.7298,
            -34.83739
          ],
          [
            138.72976,
            -34.83737
          ],
          [
            138.72972,
            -34.83735
          ],
          [
            138.7297,
            -34.83734
          ],
          [
            138.72967,
            -34.83734
          ],
          [
            138.72965,
            -34.83733
          ],
          [
            138.72948,
            -34.83729
          ],
          [
            138.72931,
            -34.83726
          ],
          [
            138.72924,
            -34.83725
          ],
          [
            138.72901,
            -34.83721
          ],
          [
            138.72885,
            -34.83719
          ],
          [
            138.72862,
            -34.83718
          ],
          [
            138.72844,
            -34.83717
          ],
          [
            138.7282,
            -34.83717
          ],
          [
            138.72808,
            -34.83716
          ],
          [
            138.72801,
            -34.83715
          ],
          [
            138.72789,
            -34.83713
          ],
          [
            138.72771,
            -34.8371
          ],
          [
            138.72757,
            -34.83708
          ],
          [
            138.72749,
            -34.83708
          ],
          [
            138.72744,
            -34.83708
          ],
          [
            138.72741,
            -34.83708
          ],
          [
            138.72738,
            -34.83709
          ],
          [
            138.72719,
            -34.83714
          ],
          [
            138.72704,
            -34.83718
          ],
          [
            138.72684,
            -34.83726
          ],
          [
            138.72672,
            -34.83732
          ],
          [
            138.72665,
            -34.83735
          ],
          [
            138.72659,
            -34.83739
          ],
          [
            138.7265,
            -34.83746
          ],
          [
            138.72569,
            -34.83817
          ],
          [
            138.72555,
            -34.8383
          ],
          [
            138.72547,
            -34.8384
          ],
          [
            138.72543,
            -34.83845
          ],
          [
            138.72539,
            -34.83853
          ],
          [
            138.72536,
            -34.8386
          ],
          [
            138.72533,
            -34.83867
          ],
          [
            138.72529,
            -34.83878
          ],
          [
            138.72527,
            -34.8389
          ],
          [
            138.72523,
            -34.83918
          ],
          [
            138.72523,
            -34.83924
          ],
          [
            138.72521,
            -34.83967
          ],
          [
            138.72521,
            -34.83982
          ],
          [
            138.7252,
            -34.8399
          ],
          [
            138.72519,
            -34.83994
          ],
          [
            138.72518,
            -34.83997
          ],
          [
            138.72517,
            -34.83999
          ],
          [
            138.72516,
            -34.84001
          ],
          [
            138.72514,
            -34.84003
          ],
          [
            138.72513,
            -34.84005
          ],
          [
            138.72512,
            -34.84006
          ],
          [
            138.72506,
            -34.8401
          ],
          [
            138.725,
            -34.84014
          ],
          [
            138.72493,
            -34.84016
          ],
          [
            138.7249,
            -34.84017
          ],
          [
            138.72487,
            -34.84017
          ],
          [
            138.72483,
            -34.84018
          ],
          [
            138.7248,
            -34.84018
          ],
          [
            138.7245,
            -34.84017
          ],
          [
            138.72428,
            -34.84016
          ],
          [
            138.72425,
            -34.84016
          ],
          [
            138.72391,
            -34.84015
          ]
        ]
      }
    },
    {
      "type": "Feature",
      "id": "old-norton-summit",
      "properties": {
        "featureId": "old-norton-summit",
        "stageCodes": [
          "SS6",
          "SS10"
        ],
        "name": "Old Norton Summit 1 & 2",
        "day": 1,
        "sourceMid": "1Afv-5RMTbEXqJNsyUOICNB-Ts7k_294",
        "termini": [
          {
            "name": "44 Horsnells Gully Rd, Horsnell Gully SA 5141, Australia",
            "coordinate": [
              138.697976,
              -34.921308
            ]
          },
          {
            "name": "505 Old Norton Summit Rd, Norton Summit SA 5136, Australia",
            "coordinate": [
              138.724459,
              -34.922997
            ]
          }
        ]
      },
      "geometry": {
        "type": "LineString",
        "coordinates": [
          [
            138.69798,
            -34.92131
          ],
          [
            138.69804,
            -34.92134
          ],
          [
            138.69821,
            -34.92143
          ],
          [
            138.69833,
            -34.9215
          ],
          [
            138.69849,
            -34.92161
          ],
          [
            138.69858,
            -34.92166
          ],
          [
            138.69865,
            -34.9217
          ],
          [
            138.69868,
            -34.92171
          ],
          [
            138.69875,
            -34.92173
          ],
          [
            138.69885,
            -34.92176
          ],
          [
            138.6989,
            -34.92178
          ],
          [
            138.69895,
            -34.92178
          ],
          [
            138.69897,
            -34.92178
          ],
          [
            138.69904,
            -34.92178
          ],
          [
            138.6991,
            -34.92178
          ],
          [
            138.69915,
            -34.92178
          ],
          [
            138.69923,
            -34.92177
          ],
          [
            138.6993,
            -34.92175
          ],
          [
            138.69937,
            -34.92173
          ],
          [
            138.69943,
            -34.92172
          ],
          [
            138.69958,
            -34.92166
          ],
          [
            138.69963,
            -34.92165
          ],
          [
            138.69969,
            -34.92163
          ],
          [
            138.69975,
            -34.92162
          ],
          [
            138.69979,
            -34.92161
          ],
          [
            138.69983,
            -34.9216
          ],
          [
            138.70003,
            -34.92161
          ],
          [
            138.70005,
            -34.92161
          ],
          [
            138.70021,
            -34.92162
          ],
          [
            138.70027,
            -34.92163
          ],
          [
            138.70044,
            -34.92164
          ],
          [
            138.70049,
            -34.92164
          ],
          [
            138.70062,
            -34.92165
          ],
          [
            138.70074,
            -34.92166
          ],
          [
            138.70079,
            -34.92166
          ],
          [
            138.70083,
            -34.92166
          ],
          [
            138.70089,
            -34.92166
          ],
          [
            138.70092,
            -34.92165
          ],
          [
            138.70093,
            -34.92165
          ],
          [
            138.701,
            -34.92164
          ],
          [
            138.7011,
            -34.92161
          ],
          [
            138.70113,
            -34.9216
          ],
          [
            138.70128,
            -34.92156
          ],
          [
            138.70134,
            -34.92155
          ],
          [
            138.70136,
            -34.92154
          ],
          [
            138.70142,
            -34.92153
          ],
          [
            138.70146,
            -34.92152
          ],
          [
            138.7015,
            -34.92152
          ],
          [
            138.70156,
            -34.92151
          ],
          [
            138.70157,
            -34.92151
          ],
          [
            138.70163,
            -34.92151
          ],
          [
            138.70167,
            -34.9215
          ],
          [
            138.70171,
            -34.92151
          ],
          [
            138.70182,
            -34.92152
          ],
          [
            138.70193,
            -34.92153
          ],
          [
            138.70199,
            -34.92154
          ],
          [
            138.7022,
            -34.92158
          ],
          [
            138.70232,
            -34.9216
          ],
          [
            138.70235,
            -34.92161
          ],
          [
            138.70242,
            -34.92162
          ],
          [
            138.70244,
            -34.92162
          ],
          [
            138.70249,
            -34.92162
          ],
          [
            138.70253,
            -34.92163
          ],
          [
            138.7026,
            -34.92163
          ],
          [
            138.70264,
            -34.92163
          ],
          [
            138.70269,
            -34.92164
          ],
          [
            138.70274,
            -34.92164
          ],
          [
            138.70278,
            -34.92164
          ],
          [
            138.70282,
            -34.92164
          ],
          [
            138.70286,
            -34.92163
          ],
          [
            138.70288,
            -34.92163
          ],
          [
            138.70293,
            -34.92163
          ],
          [
            138.70307,
            -34.92162
          ],
          [
            138.70308,
            -34.92162
          ],
          [
            138.70315,
            -34.92161
          ],
          [
            138.70326,
            -34.9216
          ],
          [
            138.70329,
            -34.9216
          ],
          [
            138.70332,
            -34.9216
          ],
          [
            138.70336,
            -34.9216
          ],
          [
            138.70339,
            -34.9216
          ],
          [
            138.70342,
            -34.9216
          ],
          [
            138.70346,
            -34.9216
          ],
          [
            138.70353,
            -34.92161
          ],
          [
            138.70359,
            -34.92162
          ],
          [
            138.70373,
            -34.92165
          ],
          [
            138.70374,
            -34.92165
          ],
          [
            138.70382,
            -34.92167
          ],
          [
            138.70387,
            -34.92168
          ],
          [
            138.70394,
            -34.92168
          ],
          [
            138.70395,
            -34.92168
          ],
          [
            138.70407,
            -34.92168
          ],
          [
            138.70416,
            -34.92168
          ],
          [
            138.70427,
            -34.92168
          ],
          [
            138.70436,
            -34.92168
          ],
          [
            138.70442,
            -34.92168
          ],
          [
            138.7045,
            -34.92168
          ],
          [
            138.70458,
            -34.92168
          ],
          [
            138.7046,
            -34.92169
          ],
          [
            138.70464,
            -34.92169
          ],
          [
            138.70478,
            -34.92171
          ],
          [
            138.70487,
            -34.92173
          ],
          [
            138.70497,
            -34.92175
          ],
          [
            138.70507,
            -34.92177
          ],
          [
            138.70523,
            -34.9218
          ],
          [
            138.70524,
            -34.9218
          ],
          [
            138.70529,
            -34.92181
          ],
          [
            138.70533,
            -34.92182
          ],
          [
            138.70538,
            -34.92182
          ],
          [
            138.70545,
            -34.92182
          ],
          [
            138.70551,
            -34.92182
          ],
          [
            138.70558,
            -34.92182
          ],
          [
            138.70567,
            -34.92181
          ],
          [
            138.70576,
            -34.9218
          ],
          [
            138.70582,
            -34.9218
          ],
          [
            138.70589,
            -34.9218
          ],
          [
            138.70602,
            -34.9218
          ],
          [
            138.70609,
            -34.9218
          ],
          [
            138.70618,
            -34.9218
          ],
          [
            138.70628,
            -34.92181
          ],
          [
            138.70633,
            -34.92182
          ],
          [
            138.70639,
            -34.92183
          ],
          [
            138.70647,
            -34.92184
          ],
          [
            138.70653,
            -34.92184
          ],
          [
            138.70658,
            -34.92185
          ],
          [
            138.70662,
            -34.92185
          ],
          [
            138.70666,
            -34.92186
          ],
          [
            138.70669,
            -34.92186
          ],
          [
            138.70674,
            -34.92186
          ],
          [
            138.7068,
            -34.92185
          ],
          [
            138.70688,
            -34.92184
          ],
          [
            138.70698,
            -34.92183
          ],
          [
            138.70714,
            -34.9218
          ],
          [
            138.70728,
            -34.92177
          ],
          [
            138.70734,
            -34.92176
          ],
          [
            138.70739,
            -34.92175
          ],
          [
            138.70744,
            -34.92173
          ],
          [
            138.70749,
            -34.92172
          ],
          [
            138.70754,
            -34.9217
          ],
          [
            138.7076,
            -34.92168
          ],
          [
            138.70769,
            -34.92164
          ],
          [
            138.70775,
            -34.92162
          ],
          [
            138.70785,
            -34.92158
          ],
          [
            138.70791,
            -34.92156
          ],
          [
            138.70794,
            -34.92155
          ],
          [
            138.70798,
            -34.92154
          ],
          [
            138.708,
            -34.92153
          ],
          [
            138.70804,
            -34.92152
          ],
          [
            138.70811,
            -34.92151
          ],
          [
            138.70819,
            -34.92148
          ],
          [
            138.70825,
            -34.92147
          ],
          [
            138.7083,
            -34.92145
          ],
          [
            138.70835,
            -34.92144
          ],
          [
            138.7084,
            -34.92143
          ],
          [
            138.70842,
            -34.92142
          ],
          [
            138.70845,
            -34.92141
          ],
          [
            138.70848,
            -34.9214
          ],
          [
            138.7085,
            -34.92139
          ],
          [
            138.70853,
            -34.92137
          ],
          [
            138.70856,
            -34.92136
          ],
          [
            138.7086,
            -34.92133
          ],
          [
            138.70864,
            -34.92131
          ],
          [
            138.70869,
            -34.92128
          ],
          [
            138.70874,
            -34.92125
          ],
          [
            138.70883,
            -34.92119
          ],
          [
            138.70887,
            -34.92116
          ],
          [
            138.70894,
            -34.92111
          ],
          [
            138.70897,
            -34.92108
          ],
          [
            138.709,
            -34.92107
          ],
          [
            138.70902,
            -34.92106
          ],
          [
            138.70906,
            -34.92103
          ],
          [
            138.70908,
            -34.92102
          ],
          [
            138.7091,
            -34.92101
          ],
          [
            138.70913,
            -34.921
          ],
          [
            138.70919,
            -34.92098
          ],
          [
            138.70924,
            -34.92096
          ],
          [
            138.70927,
            -34.92095
          ],
          [
            138.7093,
            -34.92095
          ],
          [
            138.70933,
            -34.92094
          ],
          [
            138.70935,
            -34.92094
          ],
          [
            138.7094,
            -34.92093
          ],
          [
            138.70945,
            -34.92093
          ],
          [
            138.70948,
            -34.92094
          ],
          [
            138.70954,
            -34.92094
          ],
          [
            138.7096,
            -34.92095
          ],
          [
            138.70964,
            -34.92096
          ],
          [
            138.7097,
            -34.92097
          ],
          [
            138.70985,
            -34.92101
          ],
          [
            138.70989,
            -34.92102
          ],
          [
            138.70992,
            -34.92103
          ],
          [
            138.70998,
            -34.92104
          ],
          [
            138.71001,
            -34.92104
          ],
          [
            138.71005,
            -34.92105
          ],
          [
            138.71009,
            -34.92105
          ],
          [
            138.71012,
            -34.92105
          ],
          [
            138.71015,
            -34.92106
          ],
          [
            138.71022,
            -34.92106
          ],
          [
            138.71027,
            -34.92106
          ],
          [
            138.71039,
            -34.92105
          ],
          [
            138.71058,
            -34.92104
          ],
          [
            138.71069,
            -34.92104
          ],
          [
            138.71083,
            -34.92105
          ],
          [
            138.71094,
            -34.92105
          ],
          [
            138.711,
            -34.92105
          ],
          [
            138.71108,
            -34.92106
          ],
          [
            138.71114,
            -34.92107
          ],
          [
            138.71118,
            -34.92107
          ],
          [
            138.71128,
            -34.92109
          ],
          [
            138.71139,
            -34.92111
          ],
          [
            138.71154,
            -34.92115
          ],
          [
            138.71173,
            -34.9212
          ],
          [
            138.71185,
            -34.92123
          ],
          [
            138.71198,
            -34.92126
          ],
          [
            138.71206,
            -34.92128
          ],
          [
            138.71212,
            -34.92129
          ],
          [
            138.71226,
            -34.92132
          ],
          [
            138.71229,
            -34.92133
          ],
          [
            138.71234,
            -34.92134
          ],
          [
            138.71239,
            -34.92135
          ],
          [
            138.7126,
            -34.92139
          ],
          [
            138.71266,
            -34.92141
          ],
          [
            138.71271,
            -34.92141
          ],
          [
            138.71275,
            -34.92142
          ],
          [
            138.71279,
            -34.92143
          ],
          [
            138.71284,
            -34.92143
          ],
          [
            138.71289,
            -34.92144
          ],
          [
            138.71293,
            -34.92144
          ],
          [
            138.71299,
            -34.92145
          ],
          [
            138.71304,
            -34.92145
          ],
          [
            138.71315,
            -34.92145
          ],
          [
            138.71329,
            -34.92145
          ],
          [
            138.71345,
            -34.92145
          ],
          [
            138.71365,
            -34.92144
          ],
          [
            138.71371,
            -34.92144
          ],
          [
            138.71379,
            -34.92144
          ],
          [
            138.71385,
            -34.92145
          ],
          [
            138.71391,
            -34.92145
          ],
          [
            138.71396,
            -34.92145
          ],
          [
            138.714,
            -34.92146
          ],
          [
            138.71402,
            -34.92146
          ],
          [
            138.71409,
            -34.92147
          ],
          [
            138.71415,
            -34.92147
          ],
          [
            138.71421,
            -34.92148
          ],
          [
            138.71427,
            -34.9215
          ],
          [
            138.71434,
            -34.92151
          ],
          [
            138.71438,
            -34.92152
          ],
          [
            138.71447,
            -34.92154
          ],
          [
            138.71453,
            -34.92155
          ],
          [
            138.71458,
            -34.92156
          ],
          [
            138.71464,
            -34.92156
          ],
          [
            138.71469,
            -34.92156
          ],
          [
            138.71472,
            -34.92156
          ],
          [
            138.71479,
            -34.92157
          ],
          [
            138.7149,
            -34.92156
          ],
          [
            138.71499,
            -34.92156
          ],
          [
            138.71518,
            -34.92154
          ],
          [
            138.71531,
            -34.92153
          ],
          [
            138.71539,
            -34.92153
          ],
          [
            138.71544,
            -34.92153
          ],
          [
            138.71549,
            -34.92153
          ],
          [
            138.71553,
            -34.92153
          ],
          [
            138.71556,
            -34.92154
          ],
          [
            138.71561,
            -34.92155
          ],
          [
            138.71564,
            -34.92155
          ],
          [
            138.71568,
            -34.92157
          ],
          [
            138.71572,
            -34.92158
          ],
          [
            138.71582,
            -34.92162
          ],
          [
            138.71587,
            -34.92164
          ],
          [
            138.71592,
            -34.92166
          ],
          [
            138.71602,
            -34.92168
          ],
          [
            138.71613,
            -34.9217
          ],
          [
            138.71614,
            -34.92171
          ],
          [
            138.7162,
            -34.92171
          ],
          [
            138.71624,
            -34.92171
          ],
          [
            138.71629,
            -34.9217
          ],
          [
            138.71634,
            -34.9217
          ],
          [
            138.71638,
            -34.9217
          ],
          [
            138.71643,
            -34.9217
          ],
          [
            138.71653,
            -34.92169
          ],
          [
            138.71659,
            -34.92168
          ],
          [
            138.71665,
            -34.92167
          ],
          [
            138.71667,
            -34.92167
          ],
          [
            138.7167,
            -34.92166
          ],
          [
            138.7168,
            -34.92164
          ],
          [
            138.71686,
            -34.92163
          ],
          [
            138.71691,
            -34.92163
          ],
          [
            138.71695,
            -34.92162
          ],
          [
            138.717,
            -34.92162
          ],
          [
            138.71704,
            -34.92162
          ],
          [
            138.71706,
            -34.92163
          ],
          [
            138.71708,
            -34.92163
          ],
          [
            138.7171,
            -34.92163
          ],
          [
            138.71713,
            -34.92164
          ],
          [
            138.71716,
            -34.92164
          ],
          [
            138.71719,
            -34.92165
          ],
          [
            138.71722,
            -34.92166
          ],
          [
            138.71723,
            -34.92167
          ],
          [
            138.71728,
            -34.9217
          ],
          [
            138.71734,
            -34.92173
          ],
          [
            138.7174,
            -34.92178
          ],
          [
            138.71745,
            -34.92182
          ],
          [
            138.7175,
            -34.92187
          ],
          [
            138.71758,
            -34.92195
          ],
          [
            138.71762,
            -34.92199
          ],
          [
            138.71767,
            -34.92204
          ],
          [
            138.71773,
            -34.92208
          ],
          [
            138.71776,
            -34.92211
          ],
          [
            138.71779,
            -34.92213
          ],
          [
            138.71783,
            -34.92216
          ],
          [
            138.71787,
            -34.92219
          ],
          [
            138.71793,
            -34.92222
          ],
          [
            138.718,
            -34.92225
          ],
          [
            138.71802,
            -34.92227
          ],
          [
            138.71805,
            -34.92228
          ],
          [
            138.7181,
            -34.9223
          ],
          [
            138.71814,
            -34.92233
          ],
          [
            138.71817,
            -34.92235
          ],
          [
            138.71821,
            -34.92238
          ],
          [
            138.71825,
            -34.9224
          ],
          [
            138.71829,
            -34.92244
          ],
          [
            138.71833,
            -34.92248
          ],
          [
            138.71835,
            -34.92251
          ],
          [
            138.71836,
            -34.92253
          ],
          [
            138.71837,
            -34.92255
          ],
          [
            138.71838,
            -34.92258
          ],
          [
            138.71839,
            -34.92261
          ],
          [
            138.71839,
            -34.92264
          ],
          [
            138.71839,
            -34.92266
          ],
          [
            138.71839,
            -34.9227
          ],
          [
            138.71839,
            -34.92278
          ],
          [
            138.71839,
            -34.92285
          ],
          [
            138.71839,
            -34.92297
          ],
          [
            138.7184,
            -34.92313
          ],
          [
            138.7184,
            -34.92319
          ],
          [
            138.7184,
            -34.92324
          ],
          [
            138.7184,
            -34.92328
          ],
          [
            138.7184,
            -34.92331
          ],
          [
            138.7184,
            -34.92334
          ],
          [
            138.71839,
            -34.92337
          ],
          [
            138.71839,
            -34.92342
          ],
          [
            138.71839,
            -34.92347
          ],
          [
            138.71838,
            -34.92354
          ],
          [
            138.71837,
            -34.92358
          ],
          [
            138.71837,
            -34.9236
          ],
          [
            138.71835,
            -34.92366
          ],
          [
            138.71833,
            -34.92374
          ],
          [
            138.71831,
            -34.92383
          ],
          [
            138.71827,
            -34.92393
          ],
          [
            138.71823,
            -34.92406
          ],
          [
            138.7182,
            -34.92414
          ],
          [
            138.71817,
            -34.92422
          ],
          [
            138.71813,
            -34.92438
          ],
          [
            138.71808,
            -34.92455
          ],
          [
            138.71806,
            -34.92462
          ],
          [
            138.71804,
            -34.9247
          ],
          [
            138.71803,
            -34.92476
          ],
          [
            138.71803,
            -34.92482
          ],
          [
            138.71803,
            -34.92486
          ],
          [
            138.71803,
            -34.92493
          ],
          [
            138.71803,
            -34.92496
          ],
          [
            138.71804,
            -34.92502
          ],
          [
            138.71805,
            -34.92506
          ],
          [
            138.71806,
            -34.92511
          ],
          [
            138.71808,
            -34.9252
          ],
          [
            138.71814,
            -34.9255
          ],
          [
            138.71815,
            -34.92553
          ],
          [
            138.71815,
            -34.92555
          ],
          [
            138.71817,
            -34.92567
          ],
          [
            138.71819,
            -34.92575
          ],
          [
            138.71819,
            -34.92579
          ],
          [
            138.7182,
            -34.92583
          ],
          [
            138.71821,
            -34.92587
          ],
          [
            138.71822,
            -34.9259
          ],
          [
            138.71822,
            -34.92592
          ],
          [
            138.71823,
            -34.92594
          ],
          [
            138.71824,
            -34.92597
          ],
          [
            138.71825,
            -34.926
          ],
          [
            138.71826,
            -34.92602
          ],
          [
            138.71828,
            -34.92606
          ],
          [
            138.71834,
            -34.92615
          ],
          [
            138.71838,
            -34.9262
          ],
          [
            138.71841,
            -34.92624
          ],
          [
            138.71843,
            -34.92627
          ],
          [
            138.71844,
            -34.9263
          ],
          [
            138.71848,
            -34.92637
          ],
          [
            138.7185,
            -34.92641
          ],
          [
            138.71851,
            -34.92644
          ],
          [
            138.71853,
            -34.92648
          ],
          [
            138.71854,
            -34.92652
          ],
          [
            138.71855,
            -34.92655
          ],
          [
            138.71858,
            -34.92658
          ],
          [
            138.7186,
            -34.92662
          ],
          [
            138.71862,
            -34.92665
          ],
          [
            138.71866,
            -34.92668
          ],
          [
            138.7187,
            -34.92671
          ],
          [
            138.71873,
            -34.92674
          ],
          [
            138.7188,
            -34.92678
          ],
          [
            138.71888,
            -34.92682
          ],
          [
            138.71898,
            -34.92687
          ],
          [
            138.71904,
            -34.9269
          ],
          [
            138.71906,
            -34.92691
          ],
          [
            138.71911,
            -34.92694
          ],
          [
            138.71915,
            -34.92695
          ],
          [
            138.71918,
            -34.92696
          ],
          [
            138.71921,
            -34.92696
          ],
          [
            138.71924,
            -34.92696
          ],
          [
            138.71926,
            -34.92696
          ],
          [
            138.71927,
            -34.92696
          ],
          [
            138.71929,
            -34.92694
          ],
          [
            138.71931,
            -34.92693
          ],
          [
            138.71932,
            -34.92692
          ],
          [
            138.71933,
            -34.92691
          ],
          [
            138.71934,
            -34.9269
          ],
          [
            138.71935,
            -34.92688
          ],
          [
            138.71935,
            -34.92687
          ],
          [
            138.71935,
            -34.92686
          ],
          [
            138.71935,
            -34.92685
          ],
          [
            138.71936,
            -34.92683
          ],
          [
            138.71935,
            -34.92683
          ],
          [
            138.71935,
            -34.92682
          ],
          [
            138.71935,
            -34.9268
          ],
          [
            138.71935,
            -34.92679
          ],
          [
            138.71934,
            -34.92676
          ],
          [
            138.71934,
            -34.92674
          ],
          [
            138.71933,
            -34.92672
          ],
          [
            138.71931,
            -34.92669
          ],
          [
            138.71929,
            -34.92666
          ],
          [
            138.71927,
            -34.92663
          ],
          [
            138.71926,
            -34.92662
          ],
          [
            138.71922,
            -34.92658
          ],
          [
            138.7192,
            -34.92655
          ],
          [
            138.71916,
            -34.9265
          ],
          [
            138.71913,
            -34.92647
          ],
          [
            138.71912,
            -34.92644
          ],
          [
            138.7191,
            -34.9264
          ],
          [
            138.71908,
            -34.92634
          ],
          [
            138.71906,
            -34.92626
          ],
          [
            138.71904,
            -34.9262
          ],
          [
            138.71904,
            -34.92618
          ],
          [
            138.71903,
            -34.92617
          ],
          [
            138.719,
            -34.92599
          ],
          [
            138.71899,
            -34.92596
          ],
          [
            138.71897,
            -34.92583
          ],
          [
            138.71896,
            -34.92578
          ],
          [
            138.71894,
            -34.92558
          ],
          [
            138.71893,
            -34.92553
          ],
          [
            138.71892,
            -34.92547
          ],
          [
            138.71892,
            -34.92545
          ],
          [
            138.71892,
            -34.92543
          ],
          [
            138.71892,
            -34.9254
          ],
          [
            138.71893,
            -34.92537
          ],
          [
            138.71894,
            -34.92534
          ],
          [
            138.71894,
            -34.92532
          ],
          [
            138.71896,
            -34.92527
          ],
          [
            138.71897,
            -34.92525
          ],
          [
            138.71899,
            -34.92522
          ],
          [
            138.71901,
            -34.92519
          ],
          [
            138.71902,
            -34.92517
          ],
          [
            138.71903,
            -34.92515
          ],
          [
            138.71906,
            -34.92511
          ],
          [
            138.7191,
            -34.92506
          ],
          [
            138.71919,
            -34.92496
          ],
          [
            138.71925,
            -34.92488
          ],
          [
            138.71932,
            -34.9248
          ],
          [
            138.71938,
            -34.9247
          ],
          [
            138.71943,
            -34.92462
          ],
          [
            138.7195,
            -34.9245
          ],
          [
            138.71953,
            -34.92445
          ],
          [
            138.71958,
            -34.92433
          ],
          [
            138.7196,
            -34.92429
          ],
          [
            138.71961,
            -34.92426
          ],
          [
            138.71964,
            -34.92423
          ],
          [
            138.71966,
            -34.92421
          ],
          [
            138.71967,
            -34.9242
          ],
          [
            138.7197,
            -34.92418
          ],
          [
            138.71972,
            -34.92417
          ],
          [
            138.71974,
            -34.92416
          ],
          [
            138.71977,
            -34.92415
          ],
          [
            138.71979,
            -34.92415
          ],
          [
            138.71981,
            -34.92415
          ],
          [
            138.71984,
            -34.92415
          ],
          [
            138.71987,
            -34.92416
          ],
          [
            138.71989,
            -34.92416
          ],
          [
            138.71991,
            -34.92416
          ],
          [
            138.71994,
            -34.92417
          ],
          [
            138.72,
            -34.92419
          ],
          [
            138.72011,
            -34.92422
          ],
          [
            138.72013,
            -34.92423
          ],
          [
            138.72021,
            -34.92426
          ],
          [
            138.72026,
            -34.92427
          ],
          [
            138.72035,
            -34.9243
          ],
          [
            138.7204,
            -34.92432
          ],
          [
            138.72051,
            -34.92436
          ],
          [
            138.72059,
            -34.92438
          ],
          [
            138.72073,
            -34.92443
          ],
          [
            138.72082,
            -34.92446
          ],
          [
            138.7209,
            -34.92449
          ],
          [
            138.72097,
            -34.92452
          ],
          [
            138.72105,
            -34.92455
          ],
          [
            138.72113,
            -34.92458
          ],
          [
            138.72116,
            -34.92459
          ],
          [
            138.72118,
            -34.9246
          ],
          [
            138.72121,
            -34.9246
          ],
          [
            138.72124,
            -34.92461
          ],
          [
            138.72126,
            -34.92462
          ],
          [
            138.72132,
            -34.92463
          ],
          [
            138.72135,
            -34.92463
          ],
          [
            138.72139,
            -34.92464
          ],
          [
            138.72142,
            -34.92464
          ],
          [
            138.72147,
            -34.92464
          ],
          [
            138.72153,
            -34.92464
          ],
          [
            138.72159,
            -34.92464
          ],
          [
            138.72168,
            -34.92465
          ],
          [
            138.72178,
            -34.92465
          ],
          [
            138.72184,
            -34.92465
          ],
          [
            138.72189,
            -34.92466
          ],
          [
            138.72193,
            -34.92466
          ],
          [
            138.72196,
            -34.92467
          ],
          [
            138.722,
            -34.92468
          ],
          [
            138.72215,
            -34.92471
          ],
          [
            138.72221,
            -34.92472
          ],
          [
            138.72222,
            -34.92472
          ],
          [
            138.72233,
            -34.92475
          ],
          [
            138.72254,
            -34.92482
          ],
          [
            138.72285,
            -34.92492
          ],
          [
            138.72293,
            -34.92495
          ],
          [
            138.72297,
            -34.92496
          ],
          [
            138.72303,
            -34.92498
          ],
          [
            138.7231,
            -34.92499
          ],
          [
            138.72313,
            -34.925
          ],
          [
            138.72316,
            -34.925
          ],
          [
            138.7232,
            -34.925
          ],
          [
            138.72322,
            -34.925
          ],
          [
            138.72329,
            -34.92498
          ],
          [
            138.72335,
            -34.92496
          ],
          [
            138.7234,
            -34.92494
          ],
          [
            138.72344,
            -34.92491
          ],
          [
            138.72345,
            -34.92491
          ],
          [
            138.72349,
            -34.92487
          ],
          [
            138.72352,
            -34.92484
          ],
          [
            138.72357,
            -34.92479
          ],
          [
            138.7236,
            -34.92473
          ],
          [
            138.72363,
            -34.92468
          ],
          [
            138.72365,
            -34.92463
          ],
          [
            138.72367,
            -34.92459
          ],
          [
            138.72368,
            -34.92454
          ],
          [
            138.72368,
            -34.9245
          ],
          [
            138.72369,
            -34.92443
          ],
          [
            138.72369,
            -34.92432
          ],
          [
            138.72371,
            -34.92426
          ],
          [
            138.72373,
            -34.9242
          ],
          [
            138.72375,
            -34.92415
          ],
          [
            138.72384,
            -34.92405
          ],
          [
            138.72388,
            -34.924
          ],
          [
            138.72393,
            -34.92394
          ],
          [
            138.72403,
            -34.92382
          ],
          [
            138.72414,
            -34.9237
          ],
          [
            138.72419,
            -34.92363
          ],
          [
            138.72423,
            -34.92356
          ],
          [
            138.72426,
            -34.92352
          ],
          [
            138.72427,
            -34.92348
          ],
          [
            138.72428,
            -34.92345
          ],
          [
            138.72428,
            -34.9234
          ],
          [
            138.72428,
            -34.92336
          ],
          [
            138.72428,
            -34.92326
          ],
          [
            138.72429,
            -34.92321
          ],
          [
            138.72429,
            -34.92319
          ],
          [
            138.7243,
            -34.92316
          ],
          [
            138.72432,
            -34.92312
          ],
          [
            138.72434,
            -34.9231
          ],
          [
            138.72436,
            -34.92307
          ],
          [
            138.7244,
            -34.92304
          ],
          [
            138.72443,
            -34.92302
          ],
          [
            138.72446,
            -34.923
          ]
        ]
      }
    },
    {
      "type": "Feature",
      "id": "stafford-hillclimb",
      "properties": {
        "featureId": "stafford-hillclimb",
        "stageCodes": [
          "SS8"
        ],
        "name": "Stafford Hillclimb",
        "day": 1,
        "sourceMid": "1Afv-5RMTbEXqJNsyUOICNB-Ts7k_294",
        "termini": [
          {
            "name": "Fox Creek Rd, Cudlee Creek SA 5232, Australia",
            "coordinate": [
              138.838643,
              -34.877163
            ]
          },
          {
            "name": "212 Staffords Rd, Lobethal SA 5241, Australia",
            "coordinate": [
              138.840092,
              -34.896739
            ]
          }
        ]
      },
      "geometry": {
        "type": "LineString",
        "coordinates": [
          [
            138.83864,
            -34.87716
          ],
          [
            138.83865,
            -34.87718
          ],
          [
            138.83882,
            -34.8775
          ],
          [
            138.83913,
            -34.87787
          ],
          [
            138.8393,
            -34.87807
          ],
          [
            138.83971,
            -34.87848
          ],
          [
            138.83978,
            -34.87856
          ],
          [
            138.8399,
            -34.87871
          ],
          [
            138.84018,
            -34.87905
          ],
          [
            138.84025,
            -34.87912
          ],
          [
            138.84031,
            -34.8792
          ],
          [
            138.84039,
            -34.87933
          ],
          [
            138.84044,
            -34.87941
          ],
          [
            138.84056,
            -34.87959
          ],
          [
            138.84072,
            -34.87982
          ],
          [
            138.84075,
            -34.87988
          ],
          [
            138.84079,
            -34.87998
          ],
          [
            138.84081,
            -34.88005
          ],
          [
            138.84082,
            -34.8801
          ],
          [
            138.84083,
            -34.88016
          ],
          [
            138.84083,
            -34.88024
          ],
          [
            138.84082,
            -34.88035
          ],
          [
            138.84078,
            -34.88048
          ],
          [
            138.84073,
            -34.88064
          ],
          [
            138.84067,
            -34.88082
          ],
          [
            138.84064,
            -34.88091
          ],
          [
            138.84061,
            -34.88097
          ],
          [
            138.84024,
            -34.88174
          ],
          [
            138.84003,
            -34.88218
          ],
          [
            138.8399,
            -34.88246
          ],
          [
            138.83983,
            -34.88261
          ],
          [
            138.83972,
            -34.88284
          ],
          [
            138.83938,
            -34.88361
          ],
          [
            138.83912,
            -34.88431
          ],
          [
            138.839,
            -34.88444
          ],
          [
            138.83893,
            -34.8846
          ],
          [
            138.83889,
            -34.88472
          ],
          [
            138.83888,
            -34.88484
          ],
          [
            138.83887,
            -34.88495
          ],
          [
            138.83889,
            -34.88517
          ],
          [
            138.83891,
            -34.88534
          ],
          [
            138.83891,
            -34.88543
          ],
          [
            138.83892,
            -34.88552
          ],
          [
            138.83893,
            -34.88557
          ],
          [
            138.83894,
            -34.88562
          ],
          [
            138.83896,
            -34.88568
          ],
          [
            138.83897,
            -34.88574
          ],
          [
            138.83898,
            -34.88578
          ],
          [
            138.83898,
            -34.88582
          ],
          [
            138.839,
            -34.88594
          ],
          [
            138.83901,
            -34.88606
          ],
          [
            138.839,
            -34.88631
          ],
          [
            138.83901,
            -34.8865
          ],
          [
            138.839,
            -34.88664
          ],
          [
            138.83899,
            -34.88669
          ],
          [
            138.83898,
            -34.88673
          ],
          [
            138.83895,
            -34.88679
          ],
          [
            138.83892,
            -34.88685
          ],
          [
            138.8389,
            -34.88688
          ],
          [
            138.83886,
            -34.88691
          ],
          [
            138.83879,
            -34.88698
          ],
          [
            138.83871,
            -34.88705
          ],
          [
            138.83862,
            -34.88711
          ],
          [
            138.83849,
            -34.88719
          ],
          [
            138.83845,
            -34.88722
          ],
          [
            138.83837,
            -34.88727
          ],
          [
            138.83822,
            -34.88738
          ],
          [
            138.8381,
            -34.88747
          ],
          [
            138.83798,
            -34.88758
          ],
          [
            138.83787,
            -34.88769
          ],
          [
            138.83773,
            -34.88784
          ],
          [
            138.83756,
            -34.888
          ],
          [
            138.83732,
            -34.88826
          ],
          [
            138.83724,
            -34.88836
          ],
          [
            138.83715,
            -34.88849
          ],
          [
            138.83705,
            -34.88867
          ],
          [
            138.83704,
            -34.88868
          ],
          [
            138.83699,
            -34.88875
          ],
          [
            138.83697,
            -34.8888
          ],
          [
            138.83697,
            -34.88881
          ],
          [
            138.83697,
            -34.88883
          ],
          [
            138.83698,
            -34.88887
          ],
          [
            138.83699,
            -34.8889
          ],
          [
            138.83701,
            -34.88892
          ],
          [
            138.83703,
            -34.88893
          ],
          [
            138.83706,
            -34.88895
          ],
          [
            138.83708,
            -34.88896
          ],
          [
            138.83711,
            -34.88896
          ],
          [
            138.83714,
            -34.88896
          ],
          [
            138.83718,
            -34.88896
          ],
          [
            138.83721,
            -34.88895
          ],
          [
            138.83724,
            -34.88893
          ],
          [
            138.83732,
            -34.88889
          ],
          [
            138.83743,
            -34.88884
          ],
          [
            138.83749,
            -34.88882
          ],
          [
            138.8375,
            -34.88881
          ],
          [
            138.83753,
            -34.8888
          ],
          [
            138.83762,
            -34.88879
          ],
          [
            138.83771,
            -34.88878
          ],
          [
            138.83781,
            -34.88878
          ],
          [
            138.8379,
            -34.88878
          ],
          [
            138.838,
            -34.88879
          ],
          [
            138.83805,
            -34.88878
          ],
          [
            138.83809,
            -34.88878
          ],
          [
            138.83815,
            -34.88876
          ],
          [
            138.83816,
            -34.88876
          ],
          [
            138.83823,
            -34.88874
          ],
          [
            138.8383,
            -34.88871
          ],
          [
            138.83837,
            -34.88869
          ],
          [
            138.83842,
            -34.88868
          ],
          [
            138.83846,
            -34.88867
          ],
          [
            138.8385,
            -34.88867
          ],
          [
            138.83854,
            -34.88867
          ],
          [
            138.83857,
            -34.88867
          ],
          [
            138.83863,
            -34.88868
          ],
          [
            138.83869,
            -34.88869
          ],
          [
            138.83876,
            -34.88872
          ],
          [
            138.83882,
            -34.88874
          ],
          [
            138.83889,
            -34.88878
          ],
          [
            138.83892,
            -34.8888
          ],
          [
            138.83895,
            -34.88883
          ],
          [
            138.83903,
            -34.88892
          ],
          [
            138.83915,
            -34.88908
          ],
          [
            138.8392,
            -34.88914
          ],
          [
            138.83926,
            -34.88919
          ],
          [
            138.83936,
            -34.88925
          ],
          [
            138.83937,
            -34.88926
          ],
          [
            138.83955,
            -34.88934
          ],
          [
            138.83966,
            -34.8894
          ],
          [
            138.83971,
            -34.88944
          ],
          [
            138.83977,
            -34.88949
          ],
          [
            138.8398,
            -34.88956
          ],
          [
            138.83984,
            -34.88965
          ],
          [
            138.83987,
            -34.88973
          ],
          [
            138.83991,
            -34.88991
          ],
          [
            138.83993,
            -34.89002
          ],
          [
            138.83993,
            -34.89006
          ],
          [
            138.83993,
            -34.8901
          ],
          [
            138.83992,
            -34.89014
          ],
          [
            138.83991,
            -34.89018
          ],
          [
            138.83989,
            -34.89023
          ],
          [
            138.83986,
            -34.89027
          ],
          [
            138.83982,
            -34.89035
          ],
          [
            138.83978,
            -34.89042
          ],
          [
            138.83973,
            -34.89051
          ],
          [
            138.83967,
            -34.89067
          ],
          [
            138.83964,
            -34.89073
          ],
          [
            138.8396,
            -34.8908
          ],
          [
            138.83949,
            -34.89099
          ],
          [
            138.83941,
            -34.89113
          ],
          [
            138.83938,
            -34.89117
          ],
          [
            138.83931,
            -34.89129
          ],
          [
            138.83922,
            -34.89145
          ],
          [
            138.83931,
            -34.89148
          ],
          [
            138.83961,
            -34.89156
          ],
          [
            138.83985,
            -34.89161
          ],
          [
            138.83998,
            -34.89164
          ],
          [
            138.84006,
            -34.89166
          ],
          [
            138.84019,
            -34.89169
          ],
          [
            138.84027,
            -34.89171
          ],
          [
            138.84044,
            -34.89176
          ],
          [
            138.84064,
            -34.89181
          ],
          [
            138.84079,
            -34.89185
          ],
          [
            138.8411,
            -34.89195
          ],
          [
            138.84124,
            -34.892
          ],
          [
            138.8413,
            -34.89202
          ],
          [
            138.84148,
            -34.89208
          ],
          [
            138.84154,
            -34.89211
          ],
          [
            138.84157,
            -34.89213
          ],
          [
            138.8416,
            -34.89215
          ],
          [
            138.84161,
            -34.89216
          ],
          [
            138.84163,
            -34.89219
          ],
          [
            138.84163,
            -34.89222
          ],
          [
            138.84163,
            -34.89225
          ],
          [
            138.84162,
            -34.89227
          ],
          [
            138.84161,
            -34.89229
          ],
          [
            138.8416,
            -34.89231
          ],
          [
            138.84159,
            -34.89232
          ],
          [
            138.84157,
            -34.89234
          ],
          [
            138.84154,
            -34.89235
          ],
          [
            138.84145,
            -34.8924
          ],
          [
            138.84135,
            -34.89245
          ],
          [
            138.84125,
            -34.89248
          ],
          [
            138.84121,
            -34.89249
          ],
          [
            138.84104,
            -34.89254
          ],
          [
            138.84103,
            -34.89254
          ],
          [
            138.84076,
            -34.8926
          ],
          [
            138.84063,
            -34.89264
          ],
          [
            138.84058,
            -34.89265
          ],
          [
            138.84053,
            -34.89267
          ],
          [
            138.84047,
            -34.89269
          ],
          [
            138.84044,
            -34.89271
          ],
          [
            138.84042,
            -34.89272
          ],
          [
            138.84039,
            -34.89275
          ],
          [
            138.84038,
            -34.89277
          ],
          [
            138.84037,
            -34.8928
          ],
          [
            138.84036,
            -34.89283
          ],
          [
            138.84036,
            -34.89285
          ],
          [
            138.84035,
            -34.89288
          ],
          [
            138.84035,
            -34.89293
          ],
          [
            138.84036,
            -34.89303
          ],
          [
            138.84037,
            -34.89306
          ],
          [
            138.84041,
            -34.8933
          ],
          [
            138.84043,
            -34.89342
          ],
          [
            138.84043,
            -34.89346
          ],
          [
            138.84044,
            -34.89355
          ],
          [
            138.84044,
            -34.8936
          ],
          [
            138.84045,
            -34.89378
          ],
          [
            138.84046,
            -34.89414
          ],
          [
            138.84046,
            -34.89428
          ],
          [
            138.84045,
            -34.89456
          ],
          [
            138.84044,
            -34.89476
          ],
          [
            138.84044,
            -34.89485
          ],
          [
            138.84043,
            -34.89494
          ],
          [
            138.84041,
            -34.89503
          ],
          [
            138.84037,
            -34.89521
          ],
          [
            138.8403,
            -34.89557
          ],
          [
            138.84027,
            -34.89569
          ],
          [
            138.84017,
            -34.89625
          ],
          [
            138.84017,
            -34.89627
          ],
          [
            138.84014,
            -34.89644
          ],
          [
            138.84011,
            -34.89662
          ],
          [
            138.84009,
            -34.89674
          ]
        ]
      }
    },
    {
      "type": "Feature",
      "id": "summit-road",
      "properties": {
        "featureId": "summit-road",
        "stageCodes": [
          "SS11"
        ],
        "name": "Summit Road",
        "day": 1,
        "sourceMid": "1Afv-5RMTbEXqJNsyUOICNB-Ts7k_294",
        "termini": [
          {
            "name": "Stop 19 Greenhill Rd - North West side, Greenhill SA 5140, Australia",
            "coordinate": [
              138.716029,
              -34.957638
            ]
          },
          {
            "name": "Mount Lofty Summit Rd, Crafers SA 5152, Australia",
            "coordinate": [
              138.713179,
              -34.969997
            ]
          }
        ]
      },
      "geometry": {
        "type": "LineString",
        "coordinates": [
          [
            138.71603,
            -34.95764
          ],
          [
            138.71604,
            -34.95768
          ],
          [
            138.71604,
            -34.95774
          ],
          [
            138.71604,
            -34.95778
          ],
          [
            138.71599,
            -34.95797
          ],
          [
            138.71595,
            -34.95807
          ],
          [
            138.7159,
            -34.95819
          ],
          [
            138.71577,
            -34.95841
          ],
          [
            138.71573,
            -34.95846
          ],
          [
            138.71567,
            -34.95856
          ],
          [
            138.71562,
            -34.95862
          ],
          [
            138.71557,
            -34.95869
          ],
          [
            138.7155,
            -34.95877
          ],
          [
            138.71529,
            -34.95899
          ],
          [
            138.71515,
            -34.95916
          ],
          [
            138.71511,
            -34.9592
          ],
          [
            138.71508,
            -34.95924
          ],
          [
            138.71492,
            -34.95939
          ],
          [
            138.7147,
            -34.95962
          ],
          [
            138.71468,
            -34.95965
          ],
          [
            138.7146,
            -34.95973
          ],
          [
            138.71457,
            -34.95976
          ],
          [
            138.71453,
            -34.95979
          ],
          [
            138.71451,
            -34.95981
          ],
          [
            138.71448,
            -34.95982
          ],
          [
            138.71442,
            -34.95985
          ],
          [
            138.71437,
            -34.95986
          ],
          [
            138.7143,
            -34.95987
          ],
          [
            138.71423,
            -34.95988
          ],
          [
            138.71419,
            -34.9599
          ],
          [
            138.71414,
            -34.95993
          ],
          [
            138.7141,
            -34.95995
          ],
          [
            138.71407,
            -34.95998
          ],
          [
            138.71402,
            -34.96005
          ],
          [
            138.71398,
            -34.96014
          ],
          [
            138.71393,
            -34.96027
          ],
          [
            138.71387,
            -34.96054
          ],
          [
            138.71379,
            -34.9609
          ],
          [
            138.71379,
            -34.96099
          ],
          [
            138.7138,
            -34.96106
          ],
          [
            138.71381,
            -34.9611
          ],
          [
            138.71383,
            -34.96115
          ],
          [
            138.71385,
            -34.96118
          ],
          [
            138.71389,
            -34.96122
          ],
          [
            138.71392,
            -34.96125
          ],
          [
            138.71406,
            -34.96138
          ],
          [
            138.71411,
            -34.96142
          ],
          [
            138.71422,
            -34.9615
          ],
          [
            138.71432,
            -34.96158
          ],
          [
            138.71439,
            -34.96162
          ],
          [
            138.71446,
            -34.96167
          ],
          [
            138.71452,
            -34.96172
          ],
          [
            138.71459,
            -34.96177
          ],
          [
            138.71465,
            -34.96185
          ],
          [
            138.71467,
            -34.96187
          ],
          [
            138.71477,
            -34.96205
          ],
          [
            138.71485,
            -34.96222
          ],
          [
            138.71486,
            -34.96223
          ],
          [
            138.71489,
            -34.96228
          ],
          [
            138.7149,
            -34.96233
          ],
          [
            138.7149,
            -34.96236
          ],
          [
            138.7149,
            -34.96239
          ],
          [
            138.71489,
            -34.96241
          ],
          [
            138.71488,
            -34.96244
          ],
          [
            138.71487,
            -34.96245
          ],
          [
            138.71485,
            -34.96248
          ],
          [
            138.71479,
            -34.96256
          ],
          [
            138.71475,
            -34.9626
          ],
          [
            138.71474,
            -34.96262
          ],
          [
            138.71472,
            -34.96264
          ],
          [
            138.71471,
            -34.96266
          ],
          [
            138.71469,
            -34.9627
          ],
          [
            138.71468,
            -34.96272
          ],
          [
            138.71468,
            -34.96274
          ],
          [
            138.71468,
            -34.96275
          ],
          [
            138.71468,
            -34.96276
          ],
          [
            138.71468,
            -34.9628
          ],
          [
            138.71468,
            -34.96281
          ],
          [
            138.71468,
            -34.96283
          ],
          [
            138.71468,
            -34.96287
          ],
          [
            138.71468,
            -34.96292
          ],
          [
            138.71467,
            -34.96294
          ],
          [
            138.71464,
            -34.96303
          ],
          [
            138.71459,
            -34.96314
          ],
          [
            138.71457,
            -34.96317
          ],
          [
            138.71457,
            -34.96318
          ],
          [
            138.71452,
            -34.96328
          ],
          [
            138.71445,
            -34.96341
          ],
          [
            138.7144,
            -34.96351
          ],
          [
            138.71432,
            -34.96369
          ],
          [
            138.7143,
            -34.96376
          ],
          [
            138.71421,
            -34.96404
          ],
          [
            138.71415,
            -34.96427
          ],
          [
            138.71413,
            -34.96432
          ],
          [
            138.7141,
            -34.96439
          ],
          [
            138.71406,
            -34.96445
          ],
          [
            138.71403,
            -34.96448
          ],
          [
            138.714,
            -34.96451
          ],
          [
            138.71393,
            -34.96456
          ],
          [
            138.71386,
            -34.9646
          ],
          [
            138.7138,
            -34.96462
          ],
          [
            138.71374,
            -34.96462
          ],
          [
            138.71367,
            -34.96461
          ],
          [
            138.71359,
            -34.96459
          ],
          [
            138.71352,
            -34.96458
          ],
          [
            138.71343,
            -34.96455
          ],
          [
            138.71334,
            -34.96454
          ],
          [
            138.71327,
            -34.96453
          ],
          [
            138.71319,
            -34.96453
          ],
          [
            138.71308,
            -34.96454
          ],
          [
            138.71294,
            -34.96456
          ],
          [
            138.71287,
            -34.96459
          ],
          [
            138.71282,
            -34.96461
          ],
          [
            138.71279,
            -34.96465
          ],
          [
            138.71277,
            -34.96468
          ],
          [
            138.71275,
            -34.96471
          ],
          [
            138.71275,
            -34.96475
          ],
          [
            138.71274,
            -34.96478
          ],
          [
            138.71276,
            -34.96486
          ],
          [
            138.71278,
            -34.96492
          ],
          [
            138.71281,
            -34.96499
          ],
          [
            138.71284,
            -34.96507
          ],
          [
            138.71285,
            -34.96512
          ],
          [
            138.71286,
            -34.96517
          ],
          [
            138.71286,
            -34.9652
          ],
          [
            138.71284,
            -34.96523
          ],
          [
            138.71282,
            -34.96526
          ],
          [
            138.71279,
            -34.96528
          ],
          [
            138.71273,
            -34.96532
          ],
          [
            138.71261,
            -34.96538
          ],
          [
            138.7125,
            -34.96542
          ],
          [
            138.7124,
            -34.96546
          ],
          [
            138.71228,
            -34.96551
          ],
          [
            138.71215,
            -34.96556
          ],
          [
            138.71191,
            -34.96569
          ],
          [
            138.71171,
            -34.96579
          ],
          [
            138.71158,
            -34.96583
          ],
          [
            138.71137,
            -34.96589
          ],
          [
            138.71122,
            -34.96594
          ],
          [
            138.71115,
            -34.96597
          ],
          [
            138.71102,
            -34.96606
          ],
          [
            138.71093,
            -34.96614
          ],
          [
            138.71086,
            -34.96621
          ],
          [
            138.71079,
            -34.96632
          ],
          [
            138.71076,
            -34.96636
          ],
          [
            138.71073,
            -34.96641
          ],
          [
            138.71071,
            -34.96645
          ],
          [
            138.71071,
            -34.96649
          ],
          [
            138.71071,
            -34.9665
          ],
          [
            138.71071,
            -34.96655
          ],
          [
            138.71072,
            -34.9666
          ],
          [
            138.71076,
            -34.96665
          ],
          [
            138.71076,
            -34.96666
          ],
          [
            138.71082,
            -34.9667
          ],
          [
            138.71092,
            -34.96678
          ],
          [
            138.71146,
            -34.9672
          ],
          [
            138.71163,
            -34.9673
          ],
          [
            138.71176,
            -34.96738
          ],
          [
            138.7119,
            -34.96747
          ],
          [
            138.71208,
            -34.9676
          ],
          [
            138.71224,
            -34.96773
          ],
          [
            138.71232,
            -34.96779
          ],
          [
            138.71241,
            -34.96785
          ],
          [
            138.71252,
            -34.96791
          ],
          [
            138.71264,
            -34.96796
          ],
          [
            138.71278,
            -34.96803
          ],
          [
            138.71288,
            -34.96808
          ],
          [
            138.71296,
            -34.96813
          ],
          [
            138.71298,
            -34.96814
          ],
          [
            138.71313,
            -34.96824
          ],
          [
            138.71314,
            -34.96824
          ],
          [
            138.71348,
            -34.96846
          ],
          [
            138.71359,
            -34.96854
          ],
          [
            138.71367,
            -34.9686
          ],
          [
            138.71373,
            -34.96867
          ],
          [
            138.71376,
            -34.96874
          ],
          [
            138.71379,
            -34.9688
          ],
          [
            138.71381,
            -34.9689
          ],
          [
            138.71384,
            -34.969
          ],
          [
            138.71385,
            -34.96909
          ],
          [
            138.71384,
            -34.96913
          ],
          [
            138.71384,
            -34.96917
          ],
          [
            138.71383,
            -34.96921
          ],
          [
            138.71381,
            -34.96925
          ],
          [
            138.71377,
            -34.96931
          ],
          [
            138.71372,
            -34.96937
          ],
          [
            138.71346,
            -34.96966
          ],
          [
            138.71328,
            -34.96987
          ],
          [
            138.71322,
            -34.96995
          ],
          [
            138.71318,
            -34.97
          ]
        ]
      }
    }
  ]
}
