{
  "type": "FeatureCollection",
  "features": [
    {
      "type": "Feature",
      "id": "mt-lofty",
      "properties": {
        "featureId": "mt-lofty",
        "stageCodes": [
          "SS23"
        ],
        "name": "Mt. Lofty",
        "day": 3,
        "sourceMid": "1G00Y3xegPVNWTDaunvk_IWY_Kec0lLQ",
        "termini": [
          {
            "name": "36 Royal Ave, Burnside SA 5066, Australia",
            "coordinate": [
              138.671847,
              -34.942271
            ]
          },
          {
            "name": "374 Mount Lofty Summit Rd, Crafers SA 5152, Australia",
            "coordinate": [
              138.712343,
              -34.971059
            ]
          }
        ]
      },
      "geometry": {
        "type": "LineString",
        "coordinates": [
          [
            138.67185,
            -34.94227,
            225.6
          ],
          [
            138.67188,
            -34.94233,
            226.3
          ],
          [
            138.67199,
            -34.94256,
            227.9
          ],
          [
            138.67213,
            -34.94282,
            229.7
          ],
          [
            138.67224,
            -34.94305,
            232
          ],
          [
            138.67234,
            -34.94324,
            233.8
          ],
          [
            138.67238,
            -34.94335,
            234.1
          ],
          [
            138.6724,
            -34.9434,
            234.7
          ],
          [
            138.6724,
            -34.94342,
            234.8
          ],
          [
            138.6724,
            -34.94345,
            235
          ],
          [
            138.67239,
            -34.94347,
            235
          ],
          [
            138.67238,
            -34.94349,
            235
          ],
          [
            138.67237,
            -34.94351,
            235.3
          ],
          [
            138.67234,
            -34.94353,
            235.9
          ],
          [
            138.6723,
            -34.94354,
            236.3
          ],
          [
            138.67227,
            -34.94355,
            236.7
          ],
          [
            138.67225,
            -34.94355,
            236.7
          ],
          [
            138.67222,
            -34.94355,
            236.7
          ],
          [
            138.67218,
            -34.94356,
            237
          ],
          [
            138.67211,
            -34.94357,
            237.3
          ],
          [
            138.67209,
            -34.94357,
            237.2
          ],
          [
            138.67206,
            -34.94358,
            237.4
          ],
          [
            138.67203,
            -34.94359,
            237.6
          ],
          [
            138.67201,
            -34.9436,
            237.7
          ],
          [
            138.67199,
            -34.94361,
            237.8
          ],
          [
            138.67197,
            -34.94363,
            238.1
          ],
          [
            138.67196,
            -34.94365,
            238.4
          ],
          [
            138.67194,
            -34.94366,
            238.3
          ],
          [
            138.67193,
            -34.94368,
            238.5
          ],
          [
            138.67192,
            -34.9437,
            238.7
          ],
          [
            138.67191,
            -34.94372,
            238.8
          ],
          [
            138.6719,
            -34.94374,
            238.9
          ],
          [
            138.6719,
            -34.94377,
            239.3
          ],
          [
            138.6719,
            -34.9438,
            239.5
          ],
          [
            138.6719,
            -34.94383,
            239.6
          ],
          [
            138.6719,
            -34.94386,
            239.7
          ],
          [
            138.67191,
            -34.94389,
            240
          ],
          [
            138.67192,
            -34.94393,
            240.4
          ],
          [
            138.67194,
            -34.94397,
            240.5
          ],
          [
            138.67197,
            -34.94403,
            241
          ],
          [
            138.672,
            -34.94408,
            241.5
          ],
          [
            138.67203,
            -34.94412,
            241.5
          ],
          [
            138.67207,
            -34.94418,
            241.3
          ],
          [
            138.67211,
            -34.94422,
            241.3
          ],
          [
            138.67215,
            -34.94428,
            240.9
          ],
          [
            138.6723,
            -34.94447,
            239.4
          ],
          [
            138.67234,
            -34.94451,
            239.5
          ],
          [
            138.67238,
            -34.94457,
            238.6
          ],
          [
            138.67244,
            -34.94463,
            238.4
          ],
          [
            138.67251,
            -34.94469,
            238.5
          ],
          [
            138.67258,
            -34.94476,
            238.2
          ],
          [
            138.67263,
            -34.94482,
            237.6
          ],
          [
            138.67266,
            -34.94486,
            237.2
          ],
          [
            138.67268,
            -34.94489,
            236.9
          ],
          [
            138.67269,
            -34.94492,
            236.3
          ],
          [
            138.67269,
            -34.94493,
            236
          ],
          [
            138.67269,
            -34.94495,
            235.3
          ],
          [
            138.67269,
            -34.94496,
            235
          ],
          [
            138.67268,
            -34.94498,
            234.2
          ],
          [
            138.67267,
            -34.94499,
            233.7
          ],
          [
            138.67266,
            -34.945,
            233.3
          ],
          [
            138.67264,
            -34.94502,
            232.5
          ],
          [
            138.67262,
            -34.94503,
            232.1
          ],
          [
            138.67259,
            -34.94503,
            231.8
          ],
          [
            138.67257,
            -34.94504,
            231.5
          ],
          [
            138.67254,
            -34.94504,
            231.3
          ],
          [
            138.6725,
            -34.94504,
            231.8
          ],
          [
            138.67234,
            -34.945,
            234.8
          ],
          [
            138.67213,
            -34.94496,
            240.4
          ],
          [
            138.67196,
            -34.94493,
            245
          ],
          [
            138.67179,
            -34.94491,
            249.4
          ],
          [
            138.67167,
            -34.9449,
            252.4
          ],
          [
            138.67163,
            -34.94489,
            252.8
          ],
          [
            138.67156,
            -34.94489,
            254
          ],
          [
            138.67142,
            -34.94489,
            255.2
          ],
          [
            138.67139,
            -34.94489,
            255.3
          ],
          [
            138.67128,
            -34.9449,
            255.7
          ],
          [
            138.67125,
            -34.9449,
            255.6
          ],
          [
            138.67123,
            -34.9449,
            255.6
          ],
          [
            138.67116,
            -34.94491,
            255.9
          ],
          [
            138.67112,
            -34.94492,
            256.3
          ],
          [
            138.67107,
            -34.94494,
            257.1
          ],
          [
            138.67103,
            -34.94495,
            257.4
          ],
          [
            138.67098,
            -34.94497,
            258.1
          ],
          [
            138.67095,
            -34.94499,
            258.6
          ],
          [
            138.67091,
            -34.94501,
            258.9
          ],
          [
            138.67088,
            -34.94502,
            258.9
          ],
          [
            138.67084,
            -34.94505,
            259.3
          ],
          [
            138.6708,
            -34.94508,
            259.4
          ],
          [
            138.67078,
            -34.9451,
            259.6
          ],
          [
            138.67074,
            -34.94514,
            259.8
          ],
          [
            138.67071,
            -34.94516,
            259.7
          ],
          [
            138.67069,
            -34.94519,
            260
          ],
          [
            138.67067,
            -34.94521,
            260
          ],
          [
            138.67066,
            -34.94523,
            260.1
          ],
          [
            138.67064,
            -34.94527,
            260.5
          ],
          [
            138.67063,
            -34.94529,
            260.6
          ],
          [
            138.67062,
            -34.94532,
            260.9
          ],
          [
            138.67059,
            -34.94538,
            261.1
          ],
          [
            138.67058,
            -34.94543,
            261.4
          ],
          [
            138.67058,
            -34.94546,
            261.7
          ],
          [
            138.67057,
            -34.94552,
            261.8
          ],
          [
            138.67057,
            -34.94555,
            261.8
          ],
          [
            138.67058,
            -34.94559,
            262.2
          ],
          [
            138.67059,
            -34.94566,
            262.4
          ],
          [
            138.67061,
            -34.94571,
            262.9
          ],
          [
            138.67062,
            -34.94575,
            263.1
          ],
          [
            138.67064,
            -34.9458,
            263.3
          ],
          [
            138.67067,
            -34.94586,
            263.6
          ],
          [
            138.67069,
            -34.9459,
            263.8
          ],
          [
            138.6707,
            -34.94592,
            263.7
          ],
          [
            138.67072,
            -34.94594,
            263.8
          ],
          [
            138.67076,
            -34.94599,
            263.9
          ],
          [
            138.67078,
            -34.94602,
            263.7
          ],
          [
            138.67081,
            -34.94605,
            263.7
          ],
          [
            138.67085,
            -34.94608,
            263.8
          ],
          [
            138.67089,
            -34.94611,
            263.9
          ],
          [
            138.67096,
            -34.94616,
            263.9
          ],
          [
            138.67101,
            -34.94619,
            264.2
          ],
          [
            138.67106,
            -34.94622,
            264.6
          ],
          [
            138.67111,
            -34.94625,
            265
          ],
          [
            138.67121,
            -34.94631,
            265.5
          ],
          [
            138.67125,
            -34.94633,
            265.9
          ],
          [
            138.67155,
            -34.94648,
            268.1
          ],
          [
            138.67174,
            -34.94657,
            269.1
          ],
          [
            138.67186,
            -34.94662,
            269.7
          ],
          [
            138.67217,
            -34.94676,
            269
          ],
          [
            138.6722,
            -34.94678,
            269
          ],
          [
            138.67223,
            -34.94681,
            269.1
          ],
          [
            138.67225,
            -34.94682,
            269.1
          ],
          [
            138.67227,
            -34.94685,
            269.2
          ],
          [
            138.67229,
            -34.94687,
            269.2
          ],
          [
            138.6723,
            -34.9469,
            269.2
          ],
          [
            138.67231,
            -34.94692,
            269.2
          ],
          [
            138.67232,
            -34.94695,
            269.3
          ],
          [
            138.67234,
            -34.94701,
            269.7
          ],
          [
            138.67235,
            -34.94709,
            269.3
          ],
          [
            138.67236,
            -34.94716,
            268.8
          ],
          [
            138.67237,
            -34.94721,
            267.8
          ],
          [
            138.67237,
            -34.94726,
            266.7
          ],
          [
            138.67237,
            -34.9473,
            265.8
          ],
          [
            138.67237,
            -34.94732,
            265.3
          ],
          [
            138.67237,
            -34.94735,
            264.6
          ],
          [
            138.67236,
            -34.94738,
            263.7
          ],
          [
            138.67234,
            -34.94744,
            261.9
          ],
          [
            138.67231,
            -34.94751,
            259.6
          ],
          [
            138.67226,
            -34.9476,
            256.1
          ],
          [
            138.67217,
            -34.94775,
            248.8
          ],
          [
            138.67209,
            -34.94788,
            242.3
          ],
          [
            138.67203,
            -34.94798,
            236.7
          ],
          [
            138.672,
            -34.94803,
            233.4
          ],
          [
            138.67198,
            -34.94807,
            230.6
          ],
          [
            138.67196,
            -34.94811,
            227.9
          ],
          [
            138.67195,
            -34.94814,
            226.1
          ],
          [
            138.67195,
            -34.94818,
            224.2
          ],
          [
            138.67194,
            -34.94823,
            221.4
          ],
          [
            138.67194,
            -34.94827,
            219.5
          ],
          [
            138.67195,
            -34.94831,
            218
          ],
          [
            138.67196,
            -34.94837,
            215.6
          ],
          [
            138.67199,
            -34.94845,
            213.1
          ],
          [
            138.67201,
            -34.94849,
            212.3
          ],
          [
            138.67214,
            -34.9487,
            267.4
          ],
          [
            138.67218,
            -34.94877,
            287.2
          ],
          [
            138.67224,
            -34.94885,
            287.1
          ],
          [
            138.67229,
            -34.94891,
            286.4
          ],
          [
            138.67233,
            -34.94897,
            285.2
          ],
          [
            138.67238,
            -34.94902,
            284.9
          ],
          [
            138.67242,
            -34.94905,
            285.1
          ],
          [
            138.67246,
            -34.94909,
            284.8
          ],
          [
            138.67248,
            -34.9491,
            285
          ],
          [
            138.67251,
            -34.94913,
            284.7
          ],
          [
            138.67254,
            -34.94914,
            284.9
          ],
          [
            138.67259,
            -34.94917,
            284.1
          ],
          [
            138.67261,
            -34.94918,
            283.9
          ],
          [
            138.67263,
            -34.94919,
            283.7
          ],
          [
            138.67267,
            -34.9492,
            283.7
          ],
          [
            138.67269,
            -34.9492,
            284
          ],
          [
            138.67272,
            -34.94921,
            283.5
          ],
          [
            138.67275,
            -34.94921,
            283.4
          ],
          [
            138.67279,
            -34.94921,
            283.2
          ],
          [
            138.67284,
            -34.94921,
            283.1
          ],
          [
            138.6729,
            -34.9492,
            283
          ],
          [
            138.67293,
            -34.94919,
            283.1
          ],
          [
            138.67295,
            -34.94918,
            283.4
          ],
          [
            138.67297,
            -34.94918,
            283.1
          ],
          [
            138.673,
            -34.94916,
            283.8
          ],
          [
            138.67304,
            -34.94915,
            283.8
          ],
          [
            138.67311,
            -34.9491,
            285.4
          ],
          [
            138.673465,
            -34.94885,
            289.6
          ],
          [
            138.67382,
            -34.9486,
            291.8
          ],
          [
            138.6739,
            -34.94854,
            293.3
          ],
          [
            138.67397,
            -34.94849,
            294.2
          ],
          [
            138.67414,
            -34.94836,
            297.7
          ],
          [
            138.6742,
            -34.94831,
            299.5
          ],
          [
            138.67426,
            -34.94826,
            301.1
          ],
          [
            138.67431,
            -34.94823,
            301.6
          ],
          [
            138.67437,
            -34.94819,
            302.5
          ],
          [
            138.67445,
            -34.94815,
            302.9
          ],
          [
            138.67454,
            -34.94811,
            303.3
          ],
          [
            138.67469,
            -34.94805,
            303.9
          ],
          [
            138.6749,
            -34.94797,
            304.2
          ],
          [
            138.67509,
            -34.9479,
            305.1
          ],
          [
            138.6753,
            -34.94783,
            307.7
          ],
          [
            138.67551,
            -34.94776,
            309.6
          ],
          [
            138.6756,
            -34.94774,
            309.3
          ],
          [
            138.67571,
            -34.94771,
            308.9
          ],
          [
            138.67583,
            -34.94768,
            308.6
          ],
          [
            138.67598,
            -34.94765,
            309.2
          ],
          [
            138.67609,
            -34.94764,
            309.9
          ],
          [
            138.67624,
            -34.94761,
            311.7
          ],
          [
            138.6764,
            -34.94758,
            313.7
          ],
          [
            138.67652,
            -34.94757,
            314.4
          ],
          [
            138.67658,
            -34.94757,
            314.5
          ],
          [
            138.67664,
            -34.94757,
            314.6
          ],
          [
            138.6767,
            -34.94758,
            314.8
          ],
          [
            138.67676,
            -34.94759,
            315.1
          ],
          [
            138.67718,
            -34.94769,
            319.9
          ],
          [
            138.67724,
            -34.94771,
            320.5
          ],
          [
            138.67729,
            -34.94773,
            320.8
          ],
          [
            138.67737,
            -34.94776,
            321.3
          ],
          [
            138.67744,
            -34.94779,
            321.7
          ],
          [
            138.67763,
            -34.94787,
            323.1
          ],
          [
            138.67777,
            -34.94792,
            323.8
          ],
          [
            138.67809,
            -34.94804,
            322.8
          ],
          [
            138.67818,
            -34.94807,
            321.7
          ],
          [
            138.67836,
            -34.94812,
            319.8
          ],
          [
            138.67854,
            -34.94818,
            319.5
          ],
          [
            138.67869,
            -34.94823,
            319.4
          ],
          [
            138.67876,
            -34.94826,
            319.5
          ],
          [
            138.67887,
            -34.9483,
            319.8
          ],
          [
            138.67892,
            -34.94833,
            319.6
          ],
          [
            138.67901,
            -34.94837,
            319.7
          ],
          [
            138.67929,
            -34.94851,
            320.9
          ],
          [
            138.67952,
            -34.94864,
            323.4
          ],
          [
            138.67962,
            -34.9487,
            325
          ],
          [
            138.67971,
            -34.94876,
            326.5
          ],
          [
            138.67986,
            -34.94887,
            330.7
          ],
          [
            138.67993,
            -34.94891,
            332.6
          ],
          [
            138.68002,
            -34.94899,
            334.7
          ],
          [
            138.68009,
            -34.94905,
            335.5
          ],
          [
            138.68013,
            -34.94909,
            336.1
          ],
          [
            138.68018,
            -34.94914,
            336.9
          ],
          [
            138.6802,
            -34.94915,
            337.3
          ],
          [
            138.68026,
            -34.94923,
            338
          ],
          [
            138.68046,
            -34.94948,
            340.4
          ],
          [
            138.68052,
            -34.94956,
            341.4
          ],
          [
            138.68062,
            -34.9497,
            344.6
          ],
          [
            138.68066,
            -34.94975,
            346.7
          ],
          [
            138.68069,
            -34.9498,
            347.9
          ],
          [
            138.68071,
            -34.94984,
            348.5
          ],
          [
            138.68074,
            -34.9499,
            349.5
          ],
          [
            138.68077,
            -34.94996,
            350.5
          ],
          [
            138.68082,
            -34.95006,
            352.2
          ],
          [
            138.68088,
            -34.95016,
            353.8
          ],
          [
            138.68095,
            -34.9503,
            354.8
          ],
          [
            138.68102,
            -34.95044,
            355.4
          ],
          [
            138.68104,
            -34.95049,
            355.3
          ],
          [
            138.68106,
            -34.95054,
            355.2
          ],
          [
            138.68108,
            -34.95058,
            355.2
          ],
          [
            138.68111,
            -34.95063,
            355.6
          ],
          [
            138.68114,
            -34.95068,
            355.9
          ],
          [
            138.68116,
            -34.95071,
            356.1
          ],
          [
            138.68119,
            -34.95074,
            356.9
          ],
          [
            138.68122,
            -34.95078,
            357.5
          ],
          [
            138.68124,
            -34.9508,
            358.1
          ],
          [
            138.68126,
            -34.95082,
            358.8
          ],
          [
            138.68128,
            -34.95084,
            358.9
          ],
          [
            138.68132,
            -34.95087,
            359.2
          ],
          [
            138.68136,
            -34.9509,
            359.5
          ],
          [
            138.68146,
            -34.95097,
            360.8
          ],
          [
            138.68171,
            -34.95112,
            359.9
          ],
          [
            138.6819,
            -34.95124,
            357.6
          ],
          [
            138.682,
            -34.95131,
            358.1
          ],
          [
            138.68206,
            -34.95135,
            358.7
          ],
          [
            138.6821,
            -34.95138,
            359
          ],
          [
            138.68219,
            -34.95145,
            359.6
          ],
          [
            138.68235,
            -34.95156,
            361.2
          ],
          [
            138.68243,
            -34.95161,
            362.5
          ],
          [
            138.68249,
            -34.95165,
            363.6
          ],
          [
            138.68253,
            -34.95168,
            364.3
          ],
          [
            138.68256,
            -34.95171,
            364.5
          ],
          [
            138.68258,
            -34.95174,
            364.4
          ],
          [
            138.6826,
            -34.95177,
            364.5
          ],
          [
            138.68267,
            -34.95189,
            363.5
          ],
          [
            138.68271,
            -34.95194,
            363.2
          ],
          [
            138.68274,
            -34.95197,
            363
          ],
          [
            138.68276,
            -34.952,
            362.2
          ],
          [
            138.68279,
            -34.95203,
            361.8
          ],
          [
            138.68282,
            -34.95205,
            361.7
          ],
          [
            138.68286,
            -34.95209,
            360.9
          ],
          [
            138.68292,
            -34.95214,
            360.7
          ],
          [
            138.68297,
            -34.95217,
            361.2
          ],
          [
            138.68301,
            -34.95219,
            361.7
          ],
          [
            138.68305,
            -34.95221,
            361.9
          ],
          [
            138.68308,
            -34.95222,
            362.2
          ],
          [
            138.68309,
            -34.95222,
            362.5
          ],
          [
            138.68314,
            -34.95224,
            362.7
          ],
          [
            138.6832,
            -34.95227,
            362.8
          ],
          [
            138.68327,
            -34.95228,
            364.4
          ],
          [
            138.68328,
            -34.95229,
            364.2
          ],
          [
            138.68334,
            -34.9523,
            365.4
          ],
          [
            138.68344,
            -34.95232,
            367.3
          ],
          [
            138.68367,
            -34.95236,
            370.2
          ],
          [
            138.68375,
            -34.95237,
            370.3
          ],
          [
            138.68395,
            -34.9524,
            370.1
          ],
          [
            138.68411,
            -34.95242,
            370.3
          ],
          [
            138.68424,
            -34.95242,
            370.9
          ],
          [
            138.6844,
            -34.95242,
            371.3
          ],
          [
            138.68449,
            -34.9524,
            372.4
          ],
          [
            138.68452,
            -34.9524,
            372.5
          ],
          [
            138.68456,
            -34.95239,
            373.2
          ],
          [
            138.68478,
            -34.95233,
            377
          ],
          [
            138.68496,
            -34.95227,
            378.9
          ],
          [
            138.68509,
            -34.95222,
            379.5
          ],
          [
            138.6852,
            -34.95218,
            379.2
          ],
          [
            138.6853,
            -34.95214,
            379.7
          ],
          [
            138.68551,
            -34.95206,
            380.3
          ],
          [
            138.68559,
            -34.95203,
            380.4
          ],
          [
            138.6857,
            -34.952,
            380
          ],
          [
            138.68578,
            -34.95197,
            380.1
          ],
          [
            138.68591,
            -34.95193,
            379.7
          ],
          [
            138.68613,
            -34.95186,
            380.7
          ],
          [
            138.68622,
            -34.95183,
            381.2
          ],
          [
            138.6865,
            -34.95172,
            386.3
          ],
          [
            138.68695,
            -34.95154,
            394
          ],
          [
            138.68702,
            -34.95152,
            394.2
          ],
          [
            138.68707,
            -34.95149,
            394.9
          ],
          [
            138.68719,
            -34.95146,
            395.2
          ],
          [
            138.68733,
            -34.95142,
            396.6
          ],
          [
            138.68741,
            -34.9514,
            397.3
          ],
          [
            138.68748,
            -34.95137,
            398.2
          ],
          [
            138.68755,
            -34.95134,
            398.4
          ],
          [
            138.68764,
            -34.95129,
            399.1
          ],
          [
            138.68771,
            -34.95125,
            399.3
          ],
          [
            138.68781,
            -34.95119,
            400
          ],
          [
            138.6879,
            -34.95113,
            400.4
          ],
          [
            138.68799,
            -34.95109,
            400
          ],
          [
            138.68817,
            -34.95104,
            398.2
          ],
          [
            138.68818,
            -34.95103,
            398.5
          ],
          [
            138.68842,
            -34.95095,
            399.3
          ],
          [
            138.68873,
            -34.95086,
            405.1
          ],
          [
            138.68882,
            -34.95083,
            407.4
          ],
          [
            138.68891,
            -34.95081,
            408.7
          ],
          [
            138.68895,
            -34.9508,
            409.3
          ],
          [
            138.68899,
            -34.95079,
            409.8
          ],
          [
            138.68911,
            -34.95079,
            410
          ],
          [
            138.68921,
            -34.95079,
            410.1
          ],
          [
            138.68931,
            -34.95078,
            410.4
          ],
          [
            138.68946,
            -34.95077,
            412.1
          ],
          [
            138.68962,
            -34.95075,
            415.3
          ],
          [
            138.68971,
            -34.95075,
            416.8
          ],
          [
            138.68976,
            -34.95075,
            417.5
          ],
          [
            138.6899,
            -34.95077,
            419.3
          ],
          [
            138.68992,
            -34.95078,
            419.5
          ],
          [
            138.69004,
            -34.9508,
            421.7
          ],
          [
            138.69044,
            -34.95092,
            423.3
          ],
          [
            138.69056,
            -34.95095,
            422.4
          ],
          [
            138.69064,
            -34.95096,
            422.6
          ],
          [
            138.69073,
            -34.95097,
            422.8
          ],
          [
            138.69081,
            -34.95097,
            422.7
          ],
          [
            138.69091,
            -34.95096,
            422.9
          ],
          [
            138.69092,
            -34.95096,
            422.9
          ],
          [
            138.69106,
            -34.95093,
            423.3
          ],
          [
            138.69109,
            -34.95092,
            423.4
          ],
          [
            138.69129,
            -34.95085,
            424.4
          ],
          [
            138.69138,
            -34.95081,
            425.4
          ],
          [
            138.69142,
            -34.9508,
            425.5
          ],
          [
            138.69153,
            -34.95075,
            426.6
          ],
          [
            138.69161,
            -34.95071,
            427.5
          ],
          [
            138.69172,
            -34.95065,
            428.3
          ],
          [
            138.69183,
            -34.95059,
            430
          ],
          [
            138.69192,
            -34.95057,
            430.7
          ],
          [
            138.69205,
            -34.95055,
            431.5
          ],
          [
            138.6923,
            -34.9505,
            434.1
          ],
          [
            138.69252,
            -34.95044,
            437.8
          ],
          [
            138.69264,
            -34.95042,
            439.8
          ],
          [
            138.69269,
            -34.95042,
            440.4
          ],
          [
            138.6927,
            -34.95042,
            440.5
          ],
          [
            138.69276,
            -34.95044,
            440.8
          ],
          [
            138.6928,
            -34.95046,
            441
          ],
          [
            138.69285,
            -34.9505,
            440.8
          ],
          [
            138.693,
            -34.9506,
            440
          ],
          [
            138.6931,
            -34.95067,
            439.8
          ],
          [
            138.69314,
            -34.95069,
            440
          ],
          [
            138.69319,
            -34.95071,
            440.5
          ],
          [
            138.69322,
            -34.95072,
            440.8
          ],
          [
            138.69327,
            -34.95074,
            441.3
          ],
          [
            138.69333,
            -34.95076,
            442.2
          ],
          [
            138.6934,
            -34.95078,
            443.5
          ],
          [
            138.69343,
            -34.9508,
            443.7
          ],
          [
            138.69349,
            -34.95082,
            445
          ],
          [
            138.69353,
            -34.95085,
            445.5
          ],
          [
            138.69361,
            -34.95091,
            446.7
          ],
          [
            138.69364,
            -34.95094,
            446.8
          ],
          [
            138.69366,
            -34.95097,
            446.8
          ],
          [
            138.6937,
            -34.95105,
            446.6
          ],
          [
            138.69377,
            -34.95117,
            447.5
          ],
          [
            138.69381,
            -34.95123,
            448.3
          ],
          [
            138.69387,
            -34.95132,
            449
          ],
          [
            138.69394,
            -34.9514,
            449.7
          ],
          [
            138.69398,
            -34.95145,
            449.6
          ],
          [
            138.69401,
            -34.95148,
            449.4
          ],
          [
            138.69403,
            -34.9515,
            449.3
          ],
          [
            138.69406,
            -34.95152,
            449.4
          ],
          [
            138.69411,
            -34.95155,
            449.7
          ],
          [
            138.69414,
            -34.95156,
            450.1
          ],
          [
            138.69417,
            -34.95157,
            450.5
          ],
          [
            138.69428,
            -34.95162,
            451.6
          ],
          [
            138.69435,
            -34.95166,
            451.9
          ],
          [
            138.6944,
            -34.95169,
            452.1
          ],
          [
            138.69446,
            -34.95173,
            452.1
          ],
          [
            138.69451,
            -34.95178,
            451.5
          ],
          [
            138.69458,
            -34.95183,
            452.1
          ],
          [
            138.69464,
            -34.95187,
            453.1
          ],
          [
            138.6947,
            -34.9519,
            454.6
          ],
          [
            138.69474,
            -34.95193,
            455.4
          ],
          [
            138.69484,
            -34.95197,
            458.3
          ],
          [
            138.695,
            -34.95205,
            460.9
          ],
          [
            138.69509,
            -34.95209,
            462.7
          ],
          [
            138.69516,
            -34.95212,
            464.4
          ],
          [
            138.69524,
            -34.95217,
            466.1
          ],
          [
            138.69533,
            -34.95224,
            468
          ],
          [
            138.69543,
            -34.95232,
            469.4
          ],
          [
            138.69552,
            -34.95241,
            470.6
          ],
          [
            138.69558,
            -34.95248,
            471.2
          ],
          [
            138.69563,
            -34.95254,
            471.7
          ],
          [
            138.69566,
            -34.95262,
            471.7
          ],
          [
            138.69566,
            -34.95263,
            471.7
          ],
          [
            138.69566,
            -34.95268,
            471.3
          ],
          [
            138.69565,
            -34.95275,
            470.7
          ],
          [
            138.69564,
            -34.95287,
            470.1
          ],
          [
            138.69565,
            -34.95297,
            469.8
          ],
          [
            138.69567,
            -34.95305,
            469.5
          ],
          [
            138.69568,
            -34.95311,
            469.1
          ],
          [
            138.6957,
            -34.95317,
            468.6
          ],
          [
            138.69573,
            -34.95324,
            468
          ],
          [
            138.69574,
            -34.95326,
            467.8
          ],
          [
            138.69575,
            -34.95328,
            467.6
          ],
          [
            138.69577,
            -34.95332,
            467.3
          ],
          [
            138.69579,
            -34.95334,
            467.4
          ],
          [
            138.69582,
            -34.95338,
            466.9
          ],
          [
            138.69587,
            -34.95342,
            466.6
          ],
          [
            138.69591,
            -34.95346,
            465.9
          ],
          [
            138.69597,
            -34.9535,
            465.6
          ],
          [
            138.69602,
            -34.95352,
            466
          ],
          [
            138.69607,
            -34.95354,
            466.3
          ],
          [
            138.69614,
            -34.95357,
            466.5
          ],
          [
            138.69618,
            -34.95359,
            466.6
          ],
          [
            138.69623,
            -34.9536,
            466.9
          ],
          [
            138.69628,
            -34.95361,
            467.2
          ],
          [
            138.6963,
            -34.95361,
            467.4
          ],
          [
            138.69633,
            -34.95361,
            467.8
          ],
          [
            138.69638,
            -34.95361,
            468.3
          ],
          [
            138.69641,
            -34.95361,
            468.5
          ],
          [
            138.69643,
            -34.95361,
            468.6
          ],
          [
            138.69648,
            -34.9536,
            469.2
          ],
          [
            138.69658,
            -34.95357,
            470.5
          ],
          [
            138.69668,
            -34.95354,
            471.7
          ],
          [
            138.69677,
            -34.95352,
            473
          ],
          [
            138.69681,
            -34.95352,
            473.5
          ],
          [
            138.69685,
            -34.95352,
            474
          ],
          [
            138.6969,
            -34.95352,
            474.6
          ],
          [
            138.69694,
            -34.95352,
            475.1
          ],
          [
            138.69706,
            -34.95353,
            476.6
          ],
          [
            138.69716,
            -34.95356,
            477.6
          ],
          [
            138.69725,
            -34.95358,
            478.5
          ],
          [
            138.6973,
            -34.9536,
            479
          ],
          [
            138.69735,
            -34.95362,
            479.4
          ],
          [
            138.69746,
            -34.95367,
            480.5
          ],
          [
            138.69758,
            -34.95373,
            481.8
          ],
          [
            138.69768,
            -34.9538,
            481.9
          ],
          [
            138.69777,
            -34.95386,
            481.8
          ],
          [
            138.69789,
            -34.95393,
            481.9
          ],
          [
            138.69797,
            -34.95399,
            481.6
          ],
          [
            138.69807,
            -34.95404,
            481.9
          ],
          [
            138.69814,
            -34.95408,
            481.8
          ],
          [
            138.69824,
            -34.95412,
            482.2
          ],
          [
            138.69827,
            -34.95413,
            482.4
          ],
          [
            138.69832,
            -34.95414,
            483.2
          ],
          [
            138.69837,
            -34.95415,
            484.1
          ],
          [
            138.69841,
            -34.95416,
            484.8
          ],
          [
            138.69857,
            -34.95417,
            487.6
          ],
          [
            138.69873,
            -34.9542,
            489.3
          ],
          [
            138.69885,
            -34.95422,
            490.6
          ],
          [
            138.69899,
            -34.95427,
            492.3
          ],
          [
            138.6991,
            -34.95432,
            492.9
          ],
          [
            138.69924,
            -34.9544,
            494
          ],
          [
            138.69945,
            -34.9545,
            495.4
          ],
          [
            138.6996,
            -34.95459,
            496.5
          ],
          [
            138.69968,
            -34.95461,
            497.3
          ],
          [
            138.69977,
            -34.95463,
            497.5
          ],
          [
            138.69986,
            -34.95465,
            497.6
          ],
          [
            138.69993,
            -34.95466,
            498
          ],
          [
            138.7002,
            -34.95469,
            500.1
          ],
          [
            138.70038,
            -34.95471,
            500.5
          ],
          [
            138.70086,
            -34.95479,
            500.8
          ],
          [
            138.70093,
            -34.95481,
            500.8
          ],
          [
            138.70099,
            -34.95482,
            500.9
          ],
          [
            138.70113,
            -34.95486,
            501.5
          ],
          [
            138.70121,
            -34.95489,
            502
          ],
          [
            138.70129,
            -34.95492,
            502.8
          ],
          [
            138.70141,
            -34.95497,
            504.5
          ],
          [
            138.70149,
            -34.95501,
            506
          ],
          [
            138.70157,
            -34.95505,
            507.3
          ],
          [
            138.70176,
            -34.95516,
            509.1
          ],
          [
            138.70184,
            -34.95521,
            509.8
          ],
          [
            138.702,
            -34.9553,
            509.9
          ],
          [
            138.70219,
            -34.95541,
            509.6
          ],
          [
            138.7022,
            -34.95541,
            509.6
          ],
          [
            138.70227,
            -34.95543,
            510.3
          ],
          [
            138.70232,
            -34.95545,
            511
          ],
          [
            138.70236,
            -34.95546,
            511.6
          ],
          [
            138.70245,
            -34.95547,
            512.4
          ],
          [
            138.70268,
            -34.95549,
            513.9
          ],
          [
            138.70287,
            -34.9555,
            515.8
          ],
          [
            138.70301,
            -34.9555,
            517
          ],
          [
            138.7031,
            -34.95551,
            517.8
          ],
          [
            138.70324,
            -34.95551,
            518.6
          ],
          [
            138.70334,
            -34.95551,
            518.8
          ],
          [
            138.70343,
            -34.95551,
            519
          ],
          [
            138.70348,
            -34.95551,
            518.9
          ],
          [
            138.70354,
            -34.95552,
            519.1
          ],
          [
            138.70361,
            -34.95553,
            519.2
          ],
          [
            138.70365,
            -34.95554,
            519.3
          ],
          [
            138.70368,
            -34.95555,
            519.4
          ],
          [
            138.70372,
            -34.95558,
            520.3
          ],
          [
            138.70379,
            -34.95562,
            521.3
          ],
          [
            138.70382,
            -34.95564,
            521.7
          ],
          [
            138.70385,
            -34.95567,
            522.6
          ],
          [
            138.70394,
            -34.95576,
            525.3
          ],
          [
            138.70411,
            -34.95598,
            529
          ],
          [
            138.70416,
            -34.95603,
            529.8
          ],
          [
            138.7042,
            -34.95607,
            530.1
          ],
          [
            138.70425,
            -34.95612,
            531
          ],
          [
            138.70431,
            -34.95616,
            531.7
          ],
          [
            138.70436,
            -34.95618,
            531.7
          ],
          [
            138.70443,
            -34.95621,
            531.7
          ],
          [
            138.70463,
            -34.95628,
            531.4
          ],
          [
            138.7047,
            -34.95631,
            531.2
          ],
          [
            138.70478,
            -34.95634,
            530.9
          ],
          [
            138.70487,
            -34.95638,
            531.6
          ],
          [
            138.70495,
            -34.95644,
            532.8
          ],
          [
            138.70506,
            -34.9565,
            534.7
          ],
          [
            138.70513,
            -34.95653,
            535.7
          ],
          [
            138.70519,
            -34.95656,
            536.3
          ],
          [
            138.70538,
            -34.95663,
            537.6
          ],
          [
            138.70548,
            -34.95667,
            538.2
          ],
          [
            138.70559,
            -34.95671,
            537.9
          ],
          [
            138.70587,
            -34.956825,
            539.2
          ],
          [
            138.70615,
            -34.95694,
            540.7
          ],
          [
            138.70634,
            -34.95702,
            541.2
          ],
          [
            138.70678,
            -34.95722,
            545.8
          ],
          [
            138.7069,
            -34.95727,
            545.9
          ],
          [
            138.70702,
            -34.95732,
            545.7
          ],
          [
            138.70728,
            -34.95746,
            545.6
          ],
          [
            138.70735,
            -34.9575,
            545.7
          ],
          [
            138.70739,
            -34.95751,
            545.5
          ],
          [
            138.70743,
            -34.95753,
            545.7
          ],
          [
            138.7075,
            -34.95755,
            545.8
          ],
          [
            138.70756,
            -34.95756,
            545.6
          ],
          [
            138.70766,
            -34.95758,
            545.4
          ],
          [
            138.70809,
            -34.95767,
            546.6
          ],
          [
            138.70821,
            -34.95769,
            547.5
          ],
          [
            138.70827,
            -34.9577,
            548
          ],
          [
            138.70832,
            -34.9577,
            548.3
          ],
          [
            138.70844,
            -34.95772,
            549.6
          ],
          [
            138.70856,
            -34.95773,
            551.2
          ],
          [
            138.70871,
            -34.95776,
            553.8
          ],
          [
            138.70887,
            -34.95779,
            556.2
          ],
          [
            138.70894,
            -34.95781,
            557.2
          ],
          [
            138.70901,
            -34.95783,
            558.4
          ],
          [
            138.70913,
            -34.95787,
            560.6
          ],
          [
            138.70924,
            -34.95793,
            562.5
          ],
          [
            138.70933,
            -34.95796,
            563.2
          ],
          [
            138.70938,
            -34.95798,
            563.7
          ],
          [
            138.70942,
            -34.95799,
            563.9
          ],
          [
            138.70946,
            -34.95799,
            563.7
          ],
          [
            138.70949,
            -34.958,
            563.8
          ],
          [
            138.70952,
            -34.958,
            563.6
          ],
          [
            138.70957,
            -34.958,
            563.4
          ],
          [
            138.70963,
            -34.958,
            563.2
          ],
          [
            138.70968,
            -34.958,
            563.2
          ],
          [
            138.70976,
            -34.95799,
            562.8
          ],
          [
            138.7098,
            -34.95799,
            563
          ],
          [
            138.70998,
            -34.95796,
            562.9
          ],
          [
            138.71016,
            -34.95794,
            564
          ],
          [
            138.71025,
            -34.95793,
            564.3
          ],
          [
            138.71029,
            -34.95792,
            564.3
          ],
          [
            138.71032,
            -34.95792,
            564.3
          ],
          [
            138.71037,
            -34.95792,
            564.3
          ],
          [
            138.71044,
            -34.95791,
            564
          ],
          [
            138.71054,
            -34.95791,
            564.9
          ],
          [
            138.71062,
            -34.95791,
            565.8
          ],
          [
            138.71066,
            -34.95791,
            566.2
          ],
          [
            138.71071,
            -34.95792,
            567
          ],
          [
            138.71076,
            -34.95792,
            567.4
          ],
          [
            138.71081,
            -34.95793,
            568.2
          ],
          [
            138.71084,
            -34.95794,
            568.7
          ],
          [
            138.71087,
            -34.95794,
            568.8
          ],
          [
            138.71089,
            -34.95795,
            569.2
          ],
          [
            138.71097,
            -34.95797,
            570.1
          ],
          [
            138.71102,
            -34.95798,
            570.9
          ],
          [
            138.71104,
            -34.95799,
            571.5
          ],
          [
            138.71108,
            -34.958,
            572.4
          ],
          [
            138.71112,
            -34.95802,
            573.6
          ],
          [
            138.7112,
            -34.95806,
            575.2
          ],
          [
            138.71125,
            -34.95808,
            575.6
          ],
          [
            138.71132,
            -34.95812,
            576.5
          ],
          [
            138.7114,
            -34.95817,
            576.9
          ],
          [
            138.71146,
            -34.9582,
            577.1
          ],
          [
            138.7115,
            -34.95822,
            577.3
          ],
          [
            138.71157,
            -34.95827,
            577.9
          ],
          [
            138.71165,
            -34.95832,
            579
          ],
          [
            138.71185,
            -34.95842,
            581
          ],
          [
            138.712,
            -34.95848,
            582.3
          ],
          [
            138.71204,
            -34.9585,
            582.9
          ],
          [
            138.71208,
            -34.95852,
            583.6
          ],
          [
            138.71216,
            -34.95855,
            584.7
          ],
          [
            138.7122,
            -34.95856,
            585.2
          ],
          [
            138.71224,
            -34.95857,
            585.7
          ],
          [
            138.71231,
            -34.95857,
            586.2
          ],
          [
            138.71235,
            -34.95857,
            586.4
          ],
          [
            138.71239,
            -34.95856,
            586.5
          ],
          [
            138.71243,
            -34.95855,
            586.8
          ],
          [
            138.71246,
            -34.95853,
            586.8
          ],
          [
            138.71249,
            -34.95851,
            586.8
          ],
          [
            138.7125,
            -34.95849,
            586.7
          ],
          [
            138.71251,
            -34.95847,
            586.5
          ],
          [
            138.71252,
            -34.95845,
            586.5
          ],
          [
            138.71253,
            -34.95843,
            586.4
          ],
          [
            138.71254,
            -34.95841,
            586.4
          ],
          [
            138.71254,
            -34.95837,
            586.1
          ],
          [
            138.71254,
            -34.95833,
            585.8
          ],
          [
            138.71253,
            -34.95829,
            585.3
          ],
          [
            138.71253,
            -34.95825,
            585
          ],
          [
            138.71252,
            -34.95822,
            584.6
          ],
          [
            138.71252,
            -34.95818,
            584.3
          ],
          [
            138.71253,
            -34.95815,
            584.3
          ],
          [
            138.71254,
            -34.95813,
            584.4
          ],
          [
            138.71255,
            -34.95811,
            584.3
          ],
          [
            138.71256,
            -34.9581,
            584.4
          ],
          [
            138.71257,
            -34.95808,
            584.4
          ],
          [
            138.7126,
            -34.95806,
            584.8
          ],
          [
            138.7126,
            -34.95805,
            584.6
          ],
          [
            138.71263,
            -34.95803,
            585
          ],
          [
            138.7127,
            -34.95801,
            586.4
          ],
          [
            138.7128,
            -34.95797,
            588
          ],
          [
            138.71288,
            -34.95795,
            589.3
          ],
          [
            138.71298,
            -34.95793,
            590.3
          ],
          [
            138.71302,
            -34.95792,
            590.7
          ],
          [
            138.71313,
            -34.95788,
            592
          ],
          [
            138.71325,
            -34.95782,
            593
          ],
          [
            138.71339,
            -34.95774,
            593.1
          ],
          [
            138.7134,
            -34.95773,
            592.9
          ],
          [
            138.71346,
            -34.9577,
            592.7
          ],
          [
            138.71355,
            -34.95767,
            592.8
          ],
          [
            138.71362,
            -34.95764,
            592.3
          ],
          [
            138.71369,
            -34.95762,
            592.5
          ],
          [
            138.71372,
            -34.95762,
            593
          ],
          [
            138.71377,
            -34.95761,
            592.6
          ],
          [
            138.71384,
            -34.95759,
            591.8
          ],
          [
            138.7139,
            -34.95758,
            591.3
          ],
          [
            138.71393,
            -34.95758,
            591.3
          ],
          [
            138.71396,
            -34.95758,
            591.3
          ],
          [
            138.714,
            -34.95758,
            591.3
          ],
          [
            138.71403,
            -34.95758,
            591.3
          ],
          [
            138.71409,
            -34.95758,
            591.2
          ],
          [
            138.71413,
            -34.95758,
            591
          ],
          [
            138.71417,
            -34.95759,
            591.2
          ],
          [
            138.71422,
            -34.95759,
            590.9
          ],
          [
            138.71428,
            -34.95761,
            591.8
          ],
          [
            138.71433,
            -34.95763,
            592.6
          ],
          [
            138.71438,
            -34.95765,
            593.4
          ],
          [
            138.71441,
            -34.95767,
            594.1
          ],
          [
            138.71442,
            -34.95767,
            594.1
          ],
          [
            138.71445,
            -34.95769,
            594.8
          ],
          [
            138.71452,
            -34.95774,
            596.5
          ],
          [
            138.71456,
            -34.95776,
            597.1
          ],
          [
            138.7146,
            -34.95778,
            597.8
          ],
          [
            138.71465,
            -34.9578,
            598.4
          ],
          [
            138.7147,
            -34.95782,
            599
          ],
          [
            138.71476,
            -34.95784,
            599.5
          ],
          [
            138.71484,
            -34.95787,
            600.5
          ],
          [
            138.71496,
            -34.95792,
            602
          ],
          [
            138.71505,
            -34.95795,
            602.9
          ],
          [
            138.71511,
            -34.95797,
            603.5
          ],
          [
            138.71519,
            -34.95799,
            603.9
          ],
          [
            138.7153,
            -34.95799,
            603.7
          ],
          [
            138.71533,
            -34.95799,
            603.5
          ],
          [
            138.71537,
            -34.95799,
            603.3
          ],
          [
            138.71542,
            -34.95797,
            602.6
          ],
          [
            138.71548,
            -34.95795,
            602.1
          ],
          [
            138.71553,
            -34.95792,
            601.7
          ],
          [
            138.71556,
            -34.9579,
            601.4
          ],
          [
            138.7157,
            -34.95777,
            599.7
          ],
          [
            138.71586,
            -34.95762,
            598.8
          ],
          [
            138.71593,
            -34.95754,
            598.6
          ],
          [
            138.71597,
            -34.95757,
            599
          ],
          [
            138.716,
            -34.9576,
            599.2
          ],
          [
            138.71603,
            -34.95763,
            599.4
          ],
          [
            138.71603,
            -34.95764,
            599.5
          ],
          [
            138.71604,
            -34.95768,
            599.8
          ],
          [
            138.71604,
            -34.95774,
            599.9
          ],
          [
            138.71604,
            -34.95778,
            599.8
          ],
          [
            138.71599,
            -34.95797,
            599.6
          ],
          [
            138.71595,
            -34.95807,
            599.5
          ],
          [
            138.7159,
            -34.95819,
            599.4
          ],
          [
            138.71577,
            -34.95841,
            600.3
          ],
          [
            138.71573,
            -34.95846,
            600.9
          ],
          [
            138.71567,
            -34.95856,
            601.6
          ],
          [
            138.71562,
            -34.95862,
            601.9
          ],
          [
            138.71557,
            -34.95869,
            601.8
          ],
          [
            138.7155,
            -34.95877,
            601.4
          ],
          [
            138.71529,
            -34.95899,
            601.5
          ],
          [
            138.71515,
            -34.95916,
            604.2
          ],
          [
            138.71511,
            -34.9592,
            605.1
          ],
          [
            138.71508,
            -34.95924,
            605.5
          ],
          [
            138.71492,
            -34.95939,
            608.1
          ],
          [
            138.7147,
            -34.95962,
            607.5
          ],
          [
            138.71468,
            -34.95965,
            607.3
          ],
          [
            138.7146,
            -34.95973,
            606.8
          ],
          [
            138.71457,
            -34.95976,
            606.4
          ],
          [
            138.71453,
            -34.95979,
            606
          ],
          [
            138.71451,
            -34.95981,
            605.7
          ],
          [
            138.71448,
            -34.95982,
            605.7
          ],
          [
            138.71442,
            -34.95985,
            605.6
          ],
          [
            138.71437,
            -34.95986,
            605.9
          ],
          [
            138.7143,
            -34.95987,
            606.6
          ],
          [
            138.71423,
            -34.95988,
            607.2
          ],
          [
            138.71419,
            -34.9599,
            607.2
          ],
          [
            138.71414,
            -34.95993,
            607.1
          ],
          [
            138.7141,
            -34.95995,
            607
          ],
          [
            138.71407,
            -34.95998,
            606.9
          ],
          [
            138.71402,
            -34.96005,
            606.8
          ],
          [
            138.71398,
            -34.96014,
            607
          ],
          [
            138.71393,
            -34.96027,
            607.3
          ],
          [
            138.71387,
            -34.96054,
            603.8
          ],
          [
            138.71379,
            -34.9609,
            600.2
          ],
          [
            138.71379,
            -34.96099,
            600.5
          ],
          [
            138.7138,
            -34.96106,
            601.2
          ],
          [
            138.71381,
            -34.9611,
            601.7
          ],
          [
            138.71383,
            -34.96115,
            602.6
          ],
          [
            138.71385,
            -34.96118,
            603.2
          ],
          [
            138.71389,
            -34.96122,
            603.8
          ],
          [
            138.71392,
            -34.96125,
            603.9
          ],
          [
            138.71406,
            -34.96138,
            604.3
          ],
          [
            138.71411,
            -34.96142,
            604.9
          ],
          [
            138.71422,
            -34.9615,
            605.1
          ],
          [
            138.71432,
            -34.96158,
            605.2
          ],
          [
            138.71439,
            -34.96162,
            604.8
          ],
          [
            138.71446,
            -34.96167,
            604.8
          ],
          [
            138.71452,
            -34.96172,
            605.3
          ],
          [
            138.71459,
            -34.96177,
            605.4
          ],
          [
            138.71465,
            -34.96185,
            606.2
          ],
          [
            138.71467,
            -34.96187,
            606.3
          ],
          [
            138.71477,
            -34.96205,
            606.3
          ],
          [
            138.71485,
            -34.96222,
            604.1
          ],
          [
            138.71486,
            -34.96223,
            603.8
          ],
          [
            138.71489,
            -34.96228,
            602.9
          ],
          [
            138.7149,
            -34.96233,
            602.6
          ],
          [
            138.7149,
            -34.96236,
            602.6
          ],
          [
            138.7149,
            -34.96239,
            602.6
          ],
          [
            138.71489,
            -34.96241,
            602.8
          ],
          [
            138.71488,
            -34.96244,
            603
          ],
          [
            138.71487,
            -34.96245,
            603.3
          ],
          [
            138.71485,
            -34.96248,
            603.7
          ],
          [
            138.71479,
            -34.96256,
            605.1
          ],
          [
            138.71475,
            -34.9626,
            606.1
          ],
          [
            138.71474,
            -34.96262,
            606.3
          ],
          [
            138.71472,
            -34.96264,
            606.8
          ],
          [
            138.71471,
            -34.96266,
            607.1
          ],
          [
            138.71469,
            -34.9627,
            607.7
          ],
          [
            138.71468,
            -34.96272,
            608
          ],
          [
            138.71468,
            -34.96274,
            608.1
          ],
          [
            138.71468,
            -34.96275,
            608.1
          ],
          [
            138.71468,
            -34.96276,
            608.2
          ],
          [
            138.71468,
            -34.9628,
            608.4
          ],
          [
            138.71468,
            -34.96281,
            608.5
          ],
          [
            138.71468,
            -34.96283,
            608.6
          ],
          [
            138.71468,
            -34.96287,
            608.9
          ],
          [
            138.71468,
            -34.96292,
            609.3
          ],
          [
            138.71467,
            -34.96294,
            609.4
          ],
          [
            138.71464,
            -34.96303,
            609.7
          ],
          [
            138.71459,
            -34.96314,
            610.2
          ],
          [
            138.71457,
            -34.96317,
            610.3
          ],
          [
            138.71457,
            -34.96318,
            610.3
          ],
          [
            138.71452,
            -34.96328,
            610.1
          ],
          [
            138.71445,
            -34.96341,
            610
          ],
          [
            138.7144,
            -34.96351,
            610
          ],
          [
            138.71432,
            -34.96369,
            610
          ],
          [
            138.7143,
            -34.96376,
            610
          ],
          [
            138.71421,
            -34.96404,
            611
          ],
          [
            138.71415,
            -34.96427,
            613.8
          ],
          [
            138.71413,
            -34.96432,
            614.9
          ],
          [
            138.7141,
            -34.96439,
            616.8
          ],
          [
            138.71406,
            -34.96445,
            618.5
          ],
          [
            138.71403,
            -34.96448,
            619.4
          ],
          [
            138.714,
            -34.96451,
            620.5
          ],
          [
            138.71393,
            -34.96456,
            622.7
          ],
          [
            138.71386,
            -34.9646,
            624.9
          ],
          [
            138.7138,
            -34.96462,
            625.9
          ],
          [
            138.71374,
            -34.96462,
            626.3
          ],
          [
            138.71367,
            -34.96461,
            626.7
          ],
          [
            138.71359,
            -34.96459,
            626.8
          ],
          [
            138.71352,
            -34.96458,
            626.7
          ],
          [
            138.71343,
            -34.96455,
            625.1
          ],
          [
            138.71334,
            -34.96454,
            624
          ],
          [
            138.71327,
            -34.96453,
            622.7
          ],
          [
            138.71319,
            -34.96453,
            621.6
          ],
          [
            138.71308,
            -34.96454,
            620.6
          ],
          [
            138.71294,
            -34.96456,
            619
          ],
          [
            138.71287,
            -34.96459,
            618.7
          ],
          [
            138.71282,
            -34.96461,
            618
          ],
          [
            138.71279,
            -34.96465,
            618.2
          ],
          [
            138.71277,
            -34.96468,
            618.4
          ],
          [
            138.71275,
            -34.96471,
            618.5
          ],
          [
            138.71275,
            -34.96475,
            619.4
          ],
          [
            138.71274,
            -34.96478,
            619.9
          ],
          [
            138.71276,
            -34.96486,
            622.3
          ],
          [
            138.71278,
            -34.96492,
            624.2
          ],
          [
            138.71281,
            -34.96499,
            626.6
          ],
          [
            138.71284,
            -34.96507,
            629.2
          ],
          [
            138.71285,
            -34.96512,
            630.6
          ],
          [
            138.71286,
            -34.96517,
            631.9
          ],
          [
            138.71286,
            -34.9652,
            632.8
          ],
          [
            138.71284,
            -34.96523,
            633.1
          ],
          [
            138.71282,
            -34.96526,
            633.5
          ],
          [
            138.71279,
            -34.96528,
            633.4
          ],
          [
            138.71273,
            -34.96532,
            633.3
          ],
          [
            138.71261,
            -34.96538,
            634
          ],
          [
            138.7125,
            -34.96542,
            634.2
          ],
          [
            138.7124,
            -34.96546,
            635
          ],
          [
            138.71228,
            -34.96551,
            635.4
          ],
          [
            138.71215,
            -34.96556,
            634.4
          ],
          [
            138.71191,
            -34.96569,
            633.1
          ],
          [
            138.71171,
            -34.96579,
            633
          ],
          [
            138.71158,
            -34.96583,
            631.8
          ],
          [
            138.71137,
            -34.96589,
            630.3
          ],
          [
            138.71122,
            -34.96594,
            630.7
          ],
          [
            138.71115,
            -34.96597,
            631.2
          ],
          [
            138.71102,
            -34.96606,
            631.5
          ],
          [
            138.71093,
            -34.96614,
            631.5
          ],
          [
            138.71086,
            -34.96621,
            631.4
          ],
          [
            138.71079,
            -34.96632,
            632.8
          ],
          [
            138.71076,
            -34.96636,
            632.3
          ],
          [
            138.71073,
            -34.96641,
            632
          ],
          [
            138.71071,
            -34.96645,
            631.6
          ],
          [
            138.71071,
            -34.96649,
            631
          ],
          [
            138.71071,
            -34.9665,
            630.9
          ],
          [
            138.71071,
            -34.96655,
            630.2
          ],
          [
            138.71072,
            -34.9666,
            629.9
          ],
          [
            138.71076,
            -34.96665,
            630.5
          ],
          [
            138.71076,
            -34.96666,
            630.4
          ],
          [
            138.71082,
            -34.9667,
            631.6
          ],
          [
            138.71092,
            -34.96678,
            633.2
          ],
          [
            138.71119,
            -34.96699,
            635.2
          ],
          [
            138.71146,
            -34.9672,
            638.7
          ],
          [
            138.71163,
            -34.9673,
            639.8
          ],
          [
            138.71176,
            -34.96738,
            640.8
          ],
          [
            138.7119,
            -34.96747,
            642.1
          ],
          [
            138.71208,
            -34.9676,
            642.4
          ],
          [
            138.71224,
            -34.96773,
            641.6
          ],
          [
            138.71232,
            -34.96779,
            641.3
          ],
          [
            138.71241,
            -34.96785,
            640.4
          ],
          [
            138.71252,
            -34.96791,
            639.6
          ],
          [
            138.71264,
            -34.96796,
            640.6
          ],
          [
            138.71278,
            -34.96803,
            643.3
          ],
          [
            138.71288,
            -34.96808,
            645.8
          ],
          [
            138.71296,
            -34.96813,
            646.6
          ],
          [
            138.71298,
            -34.96814,
            646.9
          ],
          [
            138.71313,
            -34.96824,
            646.7
          ],
          [
            138.71314,
            -34.96824,
            646.9
          ],
          [
            138.71348,
            -34.96846,
            646.2
          ],
          [
            138.71359,
            -34.96854,
            645.9
          ],
          [
            138.71367,
            -34.9686,
            645.4
          ],
          [
            138.71373,
            -34.96867,
            643.6
          ],
          [
            138.71376,
            -34.96874,
            641.7
          ],
          [
            138.71379,
            -34.9688,
            640.2
          ],
          [
            138.71381,
            -34.9689,
            638
          ],
          [
            138.71384,
            -34.969,
            636.2
          ],
          [
            138.71385,
            -34.96909,
            635
          ],
          [
            138.71384,
            -34.96913,
            634.4
          ],
          [
            138.71384,
            -34.96917,
            634
          ],
          [
            138.71383,
            -34.96921,
            633.5
          ],
          [
            138.71381,
            -34.96925,
            633
          ],
          [
            138.71377,
            -34.96931,
            632.9
          ],
          [
            138.71372,
            -34.96937,
            633
          ],
          [
            138.71346,
            -34.96966,
            634.5
          ],
          [
            138.71328,
            -34.96987,
            633.4
          ],
          [
            138.71322,
            -34.96995,
            632.9
          ],
          [
            138.71315,
            -34.97003,
            632.6
          ],
          [
            138.71311,
            -34.97011,
            632.6
          ],
          [
            138.71306,
            -34.97019,
            633.4
          ],
          [
            138.71296,
            -34.97035,
            634.4
          ],
          [
            138.71288,
            -34.97047,
            634.8
          ],
          [
            138.71285,
            -34.9705,
            635.1
          ],
          [
            138.71276,
            -34.97062,
            635.6
          ],
          [
            138.71274,
            -34.97066,
            635.7
          ],
          [
            138.71265,
            -34.97076,
            636.2
          ],
          [
            138.71253,
            -34.97089,
            636.9
          ],
          [
            138.71241,
            -34.971,
            637.2
          ],
          [
            138.71234,
            -34.97106,
            637.2
          ]
        ]
      }
    },
    {
      "type": "Feature",
      "id": "mylor",
      "properties": {
        "featureId": "mylor",
        "stageCodes": [
          "SS24"
        ],
        "name": "Mylor",
        "day": 3,
        "sourceMid": "1G00Y3xegPVNWTDaunvk_IWY_Kec0lLQ",
        "termini": [
          {
            "name": "23 Forbes Rd, Aldgate SA 5154, Australia",
            "coordinate": [
              138.735917,
              -35.030725
            ]
          },
          {
            "name": "150 Aldgate Valley Rd, Mylor SA 5153, Australia",
            "coordinate": [
              138.759337,
              -35.039093
            ]
          }
        ]
      },
      "geometry": {
        "type": "LineString",
        "coordinates": [
          [
            138.73592,
            -35.03072,
            422.4
          ],
          [
            138.73596,
            -35.03066,
            422
          ],
          [
            138.73607,
            -35.03044,
            419.5
          ],
          [
            138.73612,
            -35.03036,
            418.4
          ],
          [
            138.73615,
            -35.03033,
            418.2
          ],
          [
            138.73621,
            -35.03026,
            417.8
          ],
          [
            138.73637,
            -35.03013,
            417.8
          ],
          [
            138.73654,
            -35.03005,
            419.2
          ],
          [
            138.73668,
            -35.02997,
            420.9
          ],
          [
            138.73686,
            -35.02985,
            422.3
          ],
          [
            138.73696,
            -35.02975,
            422.5
          ],
          [
            138.73711,
            -35.02958,
            422.6
          ],
          [
            138.73715,
            -35.02946,
            422.1
          ],
          [
            138.73723,
            -35.02926,
            421.7
          ],
          [
            138.73719,
            -35.02888,
            418.2
          ],
          [
            138.73717,
            -35.02862,
            411.7
          ],
          [
            138.73715,
            -35.02836,
            409
          ],
          [
            138.73714,
            -35.0283,
            409
          ],
          [
            138.73715,
            -35.02799,
            409.2
          ],
          [
            138.73725,
            -35.02763,
            409.2
          ],
          [
            138.73735,
            -35.02739,
            406.2
          ],
          [
            138.73742,
            -35.0273,
            405.7
          ],
          [
            138.73752,
            -35.02711,
            404.4
          ],
          [
            138.73763,
            -35.02694,
            403.5
          ],
          [
            138.73776,
            -35.02673,
            401.8
          ],
          [
            138.73782,
            -35.02656,
            401.3
          ],
          [
            138.73788,
            -35.02626,
            398.6
          ],
          [
            138.73811,
            -35.02605,
            397
          ],
          [
            138.73827,
            -35.02595,
            397.2
          ],
          [
            138.73845,
            -35.0259,
            399
          ],
          [
            138.73867,
            -35.02588,
            400.9
          ],
          [
            138.73889,
            -35.02586,
            401.6
          ],
          [
            138.73903,
            -35.02587,
            401.8
          ],
          [
            138.73907,
            -35.02587,
            401.6
          ],
          [
            138.73936,
            -35.02591,
            400.1
          ],
          [
            138.73946,
            -35.02594,
            399.3
          ],
          [
            138.73951,
            -35.02595,
            398.3
          ],
          [
            138.73965,
            -35.02598,
            395.3
          ],
          [
            138.73988,
            -35.02605,
            392.5
          ],
          [
            138.73999,
            -35.02608,
            392
          ],
          [
            138.74009,
            -35.0261,
            392.8
          ],
          [
            138.7402,
            -35.02612,
            393.8
          ],
          [
            138.7403,
            -35.02613,
            394.7
          ],
          [
            138.74052,
            -35.02615,
            396.7
          ],
          [
            138.74092,
            -35.02619,
            399
          ],
          [
            138.74094,
            -35.02644,
            400.4
          ],
          [
            138.74093,
            -35.02662,
            401
          ],
          [
            138.74093,
            -35.02675,
            401.9
          ],
          [
            138.74089,
            -35.0269,
            401.5
          ],
          [
            138.74084,
            -35.02712,
            401.5
          ],
          [
            138.7408,
            -35.027365,
            402.9
          ],
          [
            138.74076,
            -35.02761,
            402
          ],
          [
            138.74073,
            -35.02775,
            400.6
          ],
          [
            138.74072,
            -35.02783,
            399.4
          ],
          [
            138.74071,
            -35.0279,
            398.3
          ],
          [
            138.74071,
            -35.02799,
            397.7
          ],
          [
            138.74072,
            -35.02805,
            397.4
          ],
          [
            138.74074,
            -35.02812,
            396.9
          ],
          [
            138.74076,
            -35.02817,
            396.5
          ],
          [
            138.74079,
            -35.02821,
            396.2
          ],
          [
            138.74082,
            -35.02825,
            395.8
          ],
          [
            138.74087,
            -35.02829,
            395.2
          ],
          [
            138.74088,
            -35.02829,
            395.1
          ],
          [
            138.74094,
            -35.02833,
            394.3
          ],
          [
            138.74101,
            -35.02836,
            393.7
          ],
          [
            138.74108,
            -35.02838,
            393.5
          ],
          [
            138.74116,
            -35.0284,
            393.4
          ],
          [
            138.74122,
            -35.02841,
            393.3
          ],
          [
            138.74134,
            -35.02841,
            393.3
          ],
          [
            138.74157,
            -35.02834,
            393.8
          ],
          [
            138.74171,
            -35.02829,
            394
          ],
          [
            138.74198,
            -35.02814,
            394
          ],
          [
            138.74235,
            -35.02785,
            397.8
          ],
          [
            138.7426,
            -35.02765,
            401.9
          ],
          [
            138.74285,
            -35.02745,
            404.2
          ],
          [
            138.743,
            -35.02734,
            405.2
          ],
          [
            138.74305,
            -35.02732,
            405.2
          ],
          [
            138.74306,
            -35.02732,
            405.2
          ],
          [
            138.74313,
            -35.0273,
            405.1
          ],
          [
            138.74318,
            -35.02729,
            404.9
          ],
          [
            138.74323,
            -35.02728,
            404.8
          ],
          [
            138.7433,
            -35.02729,
            404.8
          ],
          [
            138.74336,
            -35.0273,
            405
          ],
          [
            138.74342,
            -35.02732,
            405.1
          ],
          [
            138.74346,
            -35.02734,
            405
          ],
          [
            138.74348,
            -35.02736,
            404.9
          ],
          [
            138.7435,
            -35.02739,
            404.6
          ],
          [
            138.74352,
            -35.02744,
            404
          ],
          [
            138.74353,
            -35.02749,
            403.3
          ],
          [
            138.74353,
            -35.02755,
            402.4
          ],
          [
            138.74355,
            -35.02785,
            397.3
          ],
          [
            138.74347,
            -35.02805,
            394.2
          ],
          [
            138.7434,
            -35.02825,
            392.9
          ],
          [
            138.74339,
            -35.0285,
            391.5
          ],
          [
            138.74341,
            -35.02858,
            391.1
          ],
          [
            138.74344,
            -35.02865,
            390.6
          ],
          [
            138.74349,
            -35.02876,
            389.7
          ],
          [
            138.74359,
            -35.02889,
            387.6
          ],
          [
            138.74369,
            -35.029,
            384.7
          ],
          [
            138.74391,
            -35.02915,
            381.9
          ],
          [
            138.74416,
            -35.029275,
            382.8
          ],
          [
            138.74441,
            -35.0294,
            384
          ],
          [
            138.74467,
            -35.02951,
            384.7
          ],
          [
            138.74485,
            -35.02959,
            385.2
          ],
          [
            138.74501,
            -35.0297,
            385.8
          ],
          [
            138.74509,
            -35.02981,
            387.4
          ],
          [
            138.74514,
            -35.02989,
            387.8
          ],
          [
            138.74516,
            -35.03003,
            387.1
          ],
          [
            138.74514,
            -35.03022,
            386.1
          ],
          [
            138.7451,
            -35.03034,
            385.6
          ],
          [
            138.74509,
            -35.03039,
            385.5
          ],
          [
            138.74502,
            -35.030715,
            385.4
          ],
          [
            138.74495,
            -35.03104,
            386.9
          ],
          [
            138.74492,
            -35.03109,
            386.7
          ],
          [
            138.74484,
            -35.03124,
            386.5
          ],
          [
            138.74467,
            -35.03147,
            384.4
          ],
          [
            138.74449,
            -35.0317,
            383.4
          ],
          [
            138.74429,
            -35.03194,
            382.1
          ],
          [
            138.74416,
            -35.03207,
            380.6
          ],
          [
            138.74411,
            -35.03216,
            380
          ],
          [
            138.7441,
            -35.03218,
            380
          ],
          [
            138.74407,
            -35.03224,
            379.8
          ],
          [
            138.74408,
            -35.03232,
            379.3
          ],
          [
            138.74408,
            -35.03237,
            379
          ],
          [
            138.74411,
            -35.03242,
            378.5
          ],
          [
            138.74419,
            -35.03251,
            377.7
          ],
          [
            138.74424,
            -35.03254,
            377.6
          ],
          [
            138.74428,
            -35.03255,
            377.7
          ],
          [
            138.74435,
            -35.03257,
            377.3
          ],
          [
            138.74459,
            -35.03254,
            377.7
          ],
          [
            138.74474,
            -35.03252,
            377.4
          ],
          [
            138.74488,
            -35.03247,
            377.5
          ],
          [
            138.74508,
            -35.0324,
            376.5
          ],
          [
            138.7452,
            -35.03234,
            376.2
          ],
          [
            138.74531,
            -35.03225,
            375.9
          ],
          [
            138.74547,
            -35.03215,
            374.8
          ],
          [
            138.74555,
            -35.03208,
            374.7
          ],
          [
            138.74567,
            -35.03201,
            374.8
          ],
          [
            138.74587,
            -35.0319,
            374.7
          ],
          [
            138.74619,
            -35.03175,
            375
          ],
          [
            138.74638,
            -35.03166,
            376.2
          ],
          [
            138.74677,
            -35.03154,
            375
          ],
          [
            138.74697,
            -35.03149,
            373.8
          ],
          [
            138.7471,
            -35.03148,
            372.9
          ],
          [
            138.74722,
            -35.03149,
            372
          ],
          [
            138.74731,
            -35.03153,
            370.7
          ],
          [
            138.7474,
            -35.03157,
            369.4
          ],
          [
            138.74743,
            -35.03161,
            368.6
          ],
          [
            138.74746,
            -35.03165,
            367.7
          ],
          [
            138.74749,
            -35.03174,
            365.4
          ],
          [
            138.7475,
            -35.03177,
            364.5
          ],
          [
            138.7475,
            -35.03181,
            363.4
          ],
          [
            138.74751,
            -35.03184,
            362.7
          ],
          [
            138.74752,
            -35.03187,
            362.3
          ],
          [
            138.74753,
            -35.0319,
            361.9
          ],
          [
            138.74755,
            -35.03193,
            361.5
          ],
          [
            138.74757,
            -35.03196,
            361.1
          ],
          [
            138.74759,
            -35.03199,
            360.6
          ],
          [
            138.74762,
            -35.03201,
            360.3
          ],
          [
            138.74766,
            -35.03203,
            360.1
          ],
          [
            138.74771,
            -35.03204,
            359.9
          ],
          [
            138.74778,
            -35.03204,
            359.9
          ],
          [
            138.74788,
            -35.03202,
            360.2
          ],
          [
            138.74822,
            -35.03191,
            361.8
          ],
          [
            138.74826,
            -35.03189,
            361.9
          ],
          [
            138.7483,
            -35.03187,
            361.9
          ],
          [
            138.74835,
            -35.03185,
            361.9
          ],
          [
            138.74843,
            -35.03183,
            361.9
          ],
          [
            138.74848,
            -35.03181,
            362.2
          ],
          [
            138.74854,
            -35.03181,
            362.2
          ],
          [
            138.74862,
            -35.0318,
            362.3
          ],
          [
            138.74867,
            -35.03181,
            362.2
          ],
          [
            138.74871,
            -35.03182,
            362.1
          ],
          [
            138.74876,
            -35.03183,
            361.8
          ],
          [
            138.7488,
            -35.03185,
            361.3
          ],
          [
            138.74885,
            -35.03187,
            360.7
          ],
          [
            138.74889,
            -35.03189,
            360.2
          ],
          [
            138.74893,
            -35.0319,
            359.9
          ],
          [
            138.74898,
            -35.03192,
            359.6
          ],
          [
            138.74902,
            -35.03193,
            359.5
          ],
          [
            138.74906,
            -35.03195,
            359.2
          ],
          [
            138.74911,
            -35.03195,
            359.1
          ],
          [
            138.74916,
            -35.03196,
            358.6
          ],
          [
            138.74921,
            -35.03196,
            358.3
          ],
          [
            138.74925,
            -35.03196,
            358.1
          ],
          [
            138.74932,
            -35.03196,
            357.7
          ],
          [
            138.7494,
            -35.03195,
            357.4
          ],
          [
            138.74949,
            -35.03193,
            357.4
          ],
          [
            138.74958,
            -35.03191,
            357.3
          ],
          [
            138.74962,
            -35.0319,
            357.4
          ],
          [
            138.7497,
            -35.03189,
            357.6
          ],
          [
            138.74981,
            -35.03189,
            357.7
          ],
          [
            138.74983,
            -35.03194,
            356.8
          ],
          [
            138.74985,
            -35.03197,
            356.4
          ],
          [
            138.74987,
            -35.03199,
            356.4
          ],
          [
            138.74988,
            -35.03203,
            356.2
          ],
          [
            138.74989,
            -35.03206,
            356
          ],
          [
            138.7499,
            -35.03208,
            355.9
          ],
          [
            138.7499,
            -35.03211,
            355.8
          ],
          [
            138.7499,
            -35.03214,
            355.9
          ],
          [
            138.7499,
            -35.03218,
            356.2
          ],
          [
            138.7499,
            -35.03221,
            356.3
          ],
          [
            138.74988,
            -35.03224,
            356.2
          ],
          [
            138.74986,
            -35.03228,
            356.3
          ],
          [
            138.74984,
            -35.0323,
            356.2
          ],
          [
            138.74979,
            -35.03233,
            355.8
          ],
          [
            138.74968,
            -35.03242,
            356
          ],
          [
            138.74965,
            -35.03245,
            356.2
          ],
          [
            138.74962,
            -35.03248,
            356.5
          ],
          [
            138.74959,
            -35.03251,
            356.7
          ],
          [
            138.74956,
            -35.03255,
            356.9
          ],
          [
            138.74953,
            -35.03259,
            357
          ],
          [
            138.74951,
            -35.03262,
            357.1
          ],
          [
            138.7495,
            -35.03266,
            357.4
          ],
          [
            138.74949,
            -35.03271,
            357.2
          ],
          [
            138.74949,
            -35.03276,
            356.9
          ],
          [
            138.74949,
            -35.0328,
            356.8
          ],
          [
            138.74951,
            -35.03285,
            356.6
          ],
          [
            138.74954,
            -35.0329,
            356.9
          ],
          [
            138.74956,
            -35.03294,
            357.1
          ],
          [
            138.74961,
            -35.03299,
            357.6
          ],
          [
            138.74965,
            -35.03304,
            357.8
          ],
          [
            138.74967,
            -35.03308,
            357.7
          ],
          [
            138.7497,
            -35.03311,
            358
          ],
          [
            138.74973,
            -35.03315,
            358.1
          ],
          [
            138.74976,
            -35.0332,
            358.1
          ],
          [
            138.74978,
            -35.03323,
            358.3
          ],
          [
            138.7498,
            -35.03329,
            359
          ],
          [
            138.74981,
            -35.03334,
            359.4
          ],
          [
            138.74981,
            -35.0334,
            359.6
          ],
          [
            138.7498,
            -35.03345,
            359.7
          ],
          [
            138.74979,
            -35.0335,
            359.7
          ],
          [
            138.74977,
            -35.03355,
            359.5
          ],
          [
            138.74974,
            -35.0336,
            359.4
          ],
          [
            138.74972,
            -35.03364,
            359.4
          ],
          [
            138.74969,
            -35.03369,
            358.9
          ],
          [
            138.74957,
            -35.03379,
            356.5
          ],
          [
            138.74952,
            -35.03385,
            355.6
          ],
          [
            138.74947,
            -35.0339,
            354.7
          ],
          [
            138.74942,
            -35.03393,
            353.9
          ],
          [
            138.74939,
            -35.03397,
            352.9
          ],
          [
            138.74935,
            -35.03401,
            351.8
          ],
          [
            138.74931,
            -35.03406,
            350.7
          ],
          [
            138.74927,
            -35.0341,
            350
          ],
          [
            138.74925,
            -35.03413,
            349.5
          ],
          [
            138.74924,
            -35.03416,
            349.3
          ],
          [
            138.74923,
            -35.03418,
            349.2
          ],
          [
            138.74924,
            -35.03422,
            349.1
          ],
          [
            138.74925,
            -35.03425,
            349.3
          ],
          [
            138.74926,
            -35.03429,
            349.6
          ],
          [
            138.74929,
            -35.03433,
            349.9
          ],
          [
            138.74932,
            -35.03436,
            350.1
          ],
          [
            138.74935,
            -35.03438,
            350.4
          ],
          [
            138.74938,
            -35.0344,
            350.5
          ],
          [
            138.7496,
            -35.03451,
            349.1
          ],
          [
            138.74993,
            -35.03462,
            347.3
          ],
          [
            138.75026,
            -35.03473,
            349.1
          ],
          [
            138.750525,
            -35.03481,
            347.4
          ],
          [
            138.75079,
            -35.03489,
            345.4
          ],
          [
            138.751,
            -35.03497,
            344.7
          ],
          [
            138.75102,
            -35.03498,
            344.7
          ],
          [
            138.75111,
            -35.03502,
            344.5
          ],
          [
            138.75119,
            -35.03506,
            344.3
          ],
          [
            138.75127,
            -35.03511,
            344.8
          ],
          [
            138.75136,
            -35.03517,
            345.6
          ],
          [
            138.75158,
            -35.03534,
            347
          ],
          [
            138.75179,
            -35.03548,
            347
          ],
          [
            138.75189,
            -35.03553,
            346.7
          ],
          [
            138.75193,
            -35.03555,
            346.4
          ],
          [
            138.75206,
            -35.0356,
            344.9
          ],
          [
            138.75211,
            -35.03562,
            344.4
          ],
          [
            138.75221,
            -35.03564,
            343.8
          ],
          [
            138.75235,
            -35.03567,
            342.6
          ],
          [
            138.75249,
            -35.03568,
            342.6
          ],
          [
            138.7526,
            -35.03569,
            342.5
          ],
          [
            138.75273,
            -35.03571,
            342.4
          ],
          [
            138.75287,
            -35.03573,
            342.2
          ],
          [
            138.75298,
            -35.03576,
            342
          ],
          [
            138.75305,
            -35.03578,
            342.2
          ],
          [
            138.7531,
            -35.0358,
            342.6
          ],
          [
            138.75319,
            -35.03582,
            343
          ],
          [
            138.75331,
            -35.03587,
            343
          ],
          [
            138.75339,
            -35.0359,
            343.1
          ],
          [
            138.75347,
            -35.03595,
            342.8
          ],
          [
            138.75355,
            -35.036,
            342.6
          ],
          [
            138.75364,
            -35.03605,
            343.4
          ],
          [
            138.75372,
            -35.03613,
            343.1
          ],
          [
            138.75378,
            -35.0362,
            342.4
          ],
          [
            138.75382,
            -35.03626,
            342
          ],
          [
            138.75385,
            -35.03632,
            341.5
          ],
          [
            138.75388,
            -35.03638,
            341.5
          ],
          [
            138.7539,
            -35.03645,
            341.1
          ],
          [
            138.75391,
            -35.03652,
            340.5
          ],
          [
            138.7539,
            -35.03678,
            337.4
          ],
          [
            138.7539,
            -35.03689,
            336
          ],
          [
            138.7539,
            -35.03696,
            336
          ],
          [
            138.7539,
            -35.03703,
            336
          ],
          [
            138.7539,
            -35.0371,
            336
          ],
          [
            138.75391,
            -35.03715,
            335.9
          ],
          [
            138.75392,
            -35.03721,
            335.5
          ],
          [
            138.75395,
            -35.03727,
            334.9
          ],
          [
            138.75398,
            -35.03732,
            334.5
          ],
          [
            138.75402,
            -35.03735,
            334.1
          ],
          [
            138.7541,
            -35.03738,
            333.1
          ],
          [
            138.75418,
            -35.03741,
            332.4
          ],
          [
            138.75429,
            -35.03745,
            331.7
          ],
          [
            138.75439,
            -35.03746,
            331.1
          ],
          [
            138.7545,
            -35.03748,
            330.6
          ],
          [
            138.75462,
            -35.03749,
            330.4
          ],
          [
            138.75471,
            -35.03749,
            330.6
          ],
          [
            138.75482,
            -35.0375,
            330.9
          ],
          [
            138.75496,
            -35.03749,
            331
          ],
          [
            138.75507,
            -35.03749,
            331
          ],
          [
            138.75516,
            -35.03748,
            330.6
          ],
          [
            138.75523,
            -35.03747,
            330.2
          ],
          [
            138.75532,
            -35.03745,
            329.7
          ],
          [
            138.75534,
            -35.03744,
            329.5
          ],
          [
            138.75539,
            -35.03742,
            329
          ],
          [
            138.75546,
            -35.03738,
            328.7
          ],
          [
            138.75552,
            -35.03734,
            328.7
          ],
          [
            138.75558,
            -35.03728,
            328.5
          ],
          [
            138.75564,
            -35.03722,
            328
          ],
          [
            138.7557,
            -35.037,
            326
          ],
          [
            138.75574,
            -35.03684,
            325.7
          ],
          [
            138.75578,
            -35.03667,
            326
          ],
          [
            138.75583,
            -35.03643,
            326
          ],
          [
            138.75592,
            -35.0362,
            327.7
          ],
          [
            138.75596,
            -35.03611,
            328.5
          ],
          [
            138.75599,
            -35.03603,
            329.1
          ],
          [
            138.75602,
            -35.03598,
            329.3
          ],
          [
            138.75605,
            -35.03593,
            329.3
          ],
          [
            138.75609,
            -35.03589,
            329.2
          ],
          [
            138.75613,
            -35.03586,
            329.3
          ],
          [
            138.75618,
            -35.03584,
            329.3
          ],
          [
            138.75624,
            -35.03582,
            329.2
          ],
          [
            138.75629,
            -35.03581,
            329
          ],
          [
            138.75638,
            -35.03581,
            329
          ],
          [
            138.75646,
            -35.03581,
            329
          ],
          [
            138.75654,
            -35.03581,
            329
          ],
          [
            138.75663,
            -35.03582,
            329
          ],
          [
            138.75672,
            -35.03584,
            328.3
          ],
          [
            138.75697,
            -35.03591,
            327.1
          ],
          [
            138.757265,
            -35.036,
            327.3
          ],
          [
            138.75756,
            -35.03609,
            327
          ],
          [
            138.75763,
            -35.03612,
            327
          ],
          [
            138.75778,
            -35.03618,
            326.3
          ],
          [
            138.75783,
            -35.0362,
            325.9
          ],
          [
            138.7579,
            -35.03623,
            325.3
          ],
          [
            138.758,
            -35.03627,
            324.4
          ],
          [
            138.75806,
            -35.03631,
            323.5
          ],
          [
            138.7581,
            -35.03635,
            322.7
          ],
          [
            138.75815,
            -35.03641,
            321.6
          ],
          [
            138.75819,
            -35.03649,
            320.6
          ],
          [
            138.75823,
            -35.03657,
            319.4
          ],
          [
            138.75827,
            -35.03671,
            318.2
          ],
          [
            138.75829,
            -35.03677,
            318
          ],
          [
            138.75831,
            -35.03686,
            318
          ],
          [
            138.75831,
            -35.03694,
            318.1
          ],
          [
            138.75831,
            -35.03696,
            318.1
          ],
          [
            138.75831,
            -35.03704,
            318.3
          ],
          [
            138.75831,
            -35.03715,
            318.9
          ],
          [
            138.758315,
            -35.03738,
            318.5
          ],
          [
            138.75832,
            -35.03761,
            318
          ],
          [
            138.75833,
            -35.03796,
            318.1
          ],
          [
            138.75833,
            -35.03809,
            318.2
          ],
          [
            138.75837,
            -35.03821,
            318.3
          ],
          [
            138.75844,
            -35.03834,
            318.5
          ],
          [
            138.75849,
            -35.03843,
            319.2
          ],
          [
            138.75859,
            -35.03852,
            319.9
          ],
          [
            138.7589,
            -35.03873,
            320.1
          ],
          [
            138.75903,
            -35.03881,
            319.8
          ],
          [
            138.75918,
            -35.03891,
            320.1
          ],
          [
            138.75931,
            -35.03898,
            319.4
          ],
          [
            138.75932,
            -35.03899,
            319.4
          ],
          [
            138.75932,
            -35.039,
            319.3
          ],
          [
            138.75932,
            -35.03901,
            319.2
          ],
          [
            138.75933,
            -35.03903,
            319
          ],
          [
            138.75933,
            -35.03906,
            318.8
          ],
          [
            138.75934,
            -35.03909,
            318.6
          ]
        ]
      }
    },
    {
      "type": "Feature",
      "id": "strathalbyn-town-stage",
      "properties": {
        "featureId": "strathalbyn-town-stage",
        "stageCodes": [
          "SS25",
          "SS27"
        ],
        "name": "Strathalbyn Town Stage 1 & 2",
        "day": 3,
        "sourceMid": "1G00Y3xegPVNWTDaunvk_IWY_Kec0lLQ",
        "termini": [
          {
            "name": "10A Albyn Terrace, Strathalbyn SA 5255, Australia",
            "coordinate": [
              138.89136,
              -35.259031
            ]
          },
          {
            "name": "11 Sunter St, Strathalbyn SA 5255, Australia",
            "coordinate": [
              138.891927,
              -35.254907
            ]
          }
        ]
      },
      "geometry": {
        "type": "LineString",
        "coordinates": [
          [
            138.89136,
            -35.25903,
            73
          ],
          [
            138.891545,
            -35.25933,
            73
          ],
          [
            138.89173,
            -35.25963,
            73
          ],
          [
            138.89184,
            -35.2598,
            72.8
          ],
          [
            138.89206,
            -35.25971,
            73
          ],
          [
            138.89219,
            -35.25966,
            73
          ],
          [
            138.89258,
            -35.2595,
            73
          ],
          [
            138.89241,
            -35.25923,
            73
          ],
          [
            138.89224,
            -35.25896,
            73.8
          ],
          [
            138.89207,
            -35.25869,
            74
          ],
          [
            138.89192,
            -35.25844,
            74.4
          ],
          [
            138.891805,
            -35.25805,
            73.3
          ],
          [
            138.89169,
            -35.25766,
            70
          ],
          [
            138.89167,
            -35.25756,
            69.7
          ],
          [
            138.89166,
            -35.25749,
            69.7
          ],
          [
            138.89166,
            -35.25742,
            70
          ],
          [
            138.89168,
            -35.25735,
            70.8
          ],
          [
            138.89174,
            -35.25724,
            72.3
          ],
          [
            138.89185,
            -35.25708,
            75.4
          ],
          [
            138.89191,
            -35.257,
            76
          ],
          [
            138.89197,
            -35.25687,
            76.6
          ],
          [
            138.89203,
            -35.25662,
            78.2
          ],
          [
            138.89205,
            -35.2564,
            79.9
          ],
          [
            138.89206,
            -35.25634,
            80.5
          ],
          [
            138.89208,
            -35.25629,
            80.9
          ],
          [
            138.89211,
            -35.25624,
            81.2
          ],
          [
            138.89212,
            -35.25622,
            81.4
          ],
          [
            138.89214,
            -35.25618,
            81.7
          ],
          [
            138.89217,
            -35.25611,
            82
          ],
          [
            138.8922,
            -35.25602,
            82
          ],
          [
            138.8922,
            -35.2559,
            81.8
          ],
          [
            138.89212,
            -35.25568,
            81
          ],
          [
            138.892045,
            -35.25537,
            80.8
          ],
          [
            138.89197,
            -35.25506,
            80.8
          ],
          [
            138.89193,
            -35.25491,
            81
          ]
        ]
      }
    },
    {
      "type": "Feature",
      "id": "macclesfield",
      "properties": {
        "featureId": "macclesfield",
        "stageCodes": [
          "SS26",
          "SS28"
        ],
        "name": "Macclesfield 1 & 2",
        "day": 3,
        "sourceMid": "1G00Y3xegPVNWTDaunvk_IWY_Kec0lLQ",
        "termini": [
          {
            "name": "4 Waterman Rd, Strathalbyn SA 5255, Australia",
            "coordinate": [
              138.888641,
              -35.237637
            ]
          },
          {
            "name": "2590 Strathalbyn Rd, Macclesfield SA 5153, Australia",
            "coordinate": [
              138.847947,
              -35.187332
            ]
          }
        ]
      },
      "geometry": {
        "type": "LineString",
        "coordinates": [
          [
            138.88864,
            -35.23764,
            118.1
          ],
          [
            138.88877,
            -35.23758,
            116.1
          ],
          [
            138.88887,
            -35.23753,
            115.1
          ],
          [
            138.88897,
            -35.23747,
            114.2
          ],
          [
            138.88893,
            -35.23727,
            115.2
          ],
          [
            138.8889,
            -35.23716,
            115.9
          ],
          [
            138.88887,
            -35.2371,
            116.1
          ],
          [
            138.88882,
            -35.23702,
            116.6
          ],
          [
            138.88851,
            -35.2367,
            118.1
          ],
          [
            138.88826,
            -35.23644,
            118.5
          ],
          [
            138.88799,
            -35.23612,
            120.7
          ],
          [
            138.88788,
            -35.23597,
            121.9
          ],
          [
            138.88783,
            -35.23587,
            122
          ],
          [
            138.88777,
            -35.23569,
            122.1
          ],
          [
            138.88773,
            -35.23557,
            121.9
          ],
          [
            138.88769,
            -35.23539,
            122.1
          ],
          [
            138.88769,
            -35.2353,
            122.4
          ],
          [
            138.88769,
            -35.23523,
            122.6
          ],
          [
            138.88769,
            -35.23518,
            122.8
          ],
          [
            138.88771,
            -35.23503,
            123
          ],
          [
            138.88771,
            -35.235,
            123
          ],
          [
            138.88774,
            -35.23486,
            123.2
          ],
          [
            138.88775,
            -35.23482,
            123.2
          ],
          [
            138.88778,
            -35.23469,
            123
          ],
          [
            138.8878,
            -35.23465,
            123.2
          ],
          [
            138.88787,
            -35.23441,
            124
          ],
          [
            138.8879,
            -35.2343,
            124.7
          ],
          [
            138.88793,
            -35.23409,
            126.4
          ],
          [
            138.88793,
            -35.23398,
            127.2
          ],
          [
            138.88793,
            -35.23394,
            127.8
          ],
          [
            138.8879,
            -35.23376,
            130.1
          ],
          [
            138.88789,
            -35.2337,
            130.8
          ],
          [
            138.88785,
            -35.23361,
            131.7
          ],
          [
            138.88784,
            -35.23359,
            131.9
          ],
          [
            138.8877,
            -35.2333,
            131.3
          ],
          [
            138.88757,
            -35.23308,
            129.9
          ],
          [
            138.88741,
            -35.23287,
            130.7
          ],
          [
            138.88734,
            -35.23278,
            131.5
          ],
          [
            138.88719,
            -35.23266,
            133
          ],
          [
            138.88712,
            -35.2326,
            133.8
          ],
          [
            138.88697,
            -35.23245,
            135.3
          ],
          [
            138.88691,
            -35.23239,
            135.9
          ],
          [
            138.88684,
            -35.23232,
            136.2
          ],
          [
            138.88677,
            -35.23223,
            135.9
          ],
          [
            138.88663,
            -35.232,
            135.3
          ],
          [
            138.88659,
            -35.23187,
            134.9
          ],
          [
            138.88654,
            -35.23164,
            133.3
          ],
          [
            138.88649,
            -35.23143,
            131.5
          ],
          [
            138.88645,
            -35.23134,
            131.5
          ],
          [
            138.88643,
            -35.2313,
            131.6
          ],
          [
            138.88639,
            -35.23123,
            131.9
          ],
          [
            138.88638,
            -35.23122,
            132
          ],
          [
            138.88635,
            -35.23118,
            132.5
          ],
          [
            138.88626,
            -35.23111,
            134.6
          ],
          [
            138.88615,
            -35.23107,
            136.6
          ],
          [
            138.88602,
            -35.231,
            138
          ],
          [
            138.88589,
            -35.23094,
            138.4
          ],
          [
            138.88579,
            -35.23086,
            138.4
          ],
          [
            138.88567,
            -35.23069,
            137.4
          ],
          [
            138.88552,
            -35.23052,
            137.7
          ],
          [
            138.88544,
            -35.23044,
            138.3
          ],
          [
            138.88528,
            -35.23031,
            140.1
          ],
          [
            138.88511,
            -35.2302,
            141.6
          ],
          [
            138.88498,
            -35.2301,
            140.3
          ],
          [
            138.8849,
            -35.23006,
            139.9
          ],
          [
            138.88475,
            -35.23001,
            140.6
          ],
          [
            138.88461,
            -35.22999,
            142.3
          ],
          [
            138.88444,
            -35.22998,
            144.1
          ],
          [
            138.88436,
            -35.22999,
            145
          ],
          [
            138.88434,
            -35.22999,
            145.1
          ],
          [
            138.88421,
            -35.23002,
            145.5
          ],
          [
            138.88413,
            -35.23004,
            145.5
          ],
          [
            138.88399,
            -35.2301,
            145.1
          ],
          [
            138.88373,
            -35.23025,
            143.1
          ],
          [
            138.8834,
            -35.23042,
            142.6
          ],
          [
            138.88333,
            -35.23044,
            142.5
          ],
          [
            138.88318,
            -35.23047,
            142.9
          ],
          [
            138.88303,
            -35.2305,
            143.8
          ],
          [
            138.88292,
            -35.2305,
            144.1
          ],
          [
            138.88273,
            -35.23049,
            144.7
          ],
          [
            138.88245,
            -35.23042,
            145.2
          ],
          [
            138.88237,
            -35.23039,
            144.8
          ],
          [
            138.88226,
            -35.23034,
            144.2
          ],
          [
            138.88219,
            -35.2303,
            144.6
          ],
          [
            138.88209,
            -35.23019,
            145.6
          ],
          [
            138.88201,
            -35.23006,
            147.6
          ],
          [
            138.88196,
            -35.22992,
            149.7
          ],
          [
            138.8819,
            -35.22964,
            147.9
          ],
          [
            138.88187,
            -35.22944,
            147.9
          ],
          [
            138.88183,
            -35.22935,
            148.8
          ],
          [
            138.88179,
            -35.22928,
            149.7
          ],
          [
            138.88175,
            -35.22924,
            150.5
          ],
          [
            138.88164,
            -35.22916,
            152
          ],
          [
            138.88143,
            -35.22905,
            151.9
          ],
          [
            138.88103,
            -35.22884,
            152.7
          ],
          [
            138.88092,
            -35.22879,
            154
          ],
          [
            138.8805,
            -35.22862,
            159.5
          ],
          [
            138.88029,
            -35.2285,
            161.1
          ],
          [
            138.88002,
            -35.22832,
            160.5
          ],
          [
            138.87966,
            -35.22811,
            159.9
          ],
          [
            138.87926,
            -35.2279,
            164
          ],
          [
            138.87921,
            -35.22789,
            164.6
          ],
          [
            138.87913,
            -35.22788,
            165.3
          ],
          [
            138.87906,
            -35.22788,
            166.1
          ],
          [
            138.879,
            -35.22788,
            166.7
          ],
          [
            138.87893,
            -35.22788,
            167.3
          ],
          [
            138.87883,
            -35.22788,
            168
          ],
          [
            138.87874,
            -35.22786,
            167.7
          ],
          [
            138.87867,
            -35.22785,
            167.4
          ],
          [
            138.87861,
            -35.22784,
            166.9
          ],
          [
            138.87856,
            -35.22782,
            166.4
          ],
          [
            138.87851,
            -35.22779,
            165.8
          ],
          [
            138.87848,
            -35.22776,
            165.6
          ],
          [
            138.87845,
            -35.22773,
            165.4
          ],
          [
            138.87842,
            -35.22768,
            165.1
          ],
          [
            138.87835,
            -35.22753,
            165
          ],
          [
            138.87833,
            -35.22748,
            165
          ],
          [
            138.87831,
            -35.22741,
            165
          ],
          [
            138.87828,
            -35.22736,
            164.9
          ],
          [
            138.87825,
            -35.22731,
            164.7
          ],
          [
            138.8782,
            -35.22726,
            164.9
          ],
          [
            138.87816,
            -35.22723,
            165.1
          ],
          [
            138.87803,
            -35.22714,
            165.8
          ],
          [
            138.87783,
            -35.22704,
            167.5
          ],
          [
            138.87743,
            -35.22682,
            173.3
          ],
          [
            138.87721,
            -35.22672,
            175.2
          ],
          [
            138.87713,
            -35.22667,
            176.2
          ],
          [
            138.87705,
            -35.22662,
            177.4
          ],
          [
            138.87697,
            -35.22655,
            179
          ],
          [
            138.87694,
            -35.22644,
            178.9
          ],
          [
            138.87693,
            -35.22636,
            178.9
          ],
          [
            138.87693,
            -35.22632,
            178.8
          ],
          [
            138.87693,
            -35.22629,
            178.8
          ],
          [
            138.87694,
            -35.22625,
            178.7
          ],
          [
            138.87696,
            -35.22622,
            178.6
          ],
          [
            138.87699,
            -35.22616,
            178.5
          ],
          [
            138.87701,
            -35.22612,
            178.4
          ],
          [
            138.87706,
            -35.22606,
            177.7
          ],
          [
            138.8771,
            -35.22602,
            177.3
          ],
          [
            138.87731,
            -35.22585,
            177
          ],
          [
            138.87734,
            -35.22583,
            177
          ],
          [
            138.87747,
            -35.22572,
            177
          ],
          [
            138.87773,
            -35.22552,
            176.6
          ],
          [
            138.87778,
            -35.22547,
            176.3
          ],
          [
            138.87785,
            -35.22541,
            176
          ],
          [
            138.87788,
            -35.22536,
            176.2
          ],
          [
            138.8779,
            -35.22532,
            176.4
          ],
          [
            138.87792,
            -35.2253,
            176.4
          ],
          [
            138.87804,
            -35.22505,
            179.6
          ],
          [
            138.87812,
            -35.22481,
            183.4
          ],
          [
            138.87815,
            -35.22472,
            184.8
          ],
          [
            138.87817,
            -35.22464,
            185.6
          ],
          [
            138.8782,
            -35.22451,
            187.3
          ],
          [
            138.87822,
            -35.22438,
            189.1
          ],
          [
            138.87822,
            -35.22415,
            191.8
          ],
          [
            138.87821,
            -35.2241,
            191.9
          ],
          [
            138.87819,
            -35.224,
            192.2
          ],
          [
            138.87819,
            -35.22399,
            192.2
          ],
          [
            138.87815,
            -35.22388,
            193
          ],
          [
            138.87808,
            -35.22378,
            192.2
          ],
          [
            138.87792,
            -35.2236,
            192.5
          ],
          [
            138.87772,
            -35.2234,
            193.6
          ],
          [
            138.87765,
            -35.22334,
            194.1
          ],
          [
            138.87758,
            -35.22327,
            194.5
          ],
          [
            138.87748,
            -35.22318,
            195.1
          ],
          [
            138.87713,
            -35.2229,
            200.2
          ],
          [
            138.87684,
            -35.22265,
            200.8
          ],
          [
            138.87655,
            -35.2224,
            201.5
          ],
          [
            138.8765,
            -35.22237,
            201.8
          ],
          [
            138.87632,
            -35.22223,
            201.4
          ],
          [
            138.87611,
            -35.22212,
            200
          ],
          [
            138.87603,
            -35.22208,
            200
          ],
          [
            138.87593,
            -35.22204,
            200
          ],
          [
            138.87573,
            -35.22196,
            200
          ],
          [
            138.87537,
            -35.22182,
            201.7
          ],
          [
            138.87496,
            -35.22167,
            204.3
          ],
          [
            138.87486,
            -35.22163,
            205.3
          ],
          [
            138.874535,
            -35.221505,
            209.6
          ],
          [
            138.87421,
            -35.22138,
            213
          ],
          [
            138.87389,
            -35.22126,
            213.2
          ],
          [
            138.87375,
            -35.2212,
            212.8
          ],
          [
            138.87369,
            -35.22119,
            212.9
          ],
          [
            138.87356,
            -35.22116,
            213.4
          ],
          [
            138.87326,
            -35.22111,
            214.2
          ],
          [
            138.87276,
            -35.22104,
            213
          ],
          [
            138.87266,
            -35.22101,
            212.6
          ],
          [
            138.87254,
            -35.22095,
            212.8
          ],
          [
            138.87241,
            -35.22085,
            212.9
          ],
          [
            138.87231,
            -35.22074,
            212.3
          ],
          [
            138.8723,
            -35.22074,
            212.3
          ],
          [
            138.87197,
            -35.22041,
            210.5
          ],
          [
            138.871775,
            -35.22021,
            213.3
          ],
          [
            138.87158,
            -35.22001,
            214.2
          ],
          [
            138.87147,
            -35.21991,
            214.8
          ],
          [
            138.87139,
            -35.21983,
            215.1
          ],
          [
            138.87131,
            -35.21976,
            214.7
          ],
          [
            138.870967,
            -35.219447,
            214
          ],
          [
            138.870623,
            -35.219133,
            215.9
          ],
          [
            138.87028,
            -35.21882,
            216
          ],
          [
            138.8701,
            -35.21866,
            217
          ],
          [
            138.86999,
            -35.21857,
            217.7
          ],
          [
            138.86996,
            -35.21852,
            218.1
          ],
          [
            138.86987,
            -35.21839,
            219.2
          ],
          [
            138.86986,
            -35.21836,
            219.4
          ],
          [
            138.86976,
            -35.21809,
            221.3
          ],
          [
            138.86963,
            -35.217705,
            226
          ],
          [
            138.8695,
            -35.21732,
            225.9
          ],
          [
            138.869425,
            -35.217095,
            226.4
          ],
          [
            138.86935,
            -35.21687,
            227.6
          ],
          [
            138.86914,
            -35.21649,
            229.9
          ],
          [
            138.86893,
            -35.21611,
            229.6
          ],
          [
            138.868755,
            -35.215772,
            231.9
          ],
          [
            138.86858,
            -35.215435,
            233.5
          ],
          [
            138.868405,
            -35.215097,
            234.8
          ],
          [
            138.86823,
            -35.21476,
            236.1
          ],
          [
            138.86813,
            -35.21449,
            237.5
          ],
          [
            138.86803,
            -35.21422,
            239.8
          ],
          [
            138.86794,
            -35.21397,
            240.7
          ],
          [
            138.8679,
            -35.21383,
            241
          ],
          [
            138.86776,
            -35.21345,
            239.3
          ],
          [
            138.86773,
            -35.21336,
            239.1
          ],
          [
            138.8677,
            -35.21328,
            238.3
          ],
          [
            138.86763,
            -35.21307,
            236.1
          ],
          [
            138.86756,
            -35.21295,
            236
          ],
          [
            138.86755,
            -35.21294,
            236
          ],
          [
            138.86752,
            -35.21288,
            236
          ],
          [
            138.86742,
            -35.21278,
            236.2
          ],
          [
            138.8673,
            -35.21265,
            237.1
          ],
          [
            138.86728,
            -35.21263,
            237.1
          ],
          [
            138.86719,
            -35.21256,
            237
          ],
          [
            138.86714,
            -35.21252,
            236.7
          ],
          [
            138.86698,
            -35.2124,
            235.8
          ],
          [
            138.86697,
            -35.2124,
            235.7
          ],
          [
            138.86664,
            -35.21219,
            232.4
          ],
          [
            138.86663,
            -35.21218,
            232.3
          ],
          [
            138.86648,
            -35.21205,
            230.5
          ],
          [
            138.86633,
            -35.21192,
            229.7
          ],
          [
            138.86629,
            -35.21188,
            229.2
          ],
          [
            138.86619,
            -35.21178,
            227.5
          ],
          [
            138.86605,
            -35.21164,
            225.4
          ],
          [
            138.86591,
            -35.2115,
            223.4
          ],
          [
            138.86572,
            -35.21131,
            220.6
          ],
          [
            138.86553,
            -35.21112,
            218.6
          ],
          [
            138.8653,
            -35.21087,
            218
          ],
          [
            138.86525,
            -35.21078,
            217.1
          ],
          [
            138.86515,
            -35.21063,
            215.5
          ],
          [
            138.86494,
            -35.21031,
            213.2
          ],
          [
            138.86484,
            -35.21015,
            213
          ],
          [
            138.864667,
            -35.20988,
            211.7
          ],
          [
            138.864493,
            -35.20961,
            210.2
          ],
          [
            138.86432,
            -35.20934,
            209.8
          ],
          [
            138.86421,
            -35.20924,
            209.7
          ],
          [
            138.86414,
            -35.20917,
            209.2
          ],
          [
            138.86408,
            -35.20913,
            208.7
          ],
          [
            138.86402,
            -35.2091,
            208.3
          ],
          [
            138.86398,
            -35.20908,
            208.1
          ],
          [
            138.86388,
            -35.20905,
            207.5
          ],
          [
            138.8636,
            -35.20899,
            204
          ],
          [
            138.86339,
            -35.20895,
            201.5
          ],
          [
            138.86325,
            -35.20893,
            201.4
          ],
          [
            138.86317,
            -35.20891,
            201.5
          ],
          [
            138.86296,
            -35.20887,
            201.9
          ],
          [
            138.862425,
            -35.20877,
            199.2
          ],
          [
            138.86189,
            -35.20867,
            194.7
          ],
          [
            138.86175,
            -35.20864,
            192.9
          ],
          [
            138.86133,
            -35.20851,
            191.6
          ],
          [
            138.86095,
            -35.20839,
            193.2
          ],
          [
            138.860565,
            -35.20825,
            193.4
          ],
          [
            138.86018,
            -35.20811,
            192.6
          ],
          [
            138.86007,
            -35.20807,
            192.8
          ],
          [
            138.85995,
            -35.20802,
            193
          ],
          [
            138.85965,
            -35.20785,
            193.3
          ],
          [
            138.859365,
            -35.207685,
            193
          ],
          [
            138.85908,
            -35.20752,
            194.2
          ],
          [
            138.85888,
            -35.20741,
            195.4
          ],
          [
            138.85887,
            -35.20741,
            195.5
          ],
          [
            138.85863,
            -35.20727,
            196.9
          ],
          [
            138.85843,
            -35.20718,
            198.1
          ],
          [
            138.85824,
            -35.20709,
            199.9
          ],
          [
            138.85807,
            -35.207,
            201.6
          ],
          [
            138.85784,
            -35.20693,
            203
          ],
          [
            138.85771,
            -35.20689,
            203
          ],
          [
            138.85744,
            -35.20681,
            203.2
          ],
          [
            138.85726,
            -35.20675,
            203.5
          ],
          [
            138.85711,
            -35.20671,
            204.5
          ],
          [
            138.85701,
            -35.20665,
            204.7
          ],
          [
            138.85693,
            -35.20659,
            205.4
          ],
          [
            138.85687,
            -35.20652,
            206
          ],
          [
            138.85682,
            -35.20645,
            206
          ],
          [
            138.85677,
            -35.20638,
            206
          ],
          [
            138.85674,
            -35.20626,
            206.6
          ],
          [
            138.85673,
            -35.20619,
            206.9
          ],
          [
            138.85673,
            -35.20608,
            206.9
          ],
          [
            138.85675,
            -35.205745,
            208.5
          ],
          [
            138.85677,
            -35.20541,
            213.2
          ],
          [
            138.85677,
            -35.20529,
            214.5
          ],
          [
            138.85677,
            -35.20517,
            215.5
          ],
          [
            138.85675,
            -35.20508,
            216.1
          ],
          [
            138.85674,
            -35.20502,
            216.4
          ],
          [
            138.85673,
            -35.20501,
            216.5
          ],
          [
            138.85672,
            -35.20498,
            216.8
          ],
          [
            138.8567,
            -35.20496,
            217
          ],
          [
            138.85664,
            -35.20492,
            216.9
          ],
          [
            138.85658,
            -35.20488,
            216.9
          ],
          [
            138.85651,
            -35.20484,
            217.2
          ],
          [
            138.85631,
            -35.20478,
            217.8
          ],
          [
            138.85617,
            -35.20476,
            217.7
          ],
          [
            138.85602,
            -35.20473,
            217.8
          ],
          [
            138.85548,
            -35.20466,
            220.6
          ],
          [
            138.85529,
            -35.20463,
            223.3
          ],
          [
            138.85519,
            -35.20461,
            224.3
          ],
          [
            138.85505,
            -35.20457,
            225
          ],
          [
            138.85498,
            -35.20455,
            225.1
          ],
          [
            138.85492,
            -35.20453,
            225
          ],
          [
            138.85486,
            -35.2045,
            224.8
          ],
          [
            138.8548,
            -35.20446,
            224.2
          ],
          [
            138.85477,
            -35.20445,
            223.9
          ],
          [
            138.85474,
            -35.20444,
            223.5
          ],
          [
            138.85472,
            -35.20443,
            223.2
          ],
          [
            138.8547,
            -35.20443,
            223
          ],
          [
            138.85465,
            -35.20444,
            222.7
          ],
          [
            138.8546,
            -35.20445,
            222.8
          ],
          [
            138.85455,
            -35.20447,
            223.1
          ],
          [
            138.8545,
            -35.20449,
            223.4
          ],
          [
            138.85441,
            -35.20454,
            224.6
          ],
          [
            138.85432,
            -35.2046,
            226.4
          ],
          [
            138.85424,
            -35.20465,
            227.5
          ],
          [
            138.85417,
            -35.20473,
            228.8
          ],
          [
            138.85415,
            -35.20474,
            229
          ],
          [
            138.85403,
            -35.20487,
            230
          ],
          [
            138.85389,
            -35.205,
            231.8
          ],
          [
            138.85376,
            -35.20513,
            234.2
          ],
          [
            138.85375,
            -35.20514,
            234.2
          ],
          [
            138.85366,
            -35.20522,
            235.6
          ],
          [
            138.85362,
            -35.20525,
            236.4
          ],
          [
            138.85358,
            -35.20526,
            236.8
          ],
          [
            138.85353,
            -35.20527,
            237.3
          ],
          [
            138.85346,
            -35.20526,
            237.5
          ],
          [
            138.85343,
            -35.20526,
            237.9
          ],
          [
            138.8534,
            -35.20525,
            238.2
          ],
          [
            138.85338,
            -35.20525,
            238.6
          ],
          [
            138.85337,
            -35.20525,
            238.7
          ],
          [
            138.85335,
            -35.20525,
            239
          ],
          [
            138.85331,
            -35.20524,
            239.6
          ],
          [
            138.85327,
            -35.20522,
            239.9
          ],
          [
            138.85324,
            -35.2052,
            239.8
          ],
          [
            138.85321,
            -35.20518,
            239.7
          ],
          [
            138.85319,
            -35.20515,
            239.4
          ],
          [
            138.85317,
            -35.20513,
            239.2
          ],
          [
            138.85301,
            -35.20488,
            236.4
          ],
          [
            138.852845,
            -35.204585,
            239.4
          ],
          [
            138.85268,
            -35.20429,
            245.8
          ],
          [
            138.85265,
            -35.20425,
            246.7
          ],
          [
            138.85252,
            -35.20401,
            249
          ],
          [
            138.8525,
            -35.20395,
            249
          ],
          [
            138.85237,
            -35.20368,
            247.9
          ],
          [
            138.85226,
            -35.20344,
            246.2
          ],
          [
            138.85223,
            -35.20338,
            246.5
          ],
          [
            138.85214,
            -35.2031,
            248
          ],
          [
            138.85205,
            -35.20282,
            250.7
          ],
          [
            138.852,
            -35.20264,
            251.9
          ],
          [
            138.851887,
            -35.20235,
            252.7
          ],
          [
            138.851773,
            -35.20206,
            254.7
          ],
          [
            138.85166,
            -35.20177,
            255.4
          ],
          [
            138.85159,
            -35.2016,
            257.5
          ],
          [
            138.85148,
            -35.20141,
            260.1
          ],
          [
            138.85131,
            -35.20111,
            261
          ],
          [
            138.85122,
            -35.20096,
            260.5
          ],
          [
            138.85104,
            -35.20067,
            263.1
          ],
          [
            138.85098,
            -35.20058,
            264.3
          ],
          [
            138.85082,
            -35.20032,
            268
          ],
          [
            138.85063,
            -35.19999,
            269.6
          ],
          [
            138.85051,
            -35.19978,
            270.7
          ],
          [
            138.85048,
            -35.19973,
            271.1
          ],
          [
            138.85045,
            -35.19969,
            271.5
          ],
          [
            138.85042,
            -35.19966,
            271.8
          ],
          [
            138.85038,
            -35.19963,
            272
          ],
          [
            138.85035,
            -35.19959,
            272.3
          ],
          [
            138.85028,
            -35.19955,
            272.3
          ],
          [
            138.85013,
            -35.19945,
            272.9
          ],
          [
            138.84998,
            -35.19935,
            272.7
          ],
          [
            138.84969,
            -35.19915,
            272.1
          ],
          [
            138.84962,
            -35.19909,
            271.7
          ],
          [
            138.84957,
            -35.19904,
            271.5
          ],
          [
            138.84953,
            -35.199,
            271.5
          ],
          [
            138.8495,
            -35.19897,
            271.6
          ],
          [
            138.84947,
            -35.19893,
            271.9
          ],
          [
            138.84944,
            -35.1989,
            272.2
          ],
          [
            138.84942,
            -35.19886,
            272.4
          ],
          [
            138.8494,
            -35.19882,
            272.7
          ],
          [
            138.84938,
            -35.19879,
            272.9
          ],
          [
            138.84937,
            -35.19875,
            273.3
          ],
          [
            138.84935,
            -35.19871,
            273.6
          ],
          [
            138.84934,
            -35.19865,
            274
          ],
          [
            138.84932,
            -35.19857,
            273.7
          ],
          [
            138.84931,
            -35.19846,
            273.6
          ],
          [
            138.84928,
            -35.198175,
            274.8
          ],
          [
            138.84925,
            -35.19789,
            275.8
          ],
          [
            138.84924,
            -35.19784,
            275.6
          ],
          [
            138.84924,
            -35.19781,
            275.5
          ],
          [
            138.84924,
            -35.19778,
            275.4
          ],
          [
            138.84925,
            -35.19774,
            275.5
          ],
          [
            138.84925,
            -35.19771,
            275.5
          ],
          [
            138.84926,
            -35.19767,
            275.6
          ],
          [
            138.84927,
            -35.19765,
            275.7
          ],
          [
            138.84929,
            -35.19761,
            276
          ],
          [
            138.84931,
            -35.19757,
            276.4
          ],
          [
            138.84933,
            -35.19754,
            276.8
          ],
          [
            138.84936,
            -35.1975,
            277
          ],
          [
            138.84954,
            -35.19726,
            278
          ],
          [
            138.84972,
            -35.19702,
            278.2
          ],
          [
            138.84979,
            -35.19692,
            278.7
          ],
          [
            138.8498,
            -35.1969,
            278.7
          ],
          [
            138.8498,
            -35.19689,
            278.7
          ],
          [
            138.84981,
            -35.19687,
            278.8
          ],
          [
            138.84981,
            -35.19686,
            278.8
          ],
          [
            138.84982,
            -35.19685,
            278.8
          ],
          [
            138.84982,
            -35.19683,
            278.8
          ],
          [
            138.84982,
            -35.19667,
            278.8
          ],
          [
            138.84981,
            -35.19651,
            278.8
          ],
          [
            138.84981,
            -35.1964,
            279
          ],
          [
            138.84979,
            -35.1963,
            279.2
          ],
          [
            138.84978,
            -35.1962,
            279.6
          ],
          [
            138.84976,
            -35.19608,
            280
          ],
          [
            138.84972,
            -35.19593,
            280
          ],
          [
            138.84966,
            -35.1957,
            278.9
          ],
          [
            138.84966,
            -35.19567,
            278.7
          ],
          [
            138.84965,
            -35.19564,
            278.4
          ],
          [
            138.84965,
            -35.19562,
            278.3
          ],
          [
            138.84965,
            -35.19559,
            278.1
          ],
          [
            138.84966,
            -35.19555,
            277.9
          ],
          [
            138.84966,
            -35.1955,
            277.9
          ],
          [
            138.84968,
            -35.19543,
            278
          ],
          [
            138.8497,
            -35.19534,
            278
          ],
          [
            138.84974,
            -35.19522,
            278
          ],
          [
            138.84977,
            -35.19513,
            278
          ],
          [
            138.84996,
            -35.19472,
            278.7
          ],
          [
            138.85015,
            -35.19431,
            278.3
          ],
          [
            138.85034,
            -35.1939,
            279.7
          ],
          [
            138.85053,
            -35.19349,
            281
          ],
          [
            138.85054,
            -35.19343,
            280.9
          ],
          [
            138.85055,
            -35.19338,
            280.6
          ],
          [
            138.85055,
            -35.19336,
            280.4
          ],
          [
            138.85054,
            -35.19333,
            280.2
          ],
          [
            138.85053,
            -35.19328,
            279.7
          ],
          [
            138.85051,
            -35.19324,
            279.3
          ],
          [
            138.85049,
            -35.19319,
            278.9
          ],
          [
            138.85046,
            -35.19315,
            278.5
          ],
          [
            138.8503,
            -35.19294,
            278
          ],
          [
            138.85014,
            -35.19273,
            279
          ],
          [
            138.84993,
            -35.19241,
            281.2
          ],
          [
            138.8498,
            -35.19225,
            281
          ],
          [
            138.84974,
            -35.19218,
            280.9
          ],
          [
            138.84967,
            -35.19208,
            280.3
          ],
          [
            138.84962,
            -35.192,
            280
          ],
          [
            138.84954,
            -35.19185,
            279.4
          ],
          [
            138.8494,
            -35.19153,
            277.1
          ],
          [
            138.84933,
            -35.19137,
            277.9
          ],
          [
            138.849178,
            -35.191005,
            279.9
          ],
          [
            138.849025,
            -35.19064,
            279
          ],
          [
            138.848873,
            -35.190275,
            282.3
          ],
          [
            138.84872,
            -35.18991,
            283.6
          ],
          [
            138.84868,
            -35.18982,
            283.9
          ],
          [
            138.84865,
            -35.18976,
            284.6
          ],
          [
            138.84863,
            -35.18971,
            285.2
          ],
          [
            138.84862,
            -35.18964,
            286.2
          ],
          [
            138.84853,
            -35.189302,
            288.4
          ],
          [
            138.84844,
            -35.188965,
            286
          ],
          [
            138.84835,
            -35.188627,
            287.4
          ],
          [
            138.84826,
            -35.18829,
            288
          ],
          [
            138.848157,
            -35.18797,
            290
          ],
          [
            138.848053,
            -35.18765,
            289
          ],
          [
            138.84795,
            -35.18733,
            290.5
          ]
        ]
      }
    },
    {
      "type": "Feature",
      "id": "warrawong",
      "properties": {
        "featureId": "warrawong",
        "stageCodes": [
          "SS29"
        ],
        "name": "Warrawong",
        "day": 3,
        "sourceMid": "1G00Y3xegPVNWTDaunvk_IWY_Kec0lLQ",
        "termini": [
          {
            "name": "143 Aldgate Valley Rd, Mylor SA 5153, Australia",
            "coordinate": [
              138.758324,
              -35.037731
            ]
          },
          {
            "name": "19 Emery Rd, Aldgate SA 5154, Australia",
            "coordinate": [
              138.734452,
              -35.031112
            ]
          }
        ]
      },
      "geometry": {
        "type": "LineString",
        "coordinates": [
          [
            138.75832,
            -35.03773,
            318
          ],
          [
            138.75832,
            -35.03761,
            318
          ],
          [
            138.758315,
            -35.03738,
            318.5
          ],
          [
            138.75831,
            -35.03715,
            318.9
          ],
          [
            138.75831,
            -35.03704,
            318.3
          ],
          [
            138.75831,
            -35.03696,
            318.1
          ],
          [
            138.75831,
            -35.03694,
            318.1
          ],
          [
            138.75831,
            -35.03686,
            318
          ],
          [
            138.75829,
            -35.03677,
            318
          ],
          [
            138.75827,
            -35.03671,
            318.2
          ],
          [
            138.75823,
            -35.03657,
            319.4
          ],
          [
            138.75819,
            -35.03649,
            320.6
          ],
          [
            138.75815,
            -35.03641,
            321.6
          ],
          [
            138.7581,
            -35.03635,
            322.7
          ],
          [
            138.75806,
            -35.03631,
            323.5
          ],
          [
            138.758,
            -35.03627,
            324.4
          ],
          [
            138.7579,
            -35.03623,
            325.3
          ],
          [
            138.75783,
            -35.0362,
            325.9
          ],
          [
            138.75778,
            -35.03618,
            326.3
          ],
          [
            138.75763,
            -35.03612,
            327
          ],
          [
            138.75756,
            -35.03609,
            327
          ],
          [
            138.757265,
            -35.036,
            327.3
          ],
          [
            138.75697,
            -35.03591,
            327.1
          ],
          [
            138.75672,
            -35.03584,
            328.3
          ],
          [
            138.75663,
            -35.03582,
            329
          ],
          [
            138.75654,
            -35.03581,
            329
          ],
          [
            138.75646,
            -35.03581,
            329
          ],
          [
            138.75638,
            -35.03581,
            329
          ],
          [
            138.75629,
            -35.03581,
            329
          ],
          [
            138.75624,
            -35.03582,
            329.2
          ],
          [
            138.75618,
            -35.03584,
            329.3
          ],
          [
            138.75613,
            -35.03586,
            329.3
          ],
          [
            138.75609,
            -35.03589,
            329.2
          ],
          [
            138.75605,
            -35.03593,
            329.3
          ],
          [
            138.75602,
            -35.03598,
            329.3
          ],
          [
            138.75599,
            -35.03603,
            329.1
          ],
          [
            138.75596,
            -35.03611,
            328.5
          ],
          [
            138.75592,
            -35.0362,
            327.7
          ],
          [
            138.75583,
            -35.03643,
            326
          ],
          [
            138.75578,
            -35.03667,
            326
          ],
          [
            138.75574,
            -35.03684,
            325.7
          ],
          [
            138.7557,
            -35.037,
            326
          ],
          [
            138.75564,
            -35.03722,
            328
          ],
          [
            138.75558,
            -35.03728,
            328.5
          ],
          [
            138.75552,
            -35.03734,
            328.7
          ],
          [
            138.75546,
            -35.03738,
            328.7
          ],
          [
            138.75539,
            -35.03742,
            329
          ],
          [
            138.75534,
            -35.03744,
            329.5
          ],
          [
            138.75532,
            -35.03745,
            329.7
          ],
          [
            138.75523,
            -35.03747,
            330.2
          ],
          [
            138.75516,
            -35.03748,
            330.6
          ],
          [
            138.75507,
            -35.03749,
            331
          ],
          [
            138.75496,
            -35.03749,
            331
          ],
          [
            138.75482,
            -35.0375,
            330.9
          ],
          [
            138.75471,
            -35.03749,
            330.6
          ],
          [
            138.75462,
            -35.03749,
            330.4
          ],
          [
            138.7545,
            -35.03748,
            330.6
          ],
          [
            138.75439,
            -35.03746,
            331.1
          ],
          [
            138.75429,
            -35.03745,
            331.7
          ],
          [
            138.75418,
            -35.03741,
            332.4
          ],
          [
            138.7541,
            -35.03738,
            333.1
          ],
          [
            138.75402,
            -35.03735,
            334.1
          ],
          [
            138.75398,
            -35.03732,
            334.5
          ],
          [
            138.75395,
            -35.03727,
            334.9
          ],
          [
            138.75392,
            -35.03721,
            335.5
          ],
          [
            138.75391,
            -35.03715,
            335.9
          ],
          [
            138.7539,
            -35.0371,
            336
          ],
          [
            138.7539,
            -35.03703,
            336
          ],
          [
            138.7539,
            -35.03696,
            336
          ],
          [
            138.7539,
            -35.03689,
            336
          ],
          [
            138.7539,
            -35.03678,
            337.4
          ],
          [
            138.75391,
            -35.03652,
            340.5
          ],
          [
            138.7539,
            -35.03645,
            341.1
          ],
          [
            138.75388,
            -35.03638,
            341.5
          ],
          [
            138.75385,
            -35.03632,
            341.5
          ],
          [
            138.75382,
            -35.03626,
            342
          ],
          [
            138.75378,
            -35.0362,
            342.4
          ],
          [
            138.75372,
            -35.03613,
            343.1
          ],
          [
            138.75364,
            -35.03605,
            343.4
          ],
          [
            138.75355,
            -35.036,
            342.6
          ],
          [
            138.75347,
            -35.03595,
            342.8
          ],
          [
            138.75339,
            -35.0359,
            343.1
          ],
          [
            138.75331,
            -35.03587,
            343
          ],
          [
            138.75319,
            -35.03582,
            343
          ],
          [
            138.7531,
            -35.0358,
            342.6
          ],
          [
            138.75305,
            -35.03578,
            342.2
          ],
          [
            138.75298,
            -35.03576,
            342
          ],
          [
            138.75287,
            -35.03573,
            342.2
          ],
          [
            138.75273,
            -35.03571,
            342.4
          ],
          [
            138.7526,
            -35.03569,
            342.5
          ],
          [
            138.75249,
            -35.03568,
            342.6
          ],
          [
            138.75235,
            -35.03567,
            342.6
          ],
          [
            138.75221,
            -35.03564,
            343.8
          ],
          [
            138.75211,
            -35.03562,
            344.4
          ],
          [
            138.75206,
            -35.0356,
            344.9
          ],
          [
            138.75193,
            -35.03555,
            346.4
          ],
          [
            138.75189,
            -35.03553,
            346.7
          ],
          [
            138.75179,
            -35.03548,
            347
          ],
          [
            138.75158,
            -35.03534,
            347
          ],
          [
            138.75136,
            -35.03517,
            345.6
          ],
          [
            138.75127,
            -35.03511,
            344.8
          ],
          [
            138.75119,
            -35.03506,
            344.3
          ],
          [
            138.75111,
            -35.03502,
            344.5
          ],
          [
            138.75102,
            -35.03498,
            344.7
          ],
          [
            138.751,
            -35.03497,
            344.7
          ],
          [
            138.75079,
            -35.03489,
            345.4
          ],
          [
            138.750525,
            -35.03481,
            347.4
          ],
          [
            138.75026,
            -35.03473,
            349.1
          ],
          [
            138.74993,
            -35.03462,
            347.3
          ],
          [
            138.7496,
            -35.03451,
            349.1
          ],
          [
            138.74938,
            -35.0344,
            350.5
          ],
          [
            138.74935,
            -35.03438,
            350.4
          ],
          [
            138.74932,
            -35.03436,
            350.1
          ],
          [
            138.74929,
            -35.03433,
            349.9
          ],
          [
            138.74926,
            -35.03429,
            349.6
          ],
          [
            138.74925,
            -35.03425,
            349.3
          ],
          [
            138.74924,
            -35.03422,
            349.1
          ],
          [
            138.74923,
            -35.03418,
            349.2
          ],
          [
            138.74924,
            -35.03416,
            349.3
          ],
          [
            138.74925,
            -35.03413,
            349.5
          ],
          [
            138.74927,
            -35.0341,
            350
          ],
          [
            138.74931,
            -35.03406,
            350.7
          ],
          [
            138.74935,
            -35.03401,
            351.8
          ],
          [
            138.74939,
            -35.03397,
            352.9
          ],
          [
            138.74942,
            -35.03393,
            353.9
          ],
          [
            138.74947,
            -35.0339,
            354.7
          ],
          [
            138.74952,
            -35.03385,
            355.6
          ],
          [
            138.74957,
            -35.03379,
            356.5
          ],
          [
            138.74969,
            -35.03369,
            358.9
          ],
          [
            138.74972,
            -35.03364,
            359.4
          ],
          [
            138.74974,
            -35.0336,
            359.4
          ],
          [
            138.74977,
            -35.03355,
            359.5
          ],
          [
            138.74979,
            -35.0335,
            359.7
          ],
          [
            138.7498,
            -35.03345,
            359.7
          ],
          [
            138.74981,
            -35.0334,
            359.6
          ],
          [
            138.74981,
            -35.03334,
            359.4
          ],
          [
            138.7498,
            -35.03329,
            359
          ],
          [
            138.74978,
            -35.03323,
            358.3
          ],
          [
            138.74976,
            -35.0332,
            358.1
          ],
          [
            138.74973,
            -35.03315,
            358.1
          ],
          [
            138.7497,
            -35.03311,
            358
          ],
          [
            138.74967,
            -35.03308,
            357.7
          ],
          [
            138.74965,
            -35.03304,
            357.8
          ],
          [
            138.74961,
            -35.03299,
            357.6
          ],
          [
            138.74956,
            -35.03294,
            357.1
          ],
          [
            138.74954,
            -35.0329,
            356.9
          ],
          [
            138.74951,
            -35.03285,
            356.6
          ],
          [
            138.74949,
            -35.0328,
            356.8
          ],
          [
            138.74949,
            -35.03276,
            356.9
          ],
          [
            138.74949,
            -35.03271,
            357.2
          ],
          [
            138.7495,
            -35.03266,
            357.4
          ],
          [
            138.74951,
            -35.03262,
            357.1
          ],
          [
            138.74953,
            -35.03259,
            357
          ],
          [
            138.74956,
            -35.03255,
            356.9
          ],
          [
            138.74959,
            -35.03251,
            356.7
          ],
          [
            138.74962,
            -35.03248,
            356.5
          ],
          [
            138.74965,
            -35.03245,
            356.2
          ],
          [
            138.74968,
            -35.03242,
            356
          ],
          [
            138.74979,
            -35.03233,
            355.8
          ],
          [
            138.74984,
            -35.0323,
            356.2
          ],
          [
            138.74986,
            -35.03228,
            356.3
          ],
          [
            138.74988,
            -35.03224,
            356.2
          ],
          [
            138.7499,
            -35.03221,
            356.3
          ],
          [
            138.7499,
            -35.03218,
            356.2
          ],
          [
            138.7499,
            -35.03214,
            355.9
          ],
          [
            138.7499,
            -35.03211,
            355.8
          ],
          [
            138.7499,
            -35.03208,
            355.9
          ],
          [
            138.74989,
            -35.03206,
            356
          ],
          [
            138.74988,
            -35.03203,
            356.2
          ],
          [
            138.74987,
            -35.03199,
            356.4
          ],
          [
            138.74985,
            -35.03197,
            356.4
          ],
          [
            138.74983,
            -35.03194,
            356.8
          ],
          [
            138.74981,
            -35.03189,
            357.7
          ],
          [
            138.7497,
            -35.03189,
            357.6
          ],
          [
            138.74962,
            -35.0319,
            357.4
          ],
          [
            138.74958,
            -35.03191,
            357.3
          ],
          [
            138.74949,
            -35.03193,
            357.4
          ],
          [
            138.7494,
            -35.03195,
            357.4
          ],
          [
            138.74932,
            -35.03196,
            357.7
          ],
          [
            138.74925,
            -35.03196,
            358.1
          ],
          [
            138.74921,
            -35.03196,
            358.3
          ],
          [
            138.74916,
            -35.03196,
            358.6
          ],
          [
            138.74911,
            -35.03195,
            359.1
          ],
          [
            138.74906,
            -35.03195,
            359.2
          ],
          [
            138.74902,
            -35.03193,
            359.5
          ],
          [
            138.74898,
            -35.03192,
            359.6
          ],
          [
            138.74893,
            -35.0319,
            359.9
          ],
          [
            138.74889,
            -35.03189,
            360.2
          ],
          [
            138.74885,
            -35.03187,
            360.7
          ],
          [
            138.7488,
            -35.03185,
            361.3
          ],
          [
            138.74876,
            -35.03183,
            361.8
          ],
          [
            138.74871,
            -35.03182,
            362.1
          ],
          [
            138.74867,
            -35.03181,
            362.2
          ],
          [
            138.74862,
            -35.0318,
            362.3
          ],
          [
            138.74854,
            -35.03181,
            362.2
          ],
          [
            138.74848,
            -35.03181,
            362.2
          ],
          [
            138.74843,
            -35.03183,
            361.9
          ],
          [
            138.74835,
            -35.03185,
            361.9
          ],
          [
            138.7483,
            -35.03187,
            361.9
          ],
          [
            138.74826,
            -35.03189,
            361.9
          ],
          [
            138.74822,
            -35.03191,
            361.8
          ],
          [
            138.74788,
            -35.03202,
            360.2
          ],
          [
            138.74778,
            -35.03204,
            359.9
          ],
          [
            138.74771,
            -35.03204,
            359.9
          ],
          [
            138.74766,
            -35.03203,
            360.1
          ],
          [
            138.74762,
            -35.03201,
            360.3
          ],
          [
            138.74759,
            -35.03199,
            360.6
          ],
          [
            138.74757,
            -35.03196,
            361.1
          ],
          [
            138.74755,
            -35.03193,
            361.5
          ],
          [
            138.74753,
            -35.0319,
            361.9
          ],
          [
            138.74752,
            -35.03187,
            362.3
          ],
          [
            138.74751,
            -35.03184,
            362.7
          ],
          [
            138.7475,
            -35.03181,
            363.4
          ],
          [
            138.7475,
            -35.03177,
            364.5
          ],
          [
            138.74749,
            -35.03174,
            365.4
          ],
          [
            138.74746,
            -35.03165,
            367.7
          ],
          [
            138.74743,
            -35.03161,
            368.6
          ],
          [
            138.7474,
            -35.03157,
            369.4
          ],
          [
            138.74731,
            -35.03153,
            370.7
          ],
          [
            138.74722,
            -35.03149,
            372
          ],
          [
            138.7471,
            -35.03148,
            372.9
          ],
          [
            138.74697,
            -35.03149,
            373.8
          ],
          [
            138.74677,
            -35.03154,
            375
          ],
          [
            138.74638,
            -35.03166,
            376.2
          ],
          [
            138.74619,
            -35.03175,
            375
          ],
          [
            138.74587,
            -35.0319,
            374.7
          ],
          [
            138.74567,
            -35.03201,
            374.8
          ],
          [
            138.74555,
            -35.03208,
            374.7
          ],
          [
            138.74547,
            -35.03215,
            374.8
          ],
          [
            138.74531,
            -35.03225,
            375.9
          ],
          [
            138.7452,
            -35.03234,
            376.2
          ],
          [
            138.74508,
            -35.0324,
            376.5
          ],
          [
            138.74488,
            -35.03247,
            377.5
          ],
          [
            138.74474,
            -35.03252,
            377.4
          ],
          [
            138.74459,
            -35.03254,
            377.7
          ],
          [
            138.74435,
            -35.03257,
            377.3
          ],
          [
            138.74428,
            -35.03255,
            377.7
          ],
          [
            138.74424,
            -35.03254,
            377.6
          ],
          [
            138.74419,
            -35.03251,
            377.7
          ],
          [
            138.74411,
            -35.03242,
            378.5
          ],
          [
            138.74408,
            -35.03237,
            379
          ],
          [
            138.74408,
            -35.03232,
            379.3
          ],
          [
            138.74407,
            -35.03224,
            379.8
          ],
          [
            138.7441,
            -35.03218,
            380
          ],
          [
            138.74411,
            -35.03216,
            380
          ],
          [
            138.74416,
            -35.03207,
            380.6
          ],
          [
            138.74429,
            -35.03194,
            382.1
          ],
          [
            138.74449,
            -35.0317,
            383.4
          ],
          [
            138.74467,
            -35.03147,
            384.4
          ],
          [
            138.74484,
            -35.03124,
            386.5
          ],
          [
            138.74492,
            -35.03109,
            386.7
          ],
          [
            138.74495,
            -35.03104,
            386.9
          ],
          [
            138.74502,
            -35.030715,
            385.4
          ],
          [
            138.74509,
            -35.03039,
            385.5
          ],
          [
            138.7451,
            -35.03034,
            385.6
          ],
          [
            138.74514,
            -35.03022,
            386.1
          ],
          [
            138.74516,
            -35.03003,
            387.1
          ],
          [
            138.74514,
            -35.02989,
            387.8
          ],
          [
            138.74509,
            -35.02981,
            387.4
          ],
          [
            138.74501,
            -35.0297,
            385.8
          ],
          [
            138.74485,
            -35.02959,
            385.2
          ],
          [
            138.74467,
            -35.02951,
            384.7
          ],
          [
            138.74441,
            -35.0294,
            384
          ],
          [
            138.74416,
            -35.029275,
            382.8
          ],
          [
            138.74391,
            -35.02915,
            381.9
          ],
          [
            138.74369,
            -35.029,
            384.7
          ],
          [
            138.74359,
            -35.02889,
            387.6
          ],
          [
            138.74349,
            -35.02876,
            389.7
          ],
          [
            138.74344,
            -35.02865,
            390.6
          ],
          [
            138.74341,
            -35.02858,
            391.1
          ],
          [
            138.74339,
            -35.0285,
            391.5
          ],
          [
            138.7434,
            -35.02825,
            392.9
          ],
          [
            138.74347,
            -35.02805,
            394.2
          ],
          [
            138.74355,
            -35.02785,
            397.3
          ],
          [
            138.74353,
            -35.02755,
            402.4
          ],
          [
            138.74353,
            -35.02749,
            403.3
          ],
          [
            138.74352,
            -35.02744,
            404
          ],
          [
            138.7435,
            -35.02739,
            404.6
          ],
          [
            138.74348,
            -35.02736,
            404.9
          ],
          [
            138.74346,
            -35.02734,
            405
          ],
          [
            138.74342,
            -35.02732,
            405.1
          ],
          [
            138.74336,
            -35.0273,
            405
          ],
          [
            138.7433,
            -35.02729,
            404.8
          ],
          [
            138.74323,
            -35.02728,
            404.8
          ],
          [
            138.74318,
            -35.02729,
            404.9
          ],
          [
            138.74313,
            -35.0273,
            405.1
          ],
          [
            138.74306,
            -35.02732,
            405.2
          ],
          [
            138.74305,
            -35.02732,
            405.2
          ],
          [
            138.743,
            -35.02734,
            405.2
          ],
          [
            138.74285,
            -35.02745,
            404.2
          ],
          [
            138.7426,
            -35.02765,
            401.9
          ],
          [
            138.74235,
            -35.02785,
            397.8
          ],
          [
            138.74198,
            -35.02814,
            394
          ],
          [
            138.74171,
            -35.02829,
            394
          ],
          [
            138.74157,
            -35.02834,
            393.8
          ],
          [
            138.74134,
            -35.02841,
            393.3
          ],
          [
            138.74122,
            -35.02841,
            393.3
          ],
          [
            138.74116,
            -35.0284,
            393.4
          ],
          [
            138.74108,
            -35.02838,
            393.5
          ],
          [
            138.74101,
            -35.02836,
            393.7
          ],
          [
            138.74094,
            -35.02833,
            394.3
          ],
          [
            138.74088,
            -35.02829,
            395.1
          ],
          [
            138.74087,
            -35.02829,
            395.2
          ],
          [
            138.74082,
            -35.02825,
            395.8
          ],
          [
            138.74079,
            -35.02821,
            396.2
          ],
          [
            138.74076,
            -35.02817,
            396.5
          ],
          [
            138.74074,
            -35.02812,
            396.9
          ],
          [
            138.74072,
            -35.02805,
            397.4
          ],
          [
            138.74071,
            -35.02799,
            397.7
          ],
          [
            138.74071,
            -35.0279,
            398.3
          ],
          [
            138.74072,
            -35.02783,
            399.4
          ],
          [
            138.74073,
            -35.02775,
            400.6
          ],
          [
            138.74076,
            -35.02761,
            402
          ],
          [
            138.7408,
            -35.027365,
            402.9
          ],
          [
            138.74084,
            -35.02712,
            401.5
          ],
          [
            138.74089,
            -35.0269,
            401.5
          ],
          [
            138.74093,
            -35.02675,
            401.9
          ],
          [
            138.74093,
            -35.02662,
            401
          ],
          [
            138.74094,
            -35.02644,
            400.4
          ],
          [
            138.74092,
            -35.02619,
            399
          ],
          [
            138.74052,
            -35.02615,
            396.7
          ],
          [
            138.7403,
            -35.02613,
            394.7
          ],
          [
            138.7402,
            -35.02612,
            393.8
          ],
          [
            138.74009,
            -35.0261,
            392.8
          ],
          [
            138.73999,
            -35.02608,
            392
          ],
          [
            138.73988,
            -35.02605,
            392.5
          ],
          [
            138.73965,
            -35.02598,
            395.3
          ],
          [
            138.73951,
            -35.02595,
            398.3
          ],
          [
            138.73946,
            -35.02594,
            399.3
          ],
          [
            138.73936,
            -35.02591,
            400.1
          ],
          [
            138.73907,
            -35.02587,
            401.6
          ],
          [
            138.73903,
            -35.02587,
            401.8
          ],
          [
            138.73889,
            -35.02586,
            401.6
          ],
          [
            138.73867,
            -35.02588,
            400.9
          ],
          [
            138.73845,
            -35.0259,
            399
          ],
          [
            138.73827,
            -35.02595,
            397.2
          ],
          [
            138.73811,
            -35.02605,
            397
          ],
          [
            138.73788,
            -35.02626,
            398.6
          ],
          [
            138.73782,
            -35.02656,
            401.3
          ],
          [
            138.73776,
            -35.02673,
            401.8
          ],
          [
            138.73763,
            -35.02694,
            403.5
          ],
          [
            138.73752,
            -35.02711,
            404.4
          ],
          [
            138.73742,
            -35.0273,
            405.7
          ],
          [
            138.73735,
            -35.02739,
            406.2
          ],
          [
            138.73725,
            -35.02763,
            409.2
          ],
          [
            138.73715,
            -35.02799,
            409.2
          ],
          [
            138.73714,
            -35.0283,
            409
          ],
          [
            138.73715,
            -35.02836,
            409
          ],
          [
            138.73717,
            -35.02862,
            411.7
          ],
          [
            138.73719,
            -35.02888,
            418.2
          ],
          [
            138.73723,
            -35.02926,
            421.7
          ],
          [
            138.73715,
            -35.02946,
            422.1
          ],
          [
            138.73711,
            -35.02958,
            422.6
          ],
          [
            138.73696,
            -35.02975,
            422.5
          ],
          [
            138.73686,
            -35.02985,
            422.3
          ],
          [
            138.73668,
            -35.02997,
            420.9
          ],
          [
            138.73654,
            -35.03005,
            419.2
          ],
          [
            138.73637,
            -35.03013,
            417.8
          ],
          [
            138.73621,
            -35.03026,
            417.8
          ],
          [
            138.73615,
            -35.03033,
            418.2
          ],
          [
            138.73612,
            -35.03036,
            418.4
          ],
          [
            138.73607,
            -35.03044,
            419.5
          ],
          [
            138.73596,
            -35.03066,
            422
          ],
          [
            138.73586,
            -35.03082,
            422.9
          ],
          [
            138.73579,
            -35.03091,
            423.7
          ],
          [
            138.73574,
            -35.03096,
            424.5
          ],
          [
            138.73572,
            -35.03097,
            424.7
          ],
          [
            138.73565,
            -35.03102,
            425.4
          ],
          [
            138.73547,
            -35.03108,
            426.1
          ],
          [
            138.73538,
            -35.03109,
            425.7
          ],
          [
            138.73526,
            -35.03111,
            425.3
          ],
          [
            138.73517,
            -35.03112,
            424.9
          ],
          [
            138.73506,
            -35.03112,
            424.3
          ],
          [
            138.73486,
            -35.03111,
            424
          ],
          [
            138.73469,
            -35.0311,
            424
          ],
          [
            138.73458,
            -35.03109,
            424.3
          ],
          [
            138.73445,
            -35.03111,
            424.8
          ]
        ]
      }
    },
    {
      "type": "Feature",
      "id": "manoah",
      "properties": {
        "featureId": "manoah",
        "stageCodes": [
          "SS30"
        ],
        "name": "Manoah",
        "day": 3,
        "sourceMid": "1G00Y3xegPVNWTDaunvk_IWY_Kec0lLQ",
        "termini": [
          {
            "name": "71 Sturt Valley Rd, Stirling SA 5152, Australia",
            "coordinate": [
              138.701,
              -35.012727
            ]
          },
          {
            "name": "2 Elmstead Dr, Upper Sturt SA 5156, Australia",
            "coordinate": [
              138.679909,
              -35.023973
            ]
          }
        ]
      },
      "geometry": {
        "type": "LineString",
        "coordinates": [
          [
            138.701,
            -35.01273,
            451.8
          ],
          [
            138.70093,
            -35.01283,
            451.2
          ],
          [
            138.70087,
            -35.01297,
            453.2
          ],
          [
            138.70084,
            -35.01304,
            454.4
          ],
          [
            138.70083,
            -35.01306,
            454.7
          ],
          [
            138.7008,
            -35.01312,
            455.7
          ],
          [
            138.70077,
            -35.01316,
            455.8
          ],
          [
            138.70072,
            -35.01322,
            455.5
          ],
          [
            138.70061,
            -35.01334,
            453.7
          ],
          [
            138.70045,
            -35.01349,
            448.9
          ],
          [
            138.70034,
            -35.0136,
            447.7
          ],
          [
            138.70031,
            -35.01364,
            447.9
          ],
          [
            138.70027,
            -35.01368,
            447.9
          ],
          [
            138.70022,
            -35.01375,
            448.2
          ],
          [
            138.70008,
            -35.01401,
            451.9
          ],
          [
            138.70004,
            -35.01407,
            452.5
          ],
          [
            138.69998,
            -35.01416,
            453.4
          ],
          [
            138.69986,
            -35.01429,
            453
          ],
          [
            138.69974,
            -35.01443,
            452.5
          ],
          [
            138.69961,
            -35.01456,
            450.1
          ],
          [
            138.69948,
            -35.01469,
            446.8
          ],
          [
            138.69922,
            -35.01497,
            447.2
          ],
          [
            138.69908,
            -35.01511,
            449.1
          ],
          [
            138.69907,
            -35.01511,
            448.8
          ],
          [
            138.69905,
            -35.01513,
            448.9
          ],
          [
            138.69901,
            -35.01516,
            448.6
          ],
          [
            138.69893,
            -35.01521,
            447.3
          ],
          [
            138.69886,
            -35.01525,
            446
          ],
          [
            138.69875,
            -35.01532,
            444.4
          ],
          [
            138.69862,
            -35.01541,
            442.8
          ],
          [
            138.69857,
            -35.01545,
            442.9
          ],
          [
            138.69853,
            -35.0155,
            443.2
          ],
          [
            138.69851,
            -35.01555,
            443.5
          ],
          [
            138.69849,
            -35.01557,
            443.3
          ],
          [
            138.69849,
            -35.01563,
            443.8
          ],
          [
            138.6985,
            -35.01567,
            444.3
          ],
          [
            138.6985,
            -35.01571,
            444.3
          ],
          [
            138.69851,
            -35.01575,
            444.5
          ],
          [
            138.69852,
            -35.01579,
            444.8
          ],
          [
            138.69852,
            -35.0158,
            444.7
          ],
          [
            138.69852,
            -35.01581,
            444.7
          ],
          [
            138.69852,
            -35.01583,
            444.5
          ],
          [
            138.69852,
            -35.01587,
            444.3
          ],
          [
            138.69852,
            -35.01592,
            443.9
          ],
          [
            138.69851,
            -35.01598,
            443.2
          ],
          [
            138.69851,
            -35.016,
            443.1
          ],
          [
            138.6985,
            -35.01604,
            442.6
          ],
          [
            138.69848,
            -35.0163,
            440.4
          ],
          [
            138.69848,
            -35.01639,
            438.6
          ],
          [
            138.69849,
            -35.0165,
            435.6
          ],
          [
            138.69853,
            -35.01665,
            430.2
          ],
          [
            138.69858,
            -35.01678,
            426.6
          ],
          [
            138.69864,
            -35.01687,
            425.5
          ],
          [
            138.6987,
            -35.01695,
            424.4
          ],
          [
            138.69887,
            -35.01713,
            421.1
          ],
          [
            138.69896,
            -35.01723,
            419.1
          ],
          [
            138.69899,
            -35.0173,
            416.8
          ],
          [
            138.69902,
            -35.01736,
            415
          ],
          [
            138.69903,
            -35.01744,
            413.4
          ],
          [
            138.69903,
            -35.01748,
            412.5
          ],
          [
            138.69902,
            -35.0175,
            412
          ],
          [
            138.69902,
            -35.01753,
            411.3
          ],
          [
            138.699,
            -35.0176,
            409.4
          ],
          [
            138.69895,
            -35.01767,
            407.3
          ],
          [
            138.69875,
            -35.01792,
            400.8
          ],
          [
            138.69873,
            -35.01794,
            400.6
          ],
          [
            138.69872,
            -35.01795,
            400.5
          ],
          [
            138.69869,
            -35.01799,
            400.1
          ],
          [
            138.69864,
            -35.01806,
            399.4
          ],
          [
            138.69862,
            -35.0181,
            399.4
          ],
          [
            138.69858,
            -35.01818,
            400.2
          ],
          [
            138.69852,
            -35.01827,
            402.3
          ],
          [
            138.69849,
            -35.0183,
            403.1
          ],
          [
            138.69845,
            -35.01833,
            404
          ],
          [
            138.69841,
            -35.01837,
            405.1
          ],
          [
            138.69835,
            -35.0184,
            406.1
          ],
          [
            138.69816,
            -35.01852,
            409.4
          ],
          [
            138.69795,
            -35.01868,
            412
          ],
          [
            138.69763,
            -35.01887,
            412.2
          ],
          [
            138.69738,
            -35.01897,
            410.2
          ],
          [
            138.69732,
            -35.019,
            409.7
          ],
          [
            138.69716,
            -35.01907,
            408.8
          ],
          [
            138.69715,
            -35.01907,
            408.7
          ],
          [
            138.69696,
            -35.01919,
            408.6
          ],
          [
            138.69686,
            -35.01926,
            409.1
          ],
          [
            138.69677,
            -35.01933,
            409.3
          ],
          [
            138.69661,
            -35.01948,
            407.7
          ],
          [
            138.69641,
            -35.01972,
            406.3
          ],
          [
            138.69631,
            -35.01984,
            405.4
          ],
          [
            138.69614,
            -35.02005,
            405
          ],
          [
            138.69593,
            -35.0203,
            400.4
          ],
          [
            138.69588,
            -35.02039,
            398.6
          ],
          [
            138.69587,
            -35.02044,
            398
          ],
          [
            138.69586,
            -35.02049,
            397.1
          ],
          [
            138.69586,
            -35.0205,
            396.9
          ],
          [
            138.69585,
            -35.02051,
            396.6
          ],
          [
            138.69586,
            -35.02052,
            396.6
          ],
          [
            138.69586,
            -35.02053,
            396.5
          ],
          [
            138.69586,
            -35.02054,
            396.3
          ],
          [
            138.69586,
            -35.02056,
            396
          ],
          [
            138.69586,
            -35.02057,
            395.9
          ],
          [
            138.69587,
            -35.02059,
            395.7
          ],
          [
            138.69589,
            -35.02062,
            395.4
          ],
          [
            138.69594,
            -35.02067,
            395.6
          ],
          [
            138.69613,
            -35.02084,
            398.5
          ],
          [
            138.69626,
            -35.02096,
            398
          ],
          [
            138.69634,
            -35.02104,
            397.5
          ],
          [
            138.69635,
            -35.02107,
            397.1
          ],
          [
            138.69637,
            -35.02109,
            396.9
          ],
          [
            138.69637,
            -35.02112,
            396.3
          ],
          [
            138.69637,
            -35.02115,
            395.9
          ],
          [
            138.69636,
            -35.02117,
            395.9
          ],
          [
            138.69635,
            -35.02119,
            395.8
          ],
          [
            138.69634,
            -35.0212,
            395.7
          ],
          [
            138.69634,
            -35.02122,
            395.7
          ],
          [
            138.69633,
            -35.02124,
            395.7
          ],
          [
            138.69632,
            -35.02125,
            395.6
          ],
          [
            138.6963,
            -35.02126,
            395.5
          ],
          [
            138.69628,
            -35.02128,
            395.4
          ],
          [
            138.69615,
            -35.02134,
            396
          ],
          [
            138.695815,
            -35.021345,
            397.1
          ],
          [
            138.69548,
            -35.02135,
            398.6
          ],
          [
            138.69522,
            -35.02135,
            399.4
          ],
          [
            138.69507,
            -35.02136,
            400.3
          ],
          [
            138.69496,
            -35.02138,
            401.1
          ],
          [
            138.6949,
            -35.0214,
            401.5
          ],
          [
            138.69482,
            -35.02145,
            402.2
          ],
          [
            138.69467,
            -35.02156,
            402
          ],
          [
            138.69456,
            -35.02162,
            401.6
          ],
          [
            138.69442,
            -35.02168,
            401.9
          ],
          [
            138.69412,
            -35.02179,
            399.7
          ],
          [
            138.69403,
            -35.02185,
            399
          ],
          [
            138.69388,
            -35.02196,
            398.5
          ],
          [
            138.69377,
            -35.02204,
            398.7
          ],
          [
            138.69364,
            -35.02212,
            398.9
          ],
          [
            138.69348,
            -35.02221,
            400.8
          ],
          [
            138.69347,
            -35.02221,
            400.8
          ],
          [
            138.69346,
            -35.02221,
            400.9
          ],
          [
            138.69333,
            -35.02227,
            402.9
          ],
          [
            138.69326,
            -35.02231,
            403.2
          ],
          [
            138.69287,
            -35.02249,
            399.5
          ],
          [
            138.69274,
            -35.02255,
            397.1
          ],
          [
            138.69265,
            -35.0226,
            395.4
          ],
          [
            138.69259,
            -35.02265,
            394.3
          ],
          [
            138.6925,
            -35.02273,
            392.9
          ],
          [
            138.69243,
            -35.02283,
            391.9
          ],
          [
            138.69235,
            -35.02299,
            392.8
          ],
          [
            138.69229,
            -35.0232,
            394
          ],
          [
            138.69225,
            -35.02329,
            394.1
          ],
          [
            138.69223,
            -35.02334,
            394.2
          ],
          [
            138.69215,
            -35.02344,
            393.9
          ],
          [
            138.69194,
            -35.02362,
            392.5
          ],
          [
            138.69181,
            -35.02373,
            392.2
          ],
          [
            138.69157,
            -35.023935,
            391.6
          ],
          [
            138.69133,
            -35.02414,
            389.2
          ],
          [
            138.69126,
            -35.02419,
            388.7
          ],
          [
            138.69107,
            -35.02432,
            388.3
          ],
          [
            138.69077,
            -35.0245,
            389.1
          ],
          [
            138.6905,
            -35.02466,
            389
          ],
          [
            138.69027,
            -35.02481,
            387.3
          ],
          [
            138.69008,
            -35.02491,
            385.6
          ],
          [
            138.68991,
            -35.025,
            383
          ],
          [
            138.68977,
            -35.02505,
            380.7
          ],
          [
            138.68952,
            -35.02513,
            378.6
          ],
          [
            138.68937,
            -35.02517,
            378.6
          ],
          [
            138.68932,
            -35.02517,
            378.7
          ],
          [
            138.68915,
            -35.02507,
            380
          ],
          [
            138.68909,
            -35.02504,
            380.3
          ],
          [
            138.68884,
            -35.02494,
            380
          ],
          [
            138.68855,
            -35.02484,
            377.4
          ],
          [
            138.68853,
            -35.02484,
            377.2
          ],
          [
            138.68843,
            -35.0248,
            376.7
          ],
          [
            138.68838,
            -35.02479,
            376.4
          ],
          [
            138.68834,
            -35.02478,
            376.2
          ],
          [
            138.68827,
            -35.02477,
            376.4
          ],
          [
            138.68818,
            -35.02476,
            377
          ],
          [
            138.68814,
            -35.02476,
            377.3
          ],
          [
            138.68807,
            -35.02476,
            378.2
          ],
          [
            138.68797,
            -35.02476,
            379.5
          ],
          [
            138.6879,
            -35.02476,
            380.4
          ],
          [
            138.68776,
            -35.02476,
            381.5
          ],
          [
            138.68769,
            -35.02474,
            381.8
          ],
          [
            138.68763,
            -35.02471,
            382.2
          ],
          [
            138.6876,
            -35.02469,
            382.6
          ],
          [
            138.68754,
            -35.02464,
            383.7
          ],
          [
            138.68733,
            -35.02441,
            388.2
          ],
          [
            138.68706,
            -35.024057,
            395.1
          ],
          [
            138.68679,
            -35.023703,
            400.1
          ],
          [
            138.68652,
            -35.02335,
            404.5
          ],
          [
            138.6864,
            -35.02319,
            407.8
          ],
          [
            138.68631,
            -35.0231,
            409.4
          ],
          [
            138.6862,
            -35.02297,
            409.7
          ],
          [
            138.68612,
            -35.02291,
            410.2
          ],
          [
            138.68604,
            -35.02285,
            411
          ],
          [
            138.68595,
            -35.02282,
            412.4
          ],
          [
            138.68594,
            -35.02284,
            412.7
          ],
          [
            138.68592,
            -35.02287,
            413.5
          ],
          [
            138.68591,
            -35.02289,
            414
          ],
          [
            138.68591,
            -35.0229,
            414.1
          ],
          [
            138.68591,
            -35.02292,
            414.4
          ],
          [
            138.68591,
            -35.02294,
            414.7
          ],
          [
            138.68592,
            -35.02296,
            414.7
          ],
          [
            138.68594,
            -35.02299,
            414.6
          ],
          [
            138.68607,
            -35.02313,
            413.4
          ],
          [
            138.68611,
            -35.02319,
            413.1
          ],
          [
            138.68614,
            -35.02325,
            412.7
          ],
          [
            138.68619,
            -35.02342,
            409.9
          ],
          [
            138.68621,
            -35.02351,
            409.1
          ],
          [
            138.68623,
            -35.02363,
            410
          ],
          [
            138.68624,
            -35.02383,
            413.4
          ],
          [
            138.68625,
            -35.02384,
            413.1
          ],
          [
            138.68624,
            -35.02394,
            413.4
          ],
          [
            138.68623,
            -35.02398,
            413.4
          ],
          [
            138.68619,
            -35.02408,
            413.6
          ],
          [
            138.68614,
            -35.02416,
            414.2
          ],
          [
            138.68614,
            -35.02418,
            414.1
          ],
          [
            138.6861,
            -35.02423,
            414.7
          ],
          [
            138.68601,
            -35.02432,
            415.7
          ],
          [
            138.68598,
            -35.02436,
            415.9
          ],
          [
            138.68581,
            -35.02448,
            417.4
          ],
          [
            138.68565,
            -35.0246,
            418.7
          ],
          [
            138.68552,
            -35.02469,
            418.8
          ],
          [
            138.68536,
            -35.02479,
            418.3
          ],
          [
            138.68517,
            -35.02487,
            417.7
          ],
          [
            138.68502,
            -35.02491,
            418
          ],
          [
            138.68496,
            -35.02492,
            418.4
          ],
          [
            138.68481,
            -35.02493,
            420
          ],
          [
            138.68474,
            -35.02493,
            420.8
          ],
          [
            138.68467,
            -35.02492,
            421.2
          ],
          [
            138.68463,
            -35.02489,
            421.5
          ],
          [
            138.68461,
            -35.02488,
            421.6
          ],
          [
            138.68458,
            -35.02487,
            421.6
          ],
          [
            138.68456,
            -35.02485,
            421.7
          ],
          [
            138.68455,
            -35.02483,
            421.8
          ],
          [
            138.68454,
            -35.0248,
            422
          ],
          [
            138.68453,
            -35.02478,
            421.9
          ],
          [
            138.68451,
            -35.02473,
            421.7
          ],
          [
            138.6845,
            -35.02459,
            421.6
          ],
          [
            138.68451,
            -35.02434,
            423.7
          ],
          [
            138.6845,
            -35.02423,
            426.1
          ],
          [
            138.68448,
            -35.02418,
            427
          ],
          [
            138.68447,
            -35.02417,
            427.2
          ],
          [
            138.68447,
            -35.02416,
            427.3
          ],
          [
            138.68446,
            -35.02415,
            427.5
          ],
          [
            138.68445,
            -35.02414,
            427.6
          ],
          [
            138.68443,
            -35.02412,
            427.9
          ],
          [
            138.6844,
            -35.02409,
            428.2
          ],
          [
            138.68436,
            -35.02408,
            428
          ],
          [
            138.6843,
            -35.02404,
            427
          ],
          [
            138.68411,
            -35.02399,
            422.3
          ],
          [
            138.68407,
            -35.02398,
            421.3
          ],
          [
            138.68402,
            -35.02396,
            419.9
          ],
          [
            138.68397,
            -35.02395,
            418.4
          ],
          [
            138.68389,
            -35.02391,
            416.4
          ],
          [
            138.6838,
            -35.02384,
            415.2
          ],
          [
            138.68361,
            -35.02363,
            417.9
          ],
          [
            138.68357,
            -35.02358,
            418.7
          ],
          [
            138.68352,
            -35.02352,
            419.3
          ],
          [
            138.68345,
            -35.02336,
            421
          ],
          [
            138.68339,
            -35.02322,
            421.8
          ],
          [
            138.6833,
            -35.02298,
            422.5
          ],
          [
            138.6833,
            -35.02296,
            422.8
          ],
          [
            138.68324,
            -35.02283,
            425.8
          ],
          [
            138.68323,
            -35.02282,
            425.9
          ],
          [
            138.68322,
            -35.0228,
            426.4
          ],
          [
            138.68319,
            -35.02276,
            427.2
          ],
          [
            138.68318,
            -35.02275,
            427.4
          ],
          [
            138.68317,
            -35.02274,
            427.5
          ],
          [
            138.68316,
            -35.02273,
            427.8
          ],
          [
            138.68315,
            -35.02272,
            428.1
          ],
          [
            138.68311,
            -35.02269,
            428.9
          ],
          [
            138.6831,
            -35.02268,
            429.2
          ],
          [
            138.68309,
            -35.02268,
            429.2
          ],
          [
            138.68307,
            -35.02268,
            429.2
          ],
          [
            138.68305,
            -35.02268,
            429.2
          ],
          [
            138.68303,
            -35.02268,
            429.2
          ],
          [
            138.68302,
            -35.02268,
            429.1
          ],
          [
            138.683,
            -35.02268,
            429.1
          ],
          [
            138.68297,
            -35.02269,
            428.8
          ],
          [
            138.68294,
            -35.02271,
            428.1
          ],
          [
            138.68292,
            -35.02273,
            427.6
          ],
          [
            138.6829,
            -35.02275,
            427.1
          ],
          [
            138.68288,
            -35.0228,
            426.2
          ],
          [
            138.68287,
            -35.02284,
            425.4
          ],
          [
            138.68284,
            -35.02292,
            423.9
          ],
          [
            138.68279,
            -35.02309,
            422
          ],
          [
            138.68273,
            -35.02327,
            421.1
          ],
          [
            138.6827,
            -35.02344,
            421.2
          ],
          [
            138.68269,
            -35.02349,
            421.3
          ],
          [
            138.68266,
            -35.0236,
            421.4
          ],
          [
            138.68264,
            -35.02364,
            421.4
          ],
          [
            138.68262,
            -35.02367,
            421.6
          ],
          [
            138.68262,
            -35.02368,
            421.5
          ],
          [
            138.6826,
            -35.02369,
            421.7
          ],
          [
            138.68259,
            -35.02371,
            421.7
          ],
          [
            138.68256,
            -35.02372,
            422.1
          ],
          [
            138.68252,
            -35.02373,
            422.6
          ],
          [
            138.6825,
            -35.02374,
            422.7
          ],
          [
            138.68248,
            -35.02374,
            423
          ],
          [
            138.68247,
            -35.02374,
            423.1
          ],
          [
            138.68244,
            -35.02374,
            423.5
          ],
          [
            138.68239,
            -35.02373,
            424.2
          ],
          [
            138.68231,
            -35.02368,
            425.8
          ],
          [
            138.68215,
            -35.02358,
            427.2
          ],
          [
            138.68208,
            -35.02355,
            428.3
          ],
          [
            138.68199,
            -35.02351,
            430.1
          ],
          [
            138.68196,
            -35.0235,
            430.6
          ],
          [
            138.68192,
            -35.02349,
            430.9
          ],
          [
            138.68188,
            -35.02349,
            431
          ],
          [
            138.68182,
            -35.02349,
            431.1
          ],
          [
            138.68175,
            -35.0235,
            431.1
          ],
          [
            138.68159,
            -35.02353,
            431.2
          ],
          [
            138.68144,
            -35.02356,
            431.3
          ],
          [
            138.6813,
            -35.02359,
            431.7
          ],
          [
            138.68129,
            -35.0236,
            431.4
          ],
          [
            138.68121,
            -35.02362,
            432.1
          ],
          [
            138.68115,
            -35.02365,
            432.5
          ],
          [
            138.6811,
            -35.02368,
            432.7
          ],
          [
            138.68101,
            -35.02376,
            430.9
          ],
          [
            138.68094,
            -35.02381,
            430
          ],
          [
            138.6809,
            -35.02384,
            429.2
          ],
          [
            138.6808,
            -35.02391,
            427.8
          ],
          [
            138.68078,
            -35.02393,
            427.4
          ],
          [
            138.68076,
            -35.02394,
            427.4
          ],
          [
            138.68073,
            -35.02395,
            427.4
          ],
          [
            138.68068,
            -35.02397,
            427.5
          ],
          [
            138.68053,
            -35.02401,
            427.9
          ],
          [
            138.68038,
            -35.02402,
            428.8
          ],
          [
            138.68036,
            -35.02402,
            428.9
          ],
          [
            138.68033,
            -35.02402,
            429.1
          ],
          [
            138.67996,
            -35.02398,
            429.4
          ],
          [
            138.67991,
            -35.02397,
            428.9
          ]
        ]
      }
    }
  ]
}
