{
  "type": "FeatureCollection",
  "features": [
    {
      "type": "Feature",
      "id": "hermitage",
      "properties": {
        "featureId": "hermitage",
        "stageCodes": [
          "SS12"
        ],
        "name": "Hermitage",
        "day": 2,
        "sourceMid": "1xpCx2cH8NgllswJUHqF5qYiHQx8LYPg",
        "termini": [
          {
            "name": "463 Range Rd N, Upper Hermitage SA 5131, Australia",
            "coordinate": [
              138.758735,
              -34.786697
            ]
          },
          {
            "name": "516 One Tree Hill Rd, Gould Creek SA 5114, Australia",
            "coordinate": [
              138.769293,
              -34.757534
            ]
          }
        ]
      },
      "geometry": {
        "type": "LineString",
        "coordinates": [
          [
            138.75874,
            -34.7867,
            371.2
          ],
          [
            138.75873,
            -34.78668,
            371
          ],
          [
            138.75872,
            -34.78656,
            370
          ],
          [
            138.75872,
            -34.78613,
            369
          ],
          [
            138.75868,
            -34.78576,
            364.8
          ],
          [
            138.75867,
            -34.78564,
            362.3
          ],
          [
            138.75868,
            -34.78555,
            360.9
          ],
          [
            138.7587,
            -34.78549,
            360.3
          ],
          [
            138.75872,
            -34.78547,
            360.4
          ],
          [
            138.7588,
            -34.78533,
            360.2
          ],
          [
            138.75892,
            -34.78516,
            359.1
          ],
          [
            138.75904,
            -34.78502,
            357.4
          ],
          [
            138.75917,
            -34.78488,
            355.2
          ],
          [
            138.75922,
            -34.78485,
            354.8
          ],
          [
            138.75924,
            -34.78483,
            354.3
          ],
          [
            138.75925,
            -34.78482,
            354.1
          ],
          [
            138.75926,
            -34.78481,
            353.9
          ],
          [
            138.75927,
            -34.7848,
            353.7
          ],
          [
            138.75927,
            -34.78478,
            353.3
          ],
          [
            138.75927,
            -34.78476,
            352.9
          ],
          [
            138.75927,
            -34.78475,
            352.8
          ],
          [
            138.75927,
            -34.78473,
            352.5
          ],
          [
            138.75927,
            -34.78472,
            352.4
          ],
          [
            138.75926,
            -34.7847,
            352.1
          ],
          [
            138.75925,
            -34.78469,
            351.9
          ],
          [
            138.75923,
            -34.78468,
            351.8
          ],
          [
            138.75922,
            -34.78468,
            351.8
          ],
          [
            138.7592,
            -34.78468,
            351.7
          ],
          [
            138.75917,
            -34.78468,
            351.4
          ],
          [
            138.75915,
            -34.78469,
            351.4
          ],
          [
            138.75913,
            -34.78469,
            351.2
          ],
          [
            138.7591,
            -34.78471,
            351.3
          ],
          [
            138.75907,
            -34.78472,
            351.3
          ],
          [
            138.75901,
            -34.78476,
            351.3
          ],
          [
            138.75878,
            -34.7849,
            351.2
          ],
          [
            138.758535,
            -34.78502,
            350.2
          ],
          [
            138.75829,
            -34.78514,
            349.3
          ],
          [
            138.75793,
            -34.78531,
            344.8
          ],
          [
            138.75789,
            -34.78532,
            344.1
          ],
          [
            138.75786,
            -34.78533,
            343.5
          ],
          [
            138.75782,
            -34.78534,
            342.8
          ],
          [
            138.75778,
            -34.78535,
            342.3
          ],
          [
            138.75771,
            -34.78536,
            341.2
          ],
          [
            138.75765,
            -34.78536,
            340.2
          ],
          [
            138.75753,
            -34.78534,
            338.5
          ],
          [
            138.75736,
            -34.78529,
            336.7
          ],
          [
            138.75711,
            -34.78518,
            334.9
          ],
          [
            138.75709,
            -34.78517,
            334.8
          ],
          [
            138.75675,
            -34.78502,
            333.1
          ],
          [
            138.7565,
            -34.78491,
            330.2
          ],
          [
            138.75631,
            -34.78483,
            329.6
          ],
          [
            138.75619,
            -34.7848,
            329.3
          ],
          [
            138.75611,
            -34.78477,
            329.1
          ],
          [
            138.75606,
            -34.78476,
            329.4
          ],
          [
            138.7559,
            -34.78472,
            330.1
          ],
          [
            138.75573,
            -34.78468,
            330.3
          ],
          [
            138.755395,
            -34.784605,
            328.9
          ],
          [
            138.75506,
            -34.78453,
            326.3
          ],
          [
            138.75463,
            -34.78444,
            322.2
          ],
          [
            138.75428,
            -34.78436,
            320.9
          ],
          [
            138.75403,
            -34.7843,
            319.5
          ],
          [
            138.75391,
            -34.78425,
            318.5
          ],
          [
            138.75382,
            -34.78419,
            317.2
          ],
          [
            138.75391,
            -34.78411,
            318.1
          ],
          [
            138.75411,
            -34.7839,
            318.3
          ],
          [
            138.7543,
            -34.78368,
            319
          ],
          [
            138.75449,
            -34.78346,
            319.1
          ],
          [
            138.75461,
            -34.78327,
            318.9
          ],
          [
            138.75466,
            -34.78319,
            319.1
          ],
          [
            138.75468,
            -34.78317,
            319.1
          ],
          [
            138.7547,
            -34.78313,
            319.2
          ],
          [
            138.75471,
            -34.78311,
            319.2
          ],
          [
            138.75472,
            -34.78308,
            319.2
          ],
          [
            138.75472,
            -34.78305,
            319
          ],
          [
            138.75473,
            -34.78302,
            318.7
          ],
          [
            138.75473,
            -34.783,
            318.6
          ],
          [
            138.75473,
            -34.78297,
            318.4
          ],
          [
            138.75474,
            -34.78293,
            318
          ],
          [
            138.75471,
            -34.7826,
            315.9
          ],
          [
            138.7547,
            -34.78241,
            315.3
          ],
          [
            138.75468,
            -34.78212,
            315.9
          ],
          [
            138.75467,
            -34.78193,
            314.8
          ],
          [
            138.75467,
            -34.78185,
            314
          ],
          [
            138.75467,
            -34.78176,
            313.2
          ],
          [
            138.75467,
            -34.78158,
            312.2
          ],
          [
            138.75467,
            -34.78151,
            312
          ],
          [
            138.754675,
            -34.781185,
            313.4
          ],
          [
            138.75468,
            -34.78086,
            314.6
          ],
          [
            138.75468,
            -34.78072,
            313.9
          ],
          [
            138.75469,
            -34.78065,
            313.7
          ],
          [
            138.7547,
            -34.78059,
            313.7
          ],
          [
            138.75473,
            -34.78046,
            313.9
          ],
          [
            138.75474,
            -34.7804,
            313.9
          ],
          [
            138.75477,
            -34.78025,
            315
          ],
          [
            138.7548,
            -34.78014,
            315
          ],
          [
            138.75481,
            -34.78007,
            314.7
          ],
          [
            138.75484,
            -34.77998,
            314.1
          ],
          [
            138.75491,
            -34.77983,
            313
          ],
          [
            138.75494,
            -34.77977,
            312.6
          ],
          [
            138.75496,
            -34.77972,
            312.2
          ],
          [
            138.75499,
            -34.77968,
            311.9
          ],
          [
            138.75504,
            -34.7796,
            311.4
          ],
          [
            138.75512,
            -34.77947,
            311.1
          ],
          [
            138.75514,
            -34.77944,
            311.2
          ],
          [
            138.75524,
            -34.77929,
            312.7
          ],
          [
            138.75529,
            -34.77919,
            312.4
          ],
          [
            138.755525,
            -34.77887,
            309.7
          ],
          [
            138.75576,
            -34.77855,
            306.9
          ],
          [
            138.75588,
            -34.77839,
            308.5
          ],
          [
            138.75598,
            -34.77823,
            311.7
          ],
          [
            138.75606,
            -34.77806,
            313.3
          ],
          [
            138.75609,
            -34.77796,
            313.4
          ],
          [
            138.75613,
            -34.77779,
            313
          ],
          [
            138.756185,
            -34.77755,
            313.3
          ],
          [
            138.75624,
            -34.77731,
            315.2
          ],
          [
            138.75628,
            -34.77711,
            316
          ],
          [
            138.75629,
            -34.7769,
            315.2
          ],
          [
            138.75626,
            -34.77669,
            313.8
          ],
          [
            138.75624,
            -34.77661,
            313.7
          ],
          [
            138.75617,
            -34.77643,
            314.4
          ],
          [
            138.75608,
            -34.77625,
            315.4
          ],
          [
            138.756,
            -34.77612,
            316
          ],
          [
            138.75588,
            -34.77595,
            315.3
          ],
          [
            138.75583,
            -34.77588,
            315
          ],
          [
            138.75573,
            -34.77579,
            314
          ],
          [
            138.75564,
            -34.77573,
            313.1
          ],
          [
            138.75561,
            -34.77571,
            312.8
          ],
          [
            138.75556,
            -34.77567,
            311.9
          ],
          [
            138.75523,
            -34.77554,
            309
          ],
          [
            138.7552,
            -34.77553,
            309
          ],
          [
            138.75503,
            -34.77547,
            309
          ],
          [
            138.75492,
            -34.77543,
            308.8
          ],
          [
            138.75483,
            -34.7754,
            308.5
          ],
          [
            138.75442,
            -34.77526,
            308.1
          ],
          [
            138.75432,
            -34.77523,
            308
          ],
          [
            138.75423,
            -34.7752,
            308
          ],
          [
            138.75414,
            -34.77517,
            308
          ],
          [
            138.75376,
            -34.77507,
            305.1
          ],
          [
            138.75358,
            -34.77504,
            305
          ],
          [
            138.753155,
            -34.77497,
            304.1
          ],
          [
            138.75273,
            -34.7749,
            305.7
          ],
          [
            138.75226,
            -34.77479,
            307.4
          ],
          [
            138.75197,
            -34.77472,
            307
          ],
          [
            138.75187,
            -34.7747,
            307
          ],
          [
            138.75182,
            -34.77467,
            307.1
          ],
          [
            138.75177,
            -34.77464,
            307.4
          ],
          [
            138.75173,
            -34.77462,
            307.6
          ],
          [
            138.75169,
            -34.7746,
            307.7
          ],
          [
            138.75166,
            -34.77457,
            307.7
          ],
          [
            138.75163,
            -34.77454,
            307.6
          ],
          [
            138.75158,
            -34.77449,
            307.5
          ],
          [
            138.75151,
            -34.77436,
            307.1
          ],
          [
            138.75147,
            -34.77427,
            306.2
          ],
          [
            138.75146,
            -34.77416,
            304.9
          ],
          [
            138.75147,
            -34.77403,
            304.1
          ],
          [
            138.7515,
            -34.77387,
            304
          ],
          [
            138.7515,
            -34.77376,
            304
          ],
          [
            138.75149,
            -34.77367,
            304
          ],
          [
            138.75148,
            -34.77363,
            304
          ],
          [
            138.75143,
            -34.77352,
            303.5
          ],
          [
            138.75132,
            -34.77338,
            303.2
          ],
          [
            138.75111,
            -34.773205,
            301.8
          ],
          [
            138.7509,
            -34.77303,
            299.1
          ],
          [
            138.75071,
            -34.77282,
            293.4
          ],
          [
            138.750515,
            -34.77263,
            288.2
          ],
          [
            138.75032,
            -34.77244,
            286.9
          ],
          [
            138.75016,
            -34.77228,
            285.7
          ],
          [
            138.75011,
            -34.77223,
            285.1
          ],
          [
            138.75007,
            -34.77219,
            284.6
          ],
          [
            138.75005,
            -34.77216,
            284.4
          ],
          [
            138.75003,
            -34.77214,
            284.2
          ],
          [
            138.75002,
            -34.77211,
            284.1
          ],
          [
            138.75002,
            -34.77207,
            284
          ],
          [
            138.75,
            -34.77199,
            283.8
          ],
          [
            138.75019,
            -34.77214,
            284.7
          ],
          [
            138.75023,
            -34.77217,
            285.1
          ],
          [
            138.75026,
            -34.77218,
            285.4
          ],
          [
            138.75028,
            -34.77219,
            285.6
          ],
          [
            138.75031,
            -34.7722,
            285.5
          ],
          [
            138.75033,
            -34.7722,
            285.3
          ],
          [
            138.75034,
            -34.77221,
            285.3
          ],
          [
            138.75036,
            -34.77221,
            285
          ],
          [
            138.75039,
            -34.77221,
            284.7
          ],
          [
            138.7504,
            -34.77221,
            284.6
          ],
          [
            138.75043,
            -34.7722,
            284.1
          ],
          [
            138.75045,
            -34.7722,
            283.9
          ],
          [
            138.75047,
            -34.77219,
            283.3
          ],
          [
            138.75052,
            -34.77218,
            282
          ],
          [
            138.75054,
            -34.77217,
            281.4
          ],
          [
            138.75055,
            -34.77216,
            281
          ],
          [
            138.75056,
            -34.77216,
            280.8
          ],
          [
            138.75057,
            -34.77215,
            280.4
          ],
          [
            138.75059,
            -34.77213,
            279.7
          ],
          [
            138.7506,
            -34.77212,
            279.3
          ],
          [
            138.75062,
            -34.77211,
            278.7
          ],
          [
            138.75063,
            -34.7721,
            278.3
          ],
          [
            138.75064,
            -34.77209,
            278
          ],
          [
            138.75065,
            -34.77207,
            277.4
          ],
          [
            138.75067,
            -34.77206,
            276.9
          ],
          [
            138.75068,
            -34.77205,
            276.5
          ],
          [
            138.75069,
            -34.77203,
            276.1
          ],
          [
            138.75088,
            -34.77173,
            269.7
          ],
          [
            138.75103,
            -34.77143,
            263.2
          ],
          [
            138.75117,
            -34.77115,
            260.1
          ],
          [
            138.75124,
            -34.77105,
            259.6
          ],
          [
            138.75131,
            -34.77096,
            259
          ],
          [
            138.75147,
            -34.77079,
            256.3
          ],
          [
            138.75174,
            -34.77058,
            250.1
          ],
          [
            138.75181,
            -34.77051,
            248.8
          ],
          [
            138.75188,
            -34.77043,
            248
          ],
          [
            138.75192,
            -34.77035,
            247.4
          ],
          [
            138.75201,
            -34.7702,
            244.5
          ],
          [
            138.75209,
            -34.76998,
            241.1
          ],
          [
            138.75218,
            -34.76977,
            239.3
          ],
          [
            138.75225,
            -34.76961,
            239
          ],
          [
            138.75237,
            -34.76939,
            235.4
          ],
          [
            138.75251,
            -34.76915,
            232.1
          ],
          [
            138.7526,
            -34.76893,
            228.8
          ],
          [
            138.75262,
            -34.76884,
            227.7
          ],
          [
            138.75265,
            -34.76871,
            226.2
          ],
          [
            138.75269,
            -34.76844,
            225
          ],
          [
            138.75273,
            -34.76819,
            225.8
          ],
          [
            138.75275,
            -34.76792,
            225.4
          ],
          [
            138.75277,
            -34.76777,
            222.4
          ],
          [
            138.75279,
            -34.76763,
            219.3
          ],
          [
            138.7528,
            -34.76759,
            218.2
          ],
          [
            138.75286,
            -34.76737,
            215
          ],
          [
            138.75292,
            -34.76712,
            214
          ],
          [
            138.75298,
            -34.76687,
            212.8
          ],
          [
            138.75303,
            -34.7665,
            212.1
          ],
          [
            138.75303,
            -34.76632,
            211.3
          ],
          [
            138.75303,
            -34.76614,
            206.8
          ],
          [
            138.75304,
            -34.76608,
            205.2
          ],
          [
            138.75305,
            -34.76601,
            203.5
          ],
          [
            138.75306,
            -34.76596,
            202.8
          ],
          [
            138.75307,
            -34.76593,
            202.3
          ],
          [
            138.75311,
            -34.76582,
            200.5
          ],
          [
            138.75316,
            -34.76565,
            199
          ],
          [
            138.75326,
            -34.76544,
            196.6
          ],
          [
            138.75346,
            -34.76507,
            191.3
          ],
          [
            138.75358,
            -34.76481,
            187.2
          ],
          [
            138.7537,
            -34.76453,
            185.2
          ],
          [
            138.75384,
            -34.76421,
            184
          ],
          [
            138.75396,
            -34.76392,
            181.1
          ],
          [
            138.75408,
            -34.76355,
            180.1
          ],
          [
            138.75411,
            -34.76348,
            180.5
          ],
          [
            138.75419,
            -34.76327,
            183.3
          ],
          [
            138.75424,
            -34.76314,
            185.8
          ],
          [
            138.754337,
            -34.76285,
            188.8
          ],
          [
            138.754433,
            -34.76256,
            190.5
          ],
          [
            138.75453,
            -34.76227,
            193.4
          ],
          [
            138.75461,
            -34.76211,
            198
          ],
          [
            138.75464,
            -34.76204,
            200.2
          ],
          [
            138.7547,
            -34.76193,
            203.5
          ],
          [
            138.754845,
            -34.761675,
            207.5
          ],
          [
            138.75499,
            -34.76142,
            209.9
          ],
          [
            138.755,
            -34.76139,
            209.5
          ],
          [
            138.75507,
            -34.76122,
            208.3
          ],
          [
            138.75518,
            -34.76098,
            208.8
          ],
          [
            138.75529,
            -34.76074,
            209.1
          ],
          [
            138.75535,
            -34.76065,
            209.9
          ],
          [
            138.75542,
            -34.76056,
            210.5
          ],
          [
            138.7555,
            -34.76048,
            210.9
          ],
          [
            138.7557,
            -34.76033,
            212.2
          ],
          [
            138.75601,
            -34.76009,
            214.4
          ],
          [
            138.75625,
            -34.759895,
            216.9
          ],
          [
            138.75649,
            -34.7597,
            216.4
          ],
          [
            138.75661,
            -34.75963,
            216.7
          ],
          [
            138.75677,
            -34.75958,
            219
          ],
          [
            138.75688,
            -34.75956,
            219.8
          ],
          [
            138.75689,
            -34.75956,
            219.9
          ],
          [
            138.75695,
            -34.75955,
            220.1
          ],
          [
            138.75704,
            -34.75954,
            220.2
          ],
          [
            138.75714,
            -34.75954,
            220.8
          ],
          [
            138.75737,
            -34.75957,
            224
          ],
          [
            138.75755,
            -34.75958,
            225.7
          ],
          [
            138.75775,
            -34.75958,
            225
          ],
          [
            138.75786,
            -34.75958,
            223.9
          ],
          [
            138.75826,
            -34.75957,
            222.2
          ],
          [
            138.7584,
            -34.75956,
            222.8
          ],
          [
            138.75841,
            -34.75956,
            222.9
          ],
          [
            138.75848,
            -34.75954,
            223
          ],
          [
            138.75854,
            -34.75951,
            222.9
          ],
          [
            138.7586,
            -34.75948,
            222.7
          ],
          [
            138.75865,
            -34.75945,
            222.5
          ],
          [
            138.75885,
            -34.75932,
            224.2
          ],
          [
            138.75904,
            -34.75917,
            232
          ],
          [
            138.75914,
            -34.75906,
            235
          ],
          [
            138.75928,
            -34.75888,
            236.2
          ],
          [
            138.75937,
            -34.75878,
            235.9
          ],
          [
            138.75943,
            -34.75874,
            235.3
          ],
          [
            138.75947,
            -34.75871,
            234.7
          ],
          [
            138.75957,
            -34.75866,
            233.9
          ],
          [
            138.75964,
            -34.75863,
            233.7
          ],
          [
            138.75971,
            -34.75861,
            233.5
          ],
          [
            138.7599,
            -34.75857,
            232.5
          ],
          [
            138.76014,
            -34.75852,
            232.3
          ],
          [
            138.76054,
            -34.75842,
            234.1
          ],
          [
            138.76094,
            -34.75832,
            239
          ],
          [
            138.76146,
            -34.7582,
            238.7
          ],
          [
            138.761765,
            -34.758115,
            240.9
          ],
          [
            138.76207,
            -34.75803,
            242.6
          ],
          [
            138.76225,
            -34.75799,
            242
          ],
          [
            138.76244,
            -34.75795,
            242.2
          ],
          [
            138.76262,
            -34.75792,
            241.5
          ],
          [
            138.76279,
            -34.75791,
            241.9
          ],
          [
            138.7628,
            -34.75791,
            241.9
          ],
          [
            138.76302,
            -34.75791,
            243.1
          ],
          [
            138.76315,
            -34.75791,
            243.5
          ],
          [
            138.76354,
            -34.75794,
            246.2
          ],
          [
            138.76382,
            -34.75796,
            247.8
          ],
          [
            138.7641,
            -34.75799,
            249
          ],
          [
            138.76411,
            -34.75799,
            249
          ],
          [
            138.76442,
            -34.75804,
            248.7
          ],
          [
            138.76463,
            -34.75806,
            249
          ],
          [
            138.76477,
            -34.75807,
            249.6
          ],
          [
            138.76489,
            -34.75807,
            250.7
          ],
          [
            138.76494,
            -34.75807,
            250.8
          ],
          [
            138.76503,
            -34.75806,
            251.1
          ],
          [
            138.7651,
            -34.75805,
            251.7
          ],
          [
            138.76525,
            -34.75801,
            253.4
          ],
          [
            138.765505,
            -34.757925,
            256.1
          ],
          [
            138.76576,
            -34.75784,
            258.4
          ],
          [
            138.7661,
            -34.75772,
            264.1
          ],
          [
            138.76641,
            -34.75764,
            267.9
          ],
          [
            138.76655,
            -34.75762,
            268.4
          ],
          [
            138.76677,
            -34.75759,
            268.3
          ],
          [
            138.76693,
            -34.75757,
            268.4
          ],
          [
            138.76714,
            -34.75756,
            271.5
          ],
          [
            138.7674,
            -34.75756,
            274.5
          ],
          [
            138.76756,
            -34.75758,
            276.7
          ],
          [
            138.76789,
            -34.75762,
            280.3
          ],
          [
            138.7683,
            -34.75768,
            283.1
          ],
          [
            138.76855,
            -34.75771,
            285.4
          ],
          [
            138.76865,
            -34.75771,
            286
          ],
          [
            138.76873,
            -34.75772,
            286.9
          ],
          [
            138.76879,
            -34.75771,
            287.6
          ],
          [
            138.76891,
            -34.7577,
            289.5
          ],
          [
            138.76904,
            -34.75765,
            291.2
          ],
          [
            138.76917,
            -34.7576,
            292.4
          ],
          [
            138.76929,
            -34.75753,
            293.4
          ]
        ]
      }
    },
    {
      "type": "Feature",
      "id": "chain-of-ponds-long",
      "properties": {
        "featureId": "chain-of-ponds-long",
        "stageCodes": [
          "SS13"
        ],
        "name": "Chain of Ponds Long",
        "day": 2,
        "sourceMid": "1xpCx2cH8NgllswJUHqF5qYiHQx8LYPg",
        "termini": [
          {
            "name": "9 Fidlers Hill Rd, Inglewood SA 5133, Australia",
            "coordinate": [
              138.794989,
              -34.818933
            ]
          },
          {
            "name": "197 Tippett Rd, Millbrook SA 5231, Australia",
            "coordinate": [
              138.821454,
              -34.836359
            ]
          }
        ]
      },
      "geometry": {
        "type": "LineString",
        "coordinates": [
          [
            138.79499,
            -34.81893,
            404.5
          ],
          [
            138.79508,
            -34.81889,
            403.2
          ],
          [
            138.79533,
            -34.81881,
            400.3
          ],
          [
            138.79538,
            -34.8188,
            399.4
          ],
          [
            138.79548,
            -34.81877,
            397.4
          ],
          [
            138.7957,
            -34.81874,
            393.4
          ],
          [
            138.79588,
            -34.81874,
            390.8
          ],
          [
            138.79611,
            -34.81874,
            389
          ],
          [
            138.79622,
            -34.81876,
            388.7
          ],
          [
            138.79629,
            -34.81876,
            388.7
          ],
          [
            138.79658,
            -34.81883,
            387
          ],
          [
            138.79688,
            -34.8189,
            384.2
          ],
          [
            138.79716,
            -34.81897,
            381
          ],
          [
            138.79739,
            -34.819,
            379.7
          ],
          [
            138.79758,
            -34.81902,
            378.5
          ],
          [
            138.79777,
            -34.81902,
            378
          ],
          [
            138.79792,
            -34.81901,
            377.9
          ],
          [
            138.79815,
            -34.81897,
            376.5
          ],
          [
            138.79838,
            -34.81892,
            376.6
          ],
          [
            138.79855,
            -34.81885,
            376.6
          ],
          [
            138.79875,
            -34.81876,
            375.2
          ],
          [
            138.7991,
            -34.81861,
            372.2
          ],
          [
            138.79941,
            -34.81846,
            369.9
          ],
          [
            138.79954,
            -34.81839,
            368.1
          ],
          [
            138.79977,
            -34.81826,
            366.4
          ],
          [
            138.79995,
            -34.81815,
            365
          ],
          [
            138.80016,
            -34.81801,
            364.9
          ],
          [
            138.80034,
            -34.8179,
            364.7
          ],
          [
            138.80049,
            -34.81782,
            364
          ],
          [
            138.80061,
            -34.81777,
            363.4
          ],
          [
            138.80063,
            -34.81776,
            363.4
          ],
          [
            138.80079,
            -34.81769,
            364.3
          ],
          [
            138.80081,
            -34.81769,
            364.5
          ],
          [
            138.801115,
            -34.81759,
            365.9
          ],
          [
            138.80142,
            -34.81749,
            362.8
          ],
          [
            138.80145,
            -34.81748,
            362.2
          ],
          [
            138.80159,
            -34.81745,
            360.1
          ],
          [
            138.80172,
            -34.81743,
            359.6
          ],
          [
            138.80189,
            -34.81741,
            358.9
          ],
          [
            138.80205,
            -34.81739,
            358.3
          ],
          [
            138.80222,
            -34.81737,
            356.5
          ],
          [
            138.80233,
            -34.81734,
            354
          ],
          [
            138.80242,
            -34.8173,
            352.4
          ],
          [
            138.8026,
            -34.81719,
            350.3
          ],
          [
            138.80293,
            -34.81701,
            348.8
          ],
          [
            138.8031,
            -34.81692,
            349.8
          ],
          [
            138.8032,
            -34.81688,
            350.8
          ],
          [
            138.80326,
            -34.81686,
            351.5
          ],
          [
            138.80328,
            -34.81686,
            351.6
          ],
          [
            138.80333,
            -34.81686,
            351.9
          ],
          [
            138.80339,
            -34.81686,
            352.6
          ],
          [
            138.80346,
            -34.81687,
            353.2
          ],
          [
            138.80353,
            -34.8169,
            353.4
          ],
          [
            138.803905,
            -34.81704,
            353.5
          ],
          [
            138.80428,
            -34.81718,
            354.1
          ],
          [
            138.80435,
            -34.81726,
            353.3
          ],
          [
            138.8044,
            -34.81733,
            352.4
          ],
          [
            138.80444,
            -34.81739,
            352
          ],
          [
            138.80449,
            -34.81748,
            351.3
          ],
          [
            138.80456,
            -34.81755,
            351.3
          ],
          [
            138.80464,
            -34.81763,
            351.7
          ],
          [
            138.80479,
            -34.81776,
            351.9
          ],
          [
            138.80482,
            -34.81779,
            351.8
          ],
          [
            138.80486,
            -34.81783,
            351.7
          ],
          [
            138.80489,
            -34.8179,
            350.9
          ],
          [
            138.80492,
            -34.81798,
            349.8
          ],
          [
            138.80496,
            -34.81808,
            347.8
          ],
          [
            138.80499,
            -34.81814,
            346.4
          ],
          [
            138.80503,
            -34.81819,
            345.5
          ],
          [
            138.80507,
            -34.81823,
            344.8
          ],
          [
            138.80511,
            -34.81826,
            344.4
          ],
          [
            138.80515,
            -34.81828,
            344.2
          ],
          [
            138.80521,
            -34.81831,
            344
          ],
          [
            138.80526,
            -34.81832,
            343.9
          ],
          [
            138.80527,
            -34.81832,
            343.9
          ],
          [
            138.80536,
            -34.81833,
            343.8
          ],
          [
            138.80546,
            -34.81832,
            343.9
          ],
          [
            138.80557,
            -34.81829,
            344.2
          ],
          [
            138.80565,
            -34.81826,
            343.7
          ],
          [
            138.80572,
            -34.81822,
            343.5
          ],
          [
            138.80578,
            -34.81818,
            343.3
          ],
          [
            138.80582,
            -34.81813,
            343.6
          ],
          [
            138.80584,
            -34.81808,
            344.1
          ],
          [
            138.80586,
            -34.81802,
            344.6
          ],
          [
            138.80587,
            -34.81781,
            346.5
          ],
          [
            138.80587,
            -34.81776,
            347.3
          ],
          [
            138.80587,
            -34.81758,
            349
          ],
          [
            138.80587,
            -34.81751,
            350
          ],
          [
            138.80587,
            -34.81746,
            350.7
          ],
          [
            138.80588,
            -34.81742,
            350.8
          ],
          [
            138.8059,
            -34.81738,
            350.7
          ],
          [
            138.80592,
            -34.81734,
            350.8
          ],
          [
            138.80596,
            -34.81731,
            351
          ],
          [
            138.80599,
            -34.81728,
            351.3
          ],
          [
            138.80603,
            -34.81726,
            351.3
          ],
          [
            138.80605,
            -34.81726,
            351.2
          ],
          [
            138.80611,
            -34.81724,
            351.2
          ],
          [
            138.80617,
            -34.81724,
            351.2
          ],
          [
            138.80623,
            -34.81725,
            351.1
          ],
          [
            138.80629,
            -34.81727,
            350.9
          ],
          [
            138.80636,
            -34.81731,
            350.3
          ],
          [
            138.80645,
            -34.81737,
            349.2
          ],
          [
            138.80655,
            -34.81742,
            347.4
          ],
          [
            138.80664,
            -34.81745,
            345.8
          ],
          [
            138.80671,
            -34.81746,
            344.8
          ],
          [
            138.80678,
            -34.81747,
            343.7
          ],
          [
            138.80685,
            -34.81746,
            343.2
          ],
          [
            138.80692,
            -34.81744,
            342.9
          ],
          [
            138.80699,
            -34.81739,
            343.6
          ],
          [
            138.80705,
            -34.81734,
            344.3
          ],
          [
            138.80731,
            -34.817045,
            348.6
          ],
          [
            138.80757,
            -34.81675,
            350.3
          ],
          [
            138.80767,
            -34.81665,
            349.9
          ],
          [
            138.80769,
            -34.81663,
            350
          ],
          [
            138.80781,
            -34.81652,
            350.1
          ],
          [
            138.80812,
            -34.81622,
            351
          ],
          [
            138.80819,
            -34.81612,
            350.3
          ],
          [
            138.80822,
            -34.81607,
            350
          ],
          [
            138.80827,
            -34.81601,
            349.9
          ],
          [
            138.80832,
            -34.8159,
            349.8
          ],
          [
            138.80839,
            -34.81576,
            348.9
          ],
          [
            138.80851,
            -34.81548,
            347.4
          ],
          [
            138.8086,
            -34.81534,
            348.3
          ],
          [
            138.80864,
            -34.81526,
            348.2
          ],
          [
            138.80873,
            -34.81514,
            347.2
          ],
          [
            138.80882,
            -34.81503,
            346.1
          ],
          [
            138.80889,
            -34.81495,
            345.1
          ],
          [
            138.809,
            -34.81487,
            344.7
          ],
          [
            138.80909,
            -34.8148,
            343.7
          ],
          [
            138.80918,
            -34.81475,
            343.4
          ],
          [
            138.80931,
            -34.8147,
            342.7
          ],
          [
            138.80952,
            -34.81463,
            340.7
          ],
          [
            138.80977,
            -34.81457,
            337.6
          ],
          [
            138.8099,
            -34.81454,
            336.2
          ],
          [
            138.81004,
            -34.81453,
            335.2
          ],
          [
            138.81011,
            -34.81452,
            334.7
          ],
          [
            138.81019,
            -34.81453,
            334.3
          ],
          [
            138.81027,
            -34.81455,
            333.7
          ],
          [
            138.81039,
            -34.81459,
            333
          ],
          [
            138.81056,
            -34.81465,
            331.9
          ],
          [
            138.8107,
            -34.81472,
            332.1
          ],
          [
            138.81082,
            -34.81478,
            331.6
          ],
          [
            138.81101,
            -34.81487,
            330.8
          ],
          [
            138.8111,
            -34.8149,
            330.5
          ],
          [
            138.8112,
            -34.81493,
            330.1
          ],
          [
            138.81136,
            -34.81496,
            330.3
          ],
          [
            138.81169,
            -34.814995,
            328.8
          ],
          [
            138.81202,
            -34.81503,
            327.6
          ],
          [
            138.81224,
            -34.81506,
            326.1
          ],
          [
            138.81236,
            -34.81507,
            326
          ],
          [
            138.81238,
            -34.81507,
            326
          ],
          [
            138.81249,
            -34.81509,
            326
          ],
          [
            138.81257,
            -34.81511,
            326
          ],
          [
            138.81258,
            -34.81512,
            326
          ],
          [
            138.81267,
            -34.81516,
            326
          ],
          [
            138.81273,
            -34.8152,
            326
          ],
          [
            138.81279,
            -34.81525,
            325.8
          ],
          [
            138.81284,
            -34.81531,
            325.4
          ],
          [
            138.81289,
            -34.8154,
            324.6
          ],
          [
            138.81292,
            -34.81551,
            323.8
          ],
          [
            138.812975,
            -34.815745,
            323.4
          ],
          [
            138.81303,
            -34.81598,
            323
          ],
          [
            138.81307,
            -34.81607,
            323.4
          ],
          [
            138.81311,
            -34.81616,
            323.2
          ],
          [
            138.81316,
            -34.81623,
            323.3
          ],
          [
            138.81326,
            -34.81638,
            322.6
          ],
          [
            138.8133,
            -34.81644,
            322.3
          ],
          [
            138.81346,
            -34.81665,
            319.6
          ],
          [
            138.81354,
            -34.81671,
            318.5
          ],
          [
            138.81362,
            -34.81674,
            317.5
          ],
          [
            138.81371,
            -34.81676,
            317.1
          ],
          [
            138.81382,
            -34.81677,
            316.8
          ],
          [
            138.8139,
            -34.81676,
            316.5
          ],
          [
            138.81398,
            -34.81675,
            316.2
          ],
          [
            138.81448,
            -34.81662,
            317.1
          ],
          [
            138.81462,
            -34.8166,
            317.3
          ],
          [
            138.8147,
            -34.8166,
            317.3
          ],
          [
            138.81476,
            -34.81661,
            317.2
          ],
          [
            138.81479,
            -34.81661,
            317.2
          ],
          [
            138.81486,
            -34.81664,
            317
          ],
          [
            138.81491,
            -34.81667,
            316.9
          ],
          [
            138.81499,
            -34.81673,
            315.9
          ],
          [
            138.81515,
            -34.81689,
            313.3
          ],
          [
            138.81525,
            -34.81696,
            313.1
          ],
          [
            138.81532,
            -34.817,
            312.9
          ],
          [
            138.81538,
            -34.81702,
            312.8
          ],
          [
            138.81545,
            -34.81704,
            312.7
          ],
          [
            138.81552,
            -34.81705,
            312.9
          ],
          [
            138.81561,
            -34.81705,
            313.9
          ],
          [
            138.81576,
            -34.81705,
            315.3
          ],
          [
            138.81586,
            -34.81705,
            315.9
          ],
          [
            138.81588,
            -34.81706,
            316
          ],
          [
            138.81592,
            -34.81706,
            316.5
          ],
          [
            138.81599,
            -34.81709,
            317.1
          ],
          [
            138.81605,
            -34.81712,
            317.8
          ],
          [
            138.81607,
            -34.81714,
            318
          ],
          [
            138.8161,
            -34.81716,
            318.4
          ],
          [
            138.81613,
            -34.8172,
            318.6
          ],
          [
            138.81614,
            -34.81725,
            318.5
          ],
          [
            138.81615,
            -34.81729,
            318.6
          ],
          [
            138.81615,
            -34.81738,
            318.4
          ],
          [
            138.81611,
            -34.81752,
            317.8
          ],
          [
            138.81607,
            -34.81765,
            318.2
          ],
          [
            138.81602,
            -34.81783,
            318.3
          ],
          [
            138.816,
            -34.81789,
            318.2
          ],
          [
            138.81597,
            -34.81804,
            316.5
          ],
          [
            138.81597,
            -34.81811,
            316
          ],
          [
            138.81597,
            -34.81818,
            315.5
          ],
          [
            138.81598,
            -34.81827,
            315.5
          ],
          [
            138.81601,
            -34.81837,
            316.2
          ],
          [
            138.81605,
            -34.81847,
            317.4
          ],
          [
            138.81609,
            -34.81854,
            318.7
          ],
          [
            138.81614,
            -34.81861,
            319.7
          ],
          [
            138.8162,
            -34.81867,
            320.5
          ],
          [
            138.81622,
            -34.81869,
            320.7
          ],
          [
            138.81633,
            -34.81878,
            321
          ],
          [
            138.81636,
            -34.8188,
            321
          ],
          [
            138.81653,
            -34.81889,
            320
          ],
          [
            138.81696,
            -34.81911,
            320.7
          ],
          [
            138.81707,
            -34.81918,
            321.2
          ],
          [
            138.81709,
            -34.8192,
            321.6
          ],
          [
            138.81717,
            -34.81927,
            322.5
          ],
          [
            138.81748,
            -34.81963,
            326.5
          ],
          [
            138.81764,
            -34.819825,
            327.8
          ],
          [
            138.8178,
            -34.82002,
            329.9
          ],
          [
            138.818,
            -34.82025,
            335.4
          ],
          [
            138.81819,
            -34.82047,
            339.3
          ],
          [
            138.81838,
            -34.82069,
            337.9
          ],
          [
            138.81847,
            -34.8208,
            336.6
          ],
          [
            138.8185,
            -34.82084,
            336.3
          ],
          [
            138.81867,
            -34.821035,
            335.6
          ],
          [
            138.81884,
            -34.82123,
            335
          ],
          [
            138.81892,
            -34.82137,
            334.4
          ],
          [
            138.81899,
            -34.82153,
            333.2
          ],
          [
            138.81902,
            -34.82166,
            332.3
          ],
          [
            138.81905,
            -34.8219,
            331
          ],
          [
            138.81907,
            -34.82223,
            328.2
          ],
          [
            138.81909,
            -34.82243,
            324.2
          ],
          [
            138.8191,
            -34.82252,
            322.4
          ],
          [
            138.81911,
            -34.82257,
            321.6
          ],
          [
            138.81915,
            -34.82268,
            320.2
          ],
          [
            138.81923,
            -34.82278,
            319.9
          ],
          [
            138.81931,
            -34.82285,
            319.9
          ],
          [
            138.81944,
            -34.8229,
            320.3
          ],
          [
            138.81961,
            -34.82294,
            320.5
          ],
          [
            138.82002,
            -34.82297,
            318.3
          ],
          [
            138.82013,
            -34.82297,
            317.1
          ],
          [
            138.82021,
            -34.82295,
            316.4
          ],
          [
            138.82031,
            -34.8229,
            315.6
          ],
          [
            138.8204,
            -34.82283,
            315
          ],
          [
            138.82062,
            -34.82263,
            315.8
          ],
          [
            138.82068,
            -34.82255,
            315.7
          ],
          [
            138.82071,
            -34.82248,
            314.8
          ],
          [
            138.82071,
            -34.82246,
            314.7
          ],
          [
            138.82072,
            -34.82239,
            314.1
          ],
          [
            138.82071,
            -34.82228,
            314.9
          ],
          [
            138.8207,
            -34.82212,
            315.2
          ],
          [
            138.82071,
            -34.82202,
            315.7
          ],
          [
            138.82074,
            -34.82192,
            315.9
          ],
          [
            138.82088,
            -34.82164,
            318.9
          ],
          [
            138.8209,
            -34.82161,
            319.5
          ],
          [
            138.82091,
            -34.8216,
            319.6
          ],
          [
            138.82093,
            -34.82158,
            319.9
          ],
          [
            138.82099,
            -34.82155,
            320.2
          ],
          [
            138.82104,
            -34.82154,
            320.3
          ],
          [
            138.82108,
            -34.82153,
            320.5
          ],
          [
            138.82111,
            -34.82153,
            320.5
          ],
          [
            138.82113,
            -34.82153,
            320.5
          ],
          [
            138.82116,
            -34.82153,
            320.5
          ],
          [
            138.82125,
            -34.82155,
            320.5
          ],
          [
            138.8216,
            -34.82171,
            319.1
          ],
          [
            138.82169,
            -34.82174,
            319
          ],
          [
            138.82175,
            -34.82175,
            319
          ],
          [
            138.82186,
            -34.82177,
            318.9
          ],
          [
            138.82192,
            -34.82177,
            318.5
          ],
          [
            138.82196,
            -34.82176,
            318.3
          ],
          [
            138.8221,
            -34.82175,
            316.9
          ],
          [
            138.8222,
            -34.82173,
            315.9
          ],
          [
            138.8223,
            -34.82169,
            315
          ],
          [
            138.82242,
            -34.82165,
            314
          ],
          [
            138.82262,
            -34.82156,
            311.6
          ],
          [
            138.8229,
            -34.82142,
            310
          ],
          [
            138.82312,
            -34.82132,
            311.9
          ],
          [
            138.82323,
            -34.82125,
            313.2
          ],
          [
            138.82348,
            -34.82108,
            312.5
          ],
          [
            138.82378,
            -34.82087,
            314.6
          ],
          [
            138.82393,
            -34.82076,
            317.2
          ],
          [
            138.824253,
            -34.820517,
            317.5
          ],
          [
            138.824577,
            -34.820273,
            318
          ],
          [
            138.8249,
            -34.82003,
            317.5
          ],
          [
            138.82498,
            -34.81999,
            318.5
          ],
          [
            138.82503,
            -34.81998,
            319.3
          ],
          [
            138.82509,
            -34.81998,
            319.9
          ],
          [
            138.82511,
            -34.81998,
            320.1
          ],
          [
            138.82515,
            -34.81998,
            320.7
          ],
          [
            138.82523,
            -34.81999,
            321.9
          ],
          [
            138.8253,
            -34.82002,
            322.6
          ],
          [
            138.82535,
            -34.82007,
            322.4
          ],
          [
            138.8254,
            -34.82012,
            322.2
          ],
          [
            138.825575,
            -34.82043,
            321.1
          ],
          [
            138.82575,
            -34.82074,
            318.4
          ],
          [
            138.825913,
            -34.821013,
            318.7
          ],
          [
            138.826077,
            -34.821287,
            319.4
          ],
          [
            138.82624,
            -34.82156,
            317.4
          ],
          [
            138.82649,
            -34.82196,
            313.2
          ],
          [
            138.82661,
            -34.82213,
            310.9
          ],
          [
            138.82671,
            -34.82223,
            309.7
          ],
          [
            138.82683,
            -34.82232,
            307
          ],
          [
            138.82696,
            -34.82239,
            306
          ],
          [
            138.82705,
            -34.82243,
            305.7
          ],
          [
            138.82741,
            -34.82259,
            306.4
          ],
          [
            138.82759,
            -34.82267,
            310
          ],
          [
            138.82764,
            -34.82269,
            310.9
          ],
          [
            138.82778,
            -34.82276,
            313.3
          ],
          [
            138.82789,
            -34.82284,
            313.9
          ],
          [
            138.82799,
            -34.82292,
            313.9
          ],
          [
            138.82811,
            -34.82303,
            314.4
          ],
          [
            138.82824,
            -34.82316,
            314.4
          ],
          [
            138.82825,
            -34.82316,
            314.6
          ],
          [
            138.8284,
            -34.82328,
            314.8
          ],
          [
            138.82843,
            -34.8233,
            314.7
          ],
          [
            138.82853,
            -34.82336,
            314.3
          ],
          [
            138.82863,
            -34.82342,
            314.3
          ],
          [
            138.82872,
            -34.82347,
            314.4
          ],
          [
            138.82882,
            -34.82351,
            314.1
          ],
          [
            138.82887,
            -34.82353,
            314
          ],
          [
            138.8289,
            -34.82355,
            314
          ],
          [
            138.82902,
            -34.82359,
            314.3
          ],
          [
            138.82911,
            -34.82362,
            314.9
          ],
          [
            138.82926,
            -34.82366,
            316.1
          ],
          [
            138.82941,
            -34.8237,
            317.4
          ],
          [
            138.8294,
            -34.82376,
            318.3
          ],
          [
            138.82938,
            -34.8238,
            318.9
          ],
          [
            138.82936,
            -34.82384,
            319.4
          ],
          [
            138.82933,
            -34.82387,
            319.9
          ],
          [
            138.82932,
            -34.82388,
            320
          ],
          [
            138.8293,
            -34.8239,
            320.3
          ],
          [
            138.82927,
            -34.82393,
            320.7
          ],
          [
            138.82916,
            -34.82399,
            321.8
          ],
          [
            138.82907,
            -34.82403,
            322.7
          ],
          [
            138.82897,
            -34.82407,
            323.5
          ],
          [
            138.8289,
            -34.82409,
            324
          ],
          [
            138.82881,
            -34.82411,
            324.3
          ],
          [
            138.82875,
            -34.82412,
            324.4
          ],
          [
            138.82868,
            -34.82412,
            324.9
          ],
          [
            138.82859,
            -34.82412,
            325.8
          ],
          [
            138.82852,
            -34.82411,
            326.3
          ],
          [
            138.82843,
            -34.8241,
            326.8
          ],
          [
            138.82839,
            -34.82409,
            327
          ],
          [
            138.82835,
            -34.82409,
            327.2
          ],
          [
            138.828005,
            -34.82404,
            327.6
          ],
          [
            138.82766,
            -34.82399,
            326.7
          ],
          [
            138.82744,
            -34.82396,
            324.7
          ],
          [
            138.82742,
            -34.82396,
            324.6
          ],
          [
            138.827105,
            -34.82392,
            323.9
          ],
          [
            138.82679,
            -34.82388,
            318.7
          ],
          [
            138.82658,
            -34.82385,
            307.2
          ],
          [
            138.82622,
            -34.82381,
            309.2
          ],
          [
            138.82586,
            -34.82377,
            320.7
          ],
          [
            138.8254,
            -34.8237,
            321
          ],
          [
            138.82528,
            -34.82369,
            320.2
          ],
          [
            138.82523,
            -34.82369,
            319.8
          ],
          [
            138.82514,
            -34.82369,
            319.2
          ],
          [
            138.82506,
            -34.8237,
            318.8
          ],
          [
            138.82502,
            -34.8237,
            318.6
          ],
          [
            138.82494,
            -34.82373,
            318.3
          ],
          [
            138.82484,
            -34.82378,
            318.1
          ],
          [
            138.82479,
            -34.82382,
            318.1
          ],
          [
            138.82477,
            -34.82385,
            318.2
          ],
          [
            138.82474,
            -34.82388,
            318.2
          ],
          [
            138.82471,
            -34.82396,
            318.6
          ],
          [
            138.82468,
            -34.82405,
            318.6
          ],
          [
            138.82468,
            -34.82426,
            318.8
          ],
          [
            138.8247,
            -34.82444,
            319
          ],
          [
            138.82476,
            -34.8246,
            319.7
          ],
          [
            138.82483,
            -34.82478,
            319.4
          ],
          [
            138.82487,
            -34.82494,
            318.5
          ],
          [
            138.82487,
            -34.82496,
            318.5
          ],
          [
            138.82487,
            -34.82513,
            319
          ],
          [
            138.82487,
            -34.82514,
            319.1
          ],
          [
            138.82485,
            -34.82554,
            321.4
          ],
          [
            138.82486,
            -34.82568,
            322.5
          ],
          [
            138.82487,
            -34.8258,
            323.4
          ],
          [
            138.82493,
            -34.8262,
            322.8
          ],
          [
            138.8249,
            -34.82635,
            322.7
          ],
          [
            138.82486,
            -34.82646,
            322.4
          ],
          [
            138.82482,
            -34.8265,
            322.2
          ],
          [
            138.8248,
            -34.82652,
            322.1
          ],
          [
            138.82478,
            -34.82655,
            322
          ],
          [
            138.82462,
            -34.82666,
            323
          ],
          [
            138.82451,
            -34.82672,
            324.6
          ],
          [
            138.82426,
            -34.82681,
            328.1
          ],
          [
            138.82381,
            -34.82705,
            330.7
          ],
          [
            138.82371,
            -34.82712,
            331.3
          ],
          [
            138.82361,
            -34.82721,
            331.7
          ],
          [
            138.82355,
            -34.82733,
            331
          ],
          [
            138.82354,
            -34.82735,
            331
          ],
          [
            138.82352,
            -34.82744,
            331
          ],
          [
            138.82354,
            -34.82777,
            330.1
          ],
          [
            138.82357,
            -34.82803,
            330.9
          ],
          [
            138.8236,
            -34.82829,
            331.4
          ],
          [
            138.82365,
            -34.82858,
            330.9
          ],
          [
            138.82368,
            -34.82876,
            331.2
          ],
          [
            138.8237,
            -34.82889,
            332.3
          ],
          [
            138.82371,
            -34.82894,
            332.5
          ],
          [
            138.82375,
            -34.82911,
            332.9
          ],
          [
            138.82376,
            -34.82917,
            333
          ],
          [
            138.82385,
            -34.82927,
            332.8
          ],
          [
            138.82395,
            -34.82938,
            333.1
          ],
          [
            138.82407,
            -34.82958,
            333.7
          ],
          [
            138.82412,
            -34.82982,
            331.5
          ],
          [
            138.82413,
            -34.82994,
            330.7
          ],
          [
            138.82415,
            -34.83012,
            330.3
          ],
          [
            138.82419,
            -34.83054,
            328.8
          ],
          [
            138.8243,
            -34.83081,
            329
          ],
          [
            138.82436,
            -34.83099,
            331
          ],
          [
            138.82438,
            -34.83104,
            331.9
          ],
          [
            138.82441,
            -34.83117,
            333.7
          ],
          [
            138.82443,
            -34.83128,
            333.9
          ],
          [
            138.82441,
            -34.83136,
            333.9
          ],
          [
            138.82437,
            -34.83148,
            334
          ],
          [
            138.82435,
            -34.83152,
            334
          ],
          [
            138.82423,
            -34.83174,
            333.6
          ],
          [
            138.82416,
            -34.83203,
            334
          ],
          [
            138.82412,
            -34.83221,
            334
          ],
          [
            138.824065,
            -34.83258,
            334.6
          ],
          [
            138.82401,
            -34.83295,
            338.8
          ],
          [
            138.82393,
            -34.83335,
            338.3
          ],
          [
            138.82385,
            -34.83357,
            336.3
          ],
          [
            138.82382,
            -34.83365,
            335.5
          ],
          [
            138.82375,
            -34.83375,
            334.9
          ],
          [
            138.82366,
            -34.83381,
            334.4
          ],
          [
            138.82342,
            -34.83397,
            333.2
          ],
          [
            138.82335,
            -34.83402,
            333.7
          ],
          [
            138.82318,
            -34.83413,
            335.6
          ],
          [
            138.82302,
            -34.83425,
            337
          ],
          [
            138.82275,
            -34.834425,
            338.2
          ],
          [
            138.82248,
            -34.8346,
            339.9
          ],
          [
            138.82231,
            -34.83471,
            339.9
          ],
          [
            138.82217,
            -34.83481,
            340.1
          ],
          [
            138.82215,
            -34.83484,
            340.3
          ],
          [
            138.82205,
            -34.83494,
            341
          ],
          [
            138.82187,
            -34.83519,
            338.2
          ],
          [
            138.82168,
            -34.83554,
            333.5
          ],
          [
            138.82162,
            -34.8357,
            332.3
          ],
          [
            138.82149,
            -34.83597,
            329.2
          ],
          [
            138.82145,
            -34.83609,
            327.4
          ],
          [
            138.82143,
            -34.8362,
            326.5
          ],
          [
            138.82143,
            -34.83621,
            326.4
          ],
          [
            138.82144,
            -34.83631,
            325.8
          ],
          [
            138.82145,
            -34.83636,
            325.4
          ]
        ]
      }
    },
    {
      "type": "Feature",
      "id": "black-hill",
      "properties": {
        "featureId": "black-hill",
        "stageCodes": [
          "SS14"
        ],
        "name": "Black Hill",
        "day": 2,
        "sourceMid": "1xpCx2cH8NgllswJUHqF5qYiHQx8LYPg",
        "termini": [
          {
            "name": "224 Corkscrew Road, Montacute SA",
            "coordinate": [
              138.750237,
              -34.883864
            ]
          },
          {
            "name": "498 Montacute Rd, Montacute SA 5134, Australia",
            "coordinate": [
              138.708921,
              -34.887979
            ]
          }
        ]
      },
      "geometry": {
        "type": "LineString",
        "coordinates": [
          [
            138.75024,
            -34.88386,
            249.3
          ],
          [
            138.74975,
            -34.88385,
            255.6
          ],
          [
            138.74926,
            -34.88384,
            257.2
          ],
          [
            138.74915,
            -34.88384,
            257.9
          ],
          [
            138.74895,
            -34.88384,
            261.3
          ],
          [
            138.74882,
            -34.88385,
            264.8
          ],
          [
            138.74874,
            -34.88386,
            267
          ],
          [
            138.7486,
            -34.88389,
            269.5
          ],
          [
            138.7483,
            -34.88398,
            274.1
          ],
          [
            138.74811,
            -34.88406,
            277
          ],
          [
            138.74796,
            -34.88417,
            279.9
          ],
          [
            138.74789,
            -34.88427,
            282.3
          ],
          [
            138.74781,
            -34.88437,
            286
          ],
          [
            138.74779,
            -34.88442,
            287.1
          ],
          [
            138.74776,
            -34.88446,
            288.3
          ],
          [
            138.7477,
            -34.88452,
            290.2
          ],
          [
            138.74753,
            -34.88469,
            294.5
          ],
          [
            138.74742,
            -34.88479,
            297.3
          ],
          [
            138.74735,
            -34.88487,
            300.5
          ],
          [
            138.74732,
            -34.8849,
            301.8
          ],
          [
            138.7473,
            -34.88493,
            302.9
          ],
          [
            138.74727,
            -34.88495,
            303.9
          ],
          [
            138.74723,
            -34.88497,
            305.2
          ],
          [
            138.7472,
            -34.88499,
            306.5
          ],
          [
            138.74718,
            -34.88499,
            306.5
          ],
          [
            138.74716,
            -34.88499,
            306.5
          ],
          [
            138.74714,
            -34.88499,
            306.4
          ],
          [
            138.74713,
            -34.88499,
            306.4
          ],
          [
            138.74712,
            -34.88499,
            306.4
          ],
          [
            138.74711,
            -34.88499,
            306.4
          ],
          [
            138.7471,
            -34.88498,
            305.8
          ],
          [
            138.74709,
            -34.88497,
            305.3
          ],
          [
            138.74706,
            -34.88494,
            303.9
          ],
          [
            138.74704,
            -34.88489,
            303.1
          ],
          [
            138.74702,
            -34.88484,
            302.6
          ],
          [
            138.74701,
            -34.88479,
            302.4
          ],
          [
            138.74701,
            -34.88476,
            302.6
          ],
          [
            138.74703,
            -34.88471,
            302.6
          ],
          [
            138.74706,
            -34.88466,
            302.5
          ],
          [
            138.74709,
            -34.88462,
            302.7
          ],
          [
            138.74711,
            -34.88461,
            302.5
          ],
          [
            138.74712,
            -34.88459,
            302.6
          ],
          [
            138.74712,
            -34.88457,
            303
          ],
          [
            138.74714,
            -34.88451,
            303.5
          ],
          [
            138.74714,
            -34.88448,
            303.9
          ],
          [
            138.74714,
            -34.88446,
            304.2
          ],
          [
            138.74713,
            -34.88442,
            305
          ],
          [
            138.74711,
            -34.88436,
            306.2
          ],
          [
            138.7471,
            -34.88433,
            306.6
          ],
          [
            138.74709,
            -34.88432,
            306.9
          ],
          [
            138.74706,
            -34.88429,
            307.8
          ],
          [
            138.74701,
            -34.88425,
            309.4
          ],
          [
            138.74698,
            -34.88425,
            310.2
          ],
          [
            138.74696,
            -34.88425,
            310.8
          ],
          [
            138.74693,
            -34.88426,
            311.5
          ],
          [
            138.74691,
            -34.88427,
            311.9
          ],
          [
            138.7469,
            -34.88427,
            312.1
          ],
          [
            138.74689,
            -34.88429,
            312
          ],
          [
            138.74686,
            -34.88432,
            312.2
          ],
          [
            138.74682,
            -34.88438,
            312
          ],
          [
            138.74676,
            -34.88448,
            311.9
          ],
          [
            138.74667,
            -34.88455,
            312.6
          ],
          [
            138.74661,
            -34.8846,
            312.6
          ],
          [
            138.74653,
            -34.88465,
            312.9
          ],
          [
            138.7465,
            -34.88466,
            313.2
          ],
          [
            138.74647,
            -34.88467,
            313.6
          ],
          [
            138.74646,
            -34.88467,
            313.8
          ],
          [
            138.74645,
            -34.88467,
            314
          ],
          [
            138.74644,
            -34.88467,
            314.2
          ],
          [
            138.74643,
            -34.88466,
            314.5
          ],
          [
            138.74642,
            -34.88466,
            314.6
          ],
          [
            138.74641,
            -34.88465,
            315
          ],
          [
            138.74641,
            -34.88464,
            315.1
          ],
          [
            138.7464,
            -34.88462,
            315.6
          ],
          [
            138.74639,
            -34.8846,
            316.1
          ],
          [
            138.74638,
            -34.88458,
            316.6
          ],
          [
            138.74638,
            -34.88457,
            316.8
          ],
          [
            138.74638,
            -34.88454,
            317.2
          ],
          [
            138.74637,
            -34.88451,
            317.9
          ],
          [
            138.74638,
            -34.88449,
            318.2
          ],
          [
            138.74638,
            -34.88447,
            318.6
          ],
          [
            138.74639,
            -34.88445,
            318.9
          ],
          [
            138.74643,
            -34.88436,
            320.5
          ],
          [
            138.74645,
            -34.88432,
            321.2
          ],
          [
            138.7465,
            -34.88424,
            322.2
          ],
          [
            138.74665,
            -34.88402,
            323.6
          ],
          [
            138.74671,
            -34.88393,
            323.6
          ],
          [
            138.74675,
            -34.88389,
            322.7
          ],
          [
            138.74675,
            -34.88388,
            322.8
          ],
          [
            138.74676,
            -34.88386,
            322.7
          ],
          [
            138.74677,
            -34.88384,
            322.6
          ],
          [
            138.74677,
            -34.88382,
            322.8
          ],
          [
            138.74676,
            -34.88379,
            323.8
          ],
          [
            138.74675,
            -34.88378,
            324.5
          ],
          [
            138.74675,
            -34.88377,
            324.7
          ],
          [
            138.74674,
            -34.88377,
            325.2
          ],
          [
            138.74673,
            -34.88376,
            325.9
          ],
          [
            138.74671,
            -34.88376,
            326.8
          ],
          [
            138.74669,
            -34.88376,
            327.8
          ],
          [
            138.74667,
            -34.88377,
            328.4
          ],
          [
            138.74663,
            -34.88379,
            329.4
          ],
          [
            138.74656,
            -34.88384,
            330.7
          ],
          [
            138.74635,
            -34.88397,
            332.4
          ],
          [
            138.74621,
            -34.88406,
            332.4
          ],
          [
            138.7461,
            -34.88412,
            332.3
          ],
          [
            138.74597,
            -34.88416,
            333.2
          ],
          [
            138.74585,
            -34.8842,
            334.4
          ],
          [
            138.74575,
            -34.88423,
            335.5
          ],
          [
            138.74565,
            -34.88426,
            336.8
          ],
          [
            138.74559,
            -34.88429,
            338.1
          ],
          [
            138.74552,
            -34.88435,
            339.3
          ],
          [
            138.74534,
            -34.88453,
            344.8
          ],
          [
            138.74523,
            -34.88464,
            349.6
          ],
          [
            138.7452,
            -34.88468,
            350.7
          ],
          [
            138.74519,
            -34.8847,
            351.3
          ],
          [
            138.74517,
            -34.88475,
            352.4
          ],
          [
            138.74516,
            -34.8848,
            353.4
          ],
          [
            138.74516,
            -34.88484,
            354.2
          ],
          [
            138.74517,
            -34.88486,
            354.3
          ],
          [
            138.74518,
            -34.8849,
            354.8
          ],
          [
            138.74521,
            -34.88494,
            354.8
          ],
          [
            138.74523,
            -34.88496,
            354.5
          ],
          [
            138.74526,
            -34.885,
            354.3
          ],
          [
            138.74535,
            -34.8851,
            352.6
          ],
          [
            138.74538,
            -34.88513,
            352
          ],
          [
            138.7454,
            -34.88519,
            352.5
          ],
          [
            138.74541,
            -34.88522,
            352.7
          ],
          [
            138.74541,
            -34.88527,
            354.2
          ],
          [
            138.74541,
            -34.88528,
            354.6
          ],
          [
            138.74539,
            -34.88538,
            358.5
          ],
          [
            138.74538,
            -34.88545,
            360.8
          ],
          [
            138.74538,
            -34.88549,
            362
          ],
          [
            138.74539,
            -34.88556,
            364.1
          ],
          [
            138.74542,
            -34.88561,
            365.2
          ],
          [
            138.74545,
            -34.88564,
            365.5
          ],
          [
            138.74546,
            -34.88566,
            366.1
          ],
          [
            138.74548,
            -34.88567,
            366
          ],
          [
            138.74553,
            -34.88569,
            366.3
          ],
          [
            138.7456,
            -34.88572,
            367.1
          ],
          [
            138.74567,
            -34.88573,
            367.1
          ],
          [
            138.74576,
            -34.88573,
            366.8
          ],
          [
            138.74584,
            -34.88573,
            366.5
          ],
          [
            138.74595,
            -34.88573,
            366.2
          ],
          [
            138.74607,
            -34.88574,
            366.1
          ],
          [
            138.74619,
            -34.88577,
            366.6
          ],
          [
            138.74631,
            -34.88582,
            367
          ],
          [
            138.74638,
            -34.88584,
            366.7
          ],
          [
            138.74648,
            -34.88589,
            366.9
          ],
          [
            138.74661,
            -34.88598,
            369.1
          ],
          [
            138.74673,
            -34.88608,
            372.1
          ],
          [
            138.7468,
            -34.88615,
            374.4
          ],
          [
            138.74686,
            -34.8862,
            375.5
          ],
          [
            138.74693,
            -34.88624,
            376.5
          ],
          [
            138.74697,
            -34.88627,
            377.4
          ],
          [
            138.74704,
            -34.88629,
            377.7
          ],
          [
            138.74713,
            -34.88633,
            378.6
          ],
          [
            138.74725,
            -34.88629,
            376.1
          ],
          [
            138.74731,
            -34.88626,
            374.6
          ],
          [
            138.74738,
            -34.88621,
            372.9
          ],
          [
            138.74754,
            -34.88612,
            370.7
          ],
          [
            138.74759,
            -34.8861,
            369.6
          ],
          [
            138.74763,
            -34.88609,
            368.7
          ],
          [
            138.74766,
            -34.88609,
            368.2
          ],
          [
            138.74768,
            -34.8861,
            368.1
          ],
          [
            138.74771,
            -34.88611,
            367.8
          ],
          [
            138.74775,
            -34.88612,
            367.2
          ],
          [
            138.74777,
            -34.88614,
            367.2
          ],
          [
            138.74779,
            -34.88617,
            367.6
          ],
          [
            138.74781,
            -34.88622,
            368.5
          ],
          [
            138.74782,
            -34.88624,
            368.9
          ],
          [
            138.74783,
            -34.88632,
            371
          ],
          [
            138.74782,
            -34.88663,
            383.5
          ],
          [
            138.74784,
            -34.88668,
            385.7
          ],
          [
            138.74786,
            -34.88671,
            387
          ],
          [
            138.7479,
            -34.88675,
            388.5
          ],
          [
            138.74792,
            -34.88677,
            389.3
          ],
          [
            138.74799,
            -34.88682,
            390.9
          ],
          [
            138.74809,
            -34.88687,
            392.3
          ],
          [
            138.74821,
            -34.88691,
            392.9
          ],
          [
            138.74832,
            -34.88693,
            392.9
          ],
          [
            138.7484,
            -34.88694,
            392.6
          ],
          [
            138.74848,
            -34.88695,
            392
          ],
          [
            138.74856,
            -34.88697,
            391.6
          ],
          [
            138.74863,
            -34.88701,
            391
          ],
          [
            138.74873,
            -34.88706,
            389.4
          ],
          [
            138.74899,
            -34.88722,
            385.2
          ],
          [
            138.74902,
            -34.88724,
            384.8
          ],
          [
            138.74905,
            -34.88726,
            384.3
          ],
          [
            138.74906,
            -34.88728,
            384.5
          ],
          [
            138.74907,
            -34.88729,
            384.4
          ],
          [
            138.74907,
            -34.88732,
            385
          ],
          [
            138.74907,
            -34.88734,
            385.4
          ],
          [
            138.74907,
            -34.88739,
            386.5
          ],
          [
            138.74903,
            -34.88751,
            389.6
          ],
          [
            138.74898,
            -34.88763,
            391.9
          ],
          [
            138.74897,
            -34.8877,
            392.6
          ],
          [
            138.74897,
            -34.88772,
            392.7
          ],
          [
            138.74898,
            -34.88774,
            392.7
          ],
          [
            138.74902,
            -34.8878,
            392.6
          ],
          [
            138.74907,
            -34.88787,
            392.7
          ],
          [
            138.74918,
            -34.88801,
            391.4
          ],
          [
            138.74922,
            -34.88808,
            392
          ],
          [
            138.74923,
            -34.88809,
            392.1
          ],
          [
            138.74924,
            -34.88811,
            392.6
          ],
          [
            138.74924,
            -34.88812,
            393
          ],
          [
            138.74923,
            -34.88813,
            393.4
          ],
          [
            138.74923,
            -34.88814,
            393.7
          ],
          [
            138.74921,
            -34.88815,
            394.3
          ],
          [
            138.74919,
            -34.88817,
            395
          ],
          [
            138.74914,
            -34.8882,
            395.9
          ],
          [
            138.74898,
            -34.88823,
            395.8
          ],
          [
            138.74889,
            -34.88816,
            394.6
          ],
          [
            138.74882,
            -34.88812,
            393.6
          ],
          [
            138.74869,
            -34.88808,
            392.1
          ],
          [
            138.7486,
            -34.88806,
            391.1
          ],
          [
            138.74845,
            -34.88802,
            390.2
          ],
          [
            138.74837,
            -34.88799,
            390.2
          ],
          [
            138.7482,
            -34.88794,
            389.6
          ],
          [
            138.74799,
            -34.88792,
            388.1
          ],
          [
            138.74777,
            -34.88793,
            385.6
          ],
          [
            138.74772,
            -34.88793,
            384.9
          ],
          [
            138.74744,
            -34.88793,
            381
          ],
          [
            138.74702,
            -34.88783,
            379.5
          ],
          [
            138.74685,
            -34.88783,
            377.1
          ],
          [
            138.74664,
            -34.88784,
            375.4
          ],
          [
            138.74641,
            -34.88788,
            372.4
          ],
          [
            138.74616,
            -34.88792,
            368.3
          ],
          [
            138.74604,
            -34.88792,
            367.6
          ],
          [
            138.74596,
            -34.88794,
            366.7
          ],
          [
            138.74588,
            -34.88796,
            366
          ],
          [
            138.74576,
            -34.88799,
            365.3
          ],
          [
            138.74566,
            -34.888,
            365.5
          ],
          [
            138.74556,
            -34.88798,
            366.2
          ],
          [
            138.74551,
            -34.88797,
            366.6
          ],
          [
            138.74547,
            -34.88796,
            366.8
          ],
          [
            138.74546,
            -34.88794,
            367.4
          ],
          [
            138.74544,
            -34.88793,
            367.4
          ],
          [
            138.74541,
            -34.8879,
            367.8
          ],
          [
            138.74538,
            -34.88786,
            368.3
          ],
          [
            138.74536,
            -34.88783,
            368.6
          ],
          [
            138.74533,
            -34.88778,
            369.1
          ],
          [
            138.74529,
            -34.88772,
            369
          ],
          [
            138.74524,
            -34.88767,
            368.2
          ],
          [
            138.74518,
            -34.88764,
            366.9
          ],
          [
            138.74515,
            -34.88762,
            366.4
          ],
          [
            138.7451,
            -34.8876,
            365.7
          ],
          [
            138.74506,
            -34.88759,
            365
          ],
          [
            138.74501,
            -34.88759,
            363.6
          ],
          [
            138.74499,
            -34.8876,
            362.6
          ],
          [
            138.74491,
            -34.88762,
            360.1
          ],
          [
            138.74483,
            -34.88764,
            358.1
          ],
          [
            138.74477,
            -34.88765,
            357
          ],
          [
            138.74474,
            -34.88766,
            356.4
          ],
          [
            138.74468,
            -34.88766,
            355.9
          ],
          [
            138.74457,
            -34.88765,
            355.5
          ],
          [
            138.74454,
            -34.88764,
            355.8
          ],
          [
            138.74443,
            -34.88762,
            356
          ],
          [
            138.74433,
            -34.8876,
            356.9
          ],
          [
            138.74431,
            -34.8876,
            356.9
          ],
          [
            138.74423,
            -34.8876,
            357.1
          ],
          [
            138.7442,
            -34.8876,
            357.3
          ],
          [
            138.74415,
            -34.88761,
            357.1
          ],
          [
            138.74411,
            -34.88763,
            356.7
          ],
          [
            138.74407,
            -34.88765,
            356.6
          ],
          [
            138.74406,
            -34.88767,
            356.2
          ],
          [
            138.74401,
            -34.88774,
            355.2
          ],
          [
            138.7439,
            -34.88795,
            352.1
          ],
          [
            138.74382,
            -34.88808,
            350
          ],
          [
            138.74381,
            -34.8881,
            349.6
          ],
          [
            138.74378,
            -34.88814,
            348.9
          ],
          [
            138.7437,
            -34.88822,
            347.8
          ],
          [
            138.74367,
            -34.88824,
            347.7
          ],
          [
            138.74357,
            -34.88831,
            347.5
          ],
          [
            138.74349,
            -34.88834,
            347
          ],
          [
            138.74348,
            -34.88835,
            346.8
          ],
          [
            138.74333,
            -34.88838,
            346.4
          ],
          [
            138.74319,
            -34.88841,
            345.2
          ],
          [
            138.74309,
            -34.88841,
            344.8
          ],
          [
            138.74296,
            -34.8884,
            344.3
          ],
          [
            138.74291,
            -34.88839,
            344.3
          ],
          [
            138.74262,
            -34.88828,
            345.1
          ],
          [
            138.74253,
            -34.88825,
            344.8
          ],
          [
            138.74248,
            -34.88823,
            344.7
          ],
          [
            138.74241,
            -34.88822,
            344.2
          ],
          [
            138.74233,
            -34.88822,
            343.4
          ],
          [
            138.74227,
            -34.88823,
            342.5
          ],
          [
            138.7422,
            -34.88825,
            341.5
          ],
          [
            138.74213,
            -34.8883,
            340.1
          ],
          [
            138.74207,
            -34.88835,
            338.6
          ],
          [
            138.74204,
            -34.88839,
            337.7
          ],
          [
            138.742,
            -34.88843,
            337.3
          ],
          [
            138.74196,
            -34.8885,
            336.4
          ],
          [
            138.74189,
            -34.88864,
            335.2
          ],
          [
            138.74185,
            -34.88875,
            334.7
          ],
          [
            138.74183,
            -34.88883,
            333.5
          ],
          [
            138.7418,
            -34.88896,
            331.2
          ],
          [
            138.74175,
            -34.88909,
            328.4
          ],
          [
            138.74169,
            -34.88919,
            326.6
          ],
          [
            138.74162,
            -34.88925,
            325.8
          ],
          [
            138.74156,
            -34.8893,
            324.9
          ],
          [
            138.74148,
            -34.88935,
            324.7
          ],
          [
            138.74131,
            -34.88944,
            324.3
          ],
          [
            138.74109,
            -34.88957,
            322.4
          ],
          [
            138.74104,
            -34.88961,
            321.2
          ],
          [
            138.74079,
            -34.8898,
            316.3
          ],
          [
            138.74037,
            -34.89007,
            313.8
          ],
          [
            138.74032,
            -34.8901,
            313.5
          ],
          [
            138.74027,
            -34.89012,
            313.2
          ],
          [
            138.74022,
            -34.89013,
            313.4
          ],
          [
            138.74006,
            -34.89018,
            312.9
          ],
          [
            138.73997,
            -34.89021,
            312.6
          ],
          [
            138.73988,
            -34.89024,
            312.6
          ],
          [
            138.7398,
            -34.89029,
            312.3
          ],
          [
            138.73977,
            -34.89031,
            312.2
          ],
          [
            138.73968,
            -34.89039,
            311.4
          ],
          [
            138.73963,
            -34.89046,
            310.6
          ],
          [
            138.73953,
            -34.89058,
            308.2
          ],
          [
            138.73948,
            -34.89061,
            307.8
          ],
          [
            138.73944,
            -34.89065,
            307.1
          ],
          [
            138.73936,
            -34.89068,
            307.8
          ],
          [
            138.73925,
            -34.89073,
            308.5
          ],
          [
            138.73914,
            -34.89077,
            309.3
          ],
          [
            138.73895,
            -34.89081,
            311.4
          ],
          [
            138.73885,
            -34.89085,
            310.9
          ],
          [
            138.73875,
            -34.89088,
            310.3
          ],
          [
            138.73858,
            -34.89091,
            309.1
          ],
          [
            138.73831,
            -34.89091,
            308.6
          ],
          [
            138.73806,
            -34.89091,
            306.5
          ],
          [
            138.737775,
            -34.89097,
            302.8
          ],
          [
            138.73749,
            -34.89103,
            301
          ],
          [
            138.73739,
            -34.89107,
            300.7
          ],
          [
            138.73724,
            -34.89113,
            301.2
          ],
          [
            138.73718,
            -34.89115,
            301.6
          ],
          [
            138.73692,
            -34.89126,
            302.3
          ],
          [
            138.73682,
            -34.89131,
            302.3
          ],
          [
            138.73676,
            -34.89135,
            301.8
          ],
          [
            138.73674,
            -34.89137,
            301.4
          ],
          [
            138.73669,
            -34.89141,
            300.9
          ],
          [
            138.73658,
            -34.8915,
            300.4
          ],
          [
            138.73638,
            -34.89173,
            301.7
          ],
          [
            138.73623,
            -34.89191,
            302.2
          ],
          [
            138.73617,
            -34.89205,
            300.8
          ],
          [
            138.73616,
            -34.89206,
            300.8
          ],
          [
            138.73615,
            -34.89209,
            300.4
          ],
          [
            138.73609,
            -34.89222,
            299.3
          ],
          [
            138.73606,
            -34.8923,
            298.4
          ],
          [
            138.73597,
            -34.89251,
            295.9
          ],
          [
            138.73589,
            -34.89266,
            294.2
          ],
          [
            138.73576,
            -34.89279,
            292.3
          ],
          [
            138.73564,
            -34.89287,
            291.4
          ],
          [
            138.7356,
            -34.8929,
            291
          ],
          [
            138.73532,
            -34.89304,
            289.4
          ],
          [
            138.73528,
            -34.89306,
            289.2
          ],
          [
            138.73491,
            -34.89326,
            289.1
          ],
          [
            138.73447,
            -34.89348,
            291.2
          ],
          [
            138.73433,
            -34.8935,
            291.5
          ],
          [
            138.73425,
            -34.8935,
            291.2
          ],
          [
            138.7342,
            -34.89349,
            290.9
          ],
          [
            138.73415,
            -34.89347,
            290.5
          ],
          [
            138.73411,
            -34.89345,
            290
          ],
          [
            138.73404,
            -34.89341,
            288.9
          ],
          [
            138.73398,
            -34.89337,
            287.9
          ],
          [
            138.73389,
            -34.89328,
            287.2
          ],
          [
            138.7338,
            -34.89318,
            286.6
          ],
          [
            138.73375,
            -34.89313,
            286.5
          ],
          [
            138.73371,
            -34.89311,
            286.5
          ],
          [
            138.73365,
            -34.89308,
            286.5
          ],
          [
            138.73359,
            -34.89306,
            286.8
          ],
          [
            138.73342,
            -34.89302,
            287.2
          ],
          [
            138.73326,
            -34.89295,
            285.4
          ],
          [
            138.73324,
            -34.89294,
            285.1
          ],
          [
            138.73322,
            -34.89292,
            284.4
          ],
          [
            138.73319,
            -34.8929,
            283.8
          ],
          [
            138.73312,
            -34.89281,
            280.6
          ],
          [
            138.73311,
            -34.89279,
            280.2
          ],
          [
            138.733,
            -34.89267,
            278.3
          ],
          [
            138.73293,
            -34.8926,
            277.2
          ],
          [
            138.73288,
            -34.89255,
            276.4
          ],
          [
            138.73286,
            -34.89254,
            276.5
          ],
          [
            138.73281,
            -34.89251,
            276.8
          ],
          [
            138.73275,
            -34.8925,
            277.4
          ],
          [
            138.73265,
            -34.89247,
            278.8
          ],
          [
            138.73245,
            -34.89246,
            280.9
          ],
          [
            138.73213,
            -34.89248,
            280.7
          ],
          [
            138.73183,
            -34.8925,
            281.6
          ],
          [
            138.73144,
            -34.89253,
            283.1
          ],
          [
            138.73119,
            -34.89249,
            282.4
          ],
          [
            138.73093,
            -34.8924,
            277.8
          ],
          [
            138.7309,
            -34.89239,
            277.6
          ],
          [
            138.7307,
            -34.89228,
            276.5
          ],
          [
            138.73057,
            -34.89223,
            276.4
          ],
          [
            138.7301,
            -34.8921,
            277.5
          ],
          [
            138.72997,
            -34.89206,
            276.6
          ],
          [
            138.72993,
            -34.89204,
            276.2
          ],
          [
            138.72981,
            -34.89198,
            275.5
          ],
          [
            138.72971,
            -34.8919,
            275.7
          ],
          [
            138.7296,
            -34.89179,
            273.5
          ],
          [
            138.72937,
            -34.89153,
            268
          ],
          [
            138.72924,
            -34.89142,
            267.6
          ],
          [
            138.72913,
            -34.8913,
            267.9
          ],
          [
            138.72905,
            -34.89123,
            269
          ],
          [
            138.72899,
            -34.89117,
            269.4
          ],
          [
            138.72881,
            -34.89101,
            270.2
          ],
          [
            138.72868,
            -34.89091,
            269.8
          ],
          [
            138.72846,
            -34.89075,
            266.9
          ],
          [
            138.72824,
            -34.89059,
            266.1
          ],
          [
            138.72799,
            -34.890405,
            268.2
          ],
          [
            138.72774,
            -34.89022,
            268.1
          ],
          [
            138.72759,
            -34.89012,
            266.6
          ],
          [
            138.72739,
            -34.89003,
            264.1
          ],
          [
            138.72721,
            -34.88999,
            262.7
          ],
          [
            138.726905,
            -34.889935,
            261.9
          ],
          [
            138.7266,
            -34.88988,
            262
          ],
          [
            138.72638,
            -34.88985,
            261
          ],
          [
            138.72623,
            -34.88982,
            260.6
          ],
          [
            138.72574,
            -34.88981,
            261.6
          ],
          [
            138.72529,
            -34.88981,
            259.7
          ],
          [
            138.72525,
            -34.88981,
            259.7
          ],
          [
            138.72519,
            -34.8898,
            259.7
          ],
          [
            138.7251,
            -34.88977,
            259.2
          ],
          [
            138.72501,
            -34.88973,
            258.2
          ],
          [
            138.72491,
            -34.88968,
            257.7
          ],
          [
            138.72488,
            -34.88966,
            257.5
          ],
          [
            138.72487,
            -34.88965,
            257.4
          ],
          [
            138.72481,
            -34.88959,
            256.8
          ],
          [
            138.72475,
            -34.88953,
            256.7
          ],
          [
            138.72474,
            -34.88952,
            256.7
          ],
          [
            138.7247,
            -34.88946,
            256.1
          ],
          [
            138.72461,
            -34.88934,
            254.8
          ],
          [
            138.72453,
            -34.88927,
            253.7
          ],
          [
            138.72444,
            -34.88922,
            252.8
          ],
          [
            138.72434,
            -34.88919,
            252.2
          ],
          [
            138.72426,
            -34.88918,
            252.1
          ],
          [
            138.72419,
            -34.88918,
            252.1
          ],
          [
            138.72414,
            -34.88919,
            252
          ],
          [
            138.72403,
            -34.88923,
            252.3
          ],
          [
            138.72387,
            -34.8893,
            253.8
          ],
          [
            138.72376,
            -34.88936,
            254.7
          ],
          [
            138.72351,
            -34.88948,
            256.2
          ],
          [
            138.7234,
            -34.88953,
            257
          ],
          [
            138.72331,
            -34.88956,
            256.8
          ],
          [
            138.72313,
            -34.88961,
            256.1
          ],
          [
            138.72298,
            -34.88963,
            254.6
          ],
          [
            138.72278,
            -34.88965,
            251.7
          ],
          [
            138.72277,
            -34.88966,
            251.6
          ],
          [
            138.72256,
            -34.88967,
            247.9
          ],
          [
            138.72255,
            -34.88967,
            247.7
          ],
          [
            138.72236,
            -34.88968,
            246.1
          ],
          [
            138.72213,
            -34.8897,
            246
          ],
          [
            138.72191,
            -34.88973,
            247
          ],
          [
            138.72169,
            -34.88976,
            247
          ],
          [
            138.72151,
            -34.88978,
            246.4
          ],
          [
            138.7214,
            -34.88979,
            246.2
          ],
          [
            138.72129,
            -34.8898,
            246.4
          ],
          [
            138.72119,
            -34.88978,
            245.2
          ],
          [
            138.72109,
            -34.88976,
            243.7
          ],
          [
            138.72099,
            -34.88972,
            242.2
          ],
          [
            138.72096,
            -34.8897,
            241.7
          ],
          [
            138.72091,
            -34.88967,
            241.2
          ],
          [
            138.72084,
            -34.88962,
            240.9
          ],
          [
            138.7208,
            -34.88958,
            240.8
          ],
          [
            138.72072,
            -34.88949,
            241.1
          ],
          [
            138.72067,
            -34.88942,
            241
          ],
          [
            138.72058,
            -34.88929,
            240.3
          ],
          [
            138.7205,
            -34.88919,
            240.8
          ],
          [
            138.7204,
            -34.88905,
            240.6
          ],
          [
            138.72034,
            -34.88898,
            239.7
          ],
          [
            138.72028,
            -34.88893,
            238.6
          ],
          [
            138.72024,
            -34.8889,
            238
          ],
          [
            138.72018,
            -34.88888,
            237.7
          ],
          [
            138.72011,
            -34.88886,
            237.3
          ],
          [
            138.72003,
            -34.88884,
            236.7
          ],
          [
            138.71998,
            -34.88884,
            236.5
          ],
          [
            138.71991,
            -34.88884,
            236
          ],
          [
            138.71986,
            -34.88885,
            235.8
          ],
          [
            138.7198,
            -34.88887,
            235.4
          ],
          [
            138.71974,
            -34.88889,
            235.1
          ],
          [
            138.71967,
            -34.88893,
            235.3
          ],
          [
            138.71956,
            -34.88901,
            235.9
          ],
          [
            138.7194,
            -34.88912,
            236.7
          ],
          [
            138.71923,
            -34.88924,
            237.6
          ],
          [
            138.71918,
            -34.88927,
            237.9
          ],
          [
            138.71907,
            -34.88935,
            239
          ],
          [
            138.71906,
            -34.88935,
            239
          ],
          [
            138.71891,
            -34.88941,
            238.6
          ],
          [
            138.7188,
            -34.88948,
            238.4
          ],
          [
            138.71871,
            -34.88953,
            237.8
          ],
          [
            138.71858,
            -34.88958,
            237.3
          ],
          [
            138.71854,
            -34.88959,
            237.1
          ],
          [
            138.71844,
            -34.88959,
            235.9
          ],
          [
            138.71835,
            -34.88958,
            234.7
          ],
          [
            138.71819,
            -34.88956,
            232.4
          ],
          [
            138.71795,
            -34.88948,
            230.1
          ],
          [
            138.71764,
            -34.88939,
            229.9
          ],
          [
            138.71763,
            -34.88939,
            229.9
          ],
          [
            138.71744,
            -34.88933,
            228.8
          ],
          [
            138.7174,
            -34.88932,
            228.5
          ],
          [
            138.71724,
            -34.88924,
            226.5
          ],
          [
            138.71711,
            -34.88911,
            224.7
          ],
          [
            138.71692,
            -34.88892,
            222.3
          ],
          [
            138.71683,
            -34.88886,
            220.7
          ],
          [
            138.71671,
            -34.88881,
            221
          ],
          [
            138.7166,
            -34.88879,
            221.8
          ],
          [
            138.71636,
            -34.88874,
            222.9
          ],
          [
            138.71614,
            -34.8887,
            223.5
          ],
          [
            138.71601,
            -34.88863,
            219.5
          ],
          [
            138.71587,
            -34.88855,
            218.8
          ],
          [
            138.71576,
            -34.88845,
            217.5
          ],
          [
            138.71564,
            -34.88833,
            218.3
          ],
          [
            138.71554,
            -34.88822,
            218.5
          ],
          [
            138.71551,
            -34.88818,
            218.1
          ],
          [
            138.7154,
            -34.88808,
            217.1
          ],
          [
            138.71534,
            -34.88802,
            216.6
          ],
          [
            138.71527,
            -34.88794,
            217
          ],
          [
            138.71514,
            -34.88781,
            217.2
          ],
          [
            138.71513,
            -34.8878,
            217.1
          ],
          [
            138.71497,
            -34.88767,
            216.6
          ],
          [
            138.71483,
            -34.88759,
            215.3
          ],
          [
            138.71479,
            -34.88757,
            214.7
          ],
          [
            138.7147,
            -34.88754,
            213.2
          ],
          [
            138.71455,
            -34.88752,
            211.1
          ],
          [
            138.71439,
            -34.88752,
            208.7
          ],
          [
            138.71417,
            -34.88753,
            207.9
          ],
          [
            138.71396,
            -34.88755,
            210.6
          ],
          [
            138.71377,
            -34.88757,
            216.1
          ],
          [
            138.71351,
            -34.88758,
            218.7
          ],
          [
            138.71329,
            -34.88759,
            214.3
          ],
          [
            138.71306,
            -34.88756,
            209.1
          ],
          [
            138.71286,
            -34.88753,
            206.1
          ],
          [
            138.71266,
            -34.88749,
            204.7
          ],
          [
            138.71247,
            -34.88747,
            206.5
          ],
          [
            138.71235,
            -34.88747,
            207.8
          ],
          [
            138.71215,
            -34.88747,
            207.4
          ],
          [
            138.7119,
            -34.88751,
            205.8
          ],
          [
            138.71154,
            -34.88756,
            207.2
          ],
          [
            138.71151,
            -34.88757,
            207.5
          ],
          [
            138.71132,
            -34.88759,
            207.1
          ],
          [
            138.71114,
            -34.88762,
            205.9
          ],
          [
            138.71111,
            -34.88762,
            205.5
          ],
          [
            138.71098,
            -34.88763,
            204.3
          ],
          [
            138.71082,
            -34.88764,
            202.7
          ],
          [
            138.71045,
            -34.88765,
            200.3
          ],
          [
            138.71036,
            -34.88765,
            199.2
          ],
          [
            138.71028,
            -34.88765,
            198.3
          ],
          [
            138.7102,
            -34.88766,
            197.7
          ],
          [
            138.71012,
            -34.88769,
            197.5
          ],
          [
            138.71005,
            -34.88772,
            197.7
          ],
          [
            138.71,
            -34.88775,
            198.1
          ],
          [
            138.70987,
            -34.88785,
            201.6
          ],
          [
            138.70981,
            -34.88788,
            203
          ],
          [
            138.70967,
            -34.88796,
            206.2
          ],
          [
            138.70956,
            -34.88801,
            206.8
          ],
          [
            138.7095,
            -34.88803,
            206.5
          ],
          [
            138.70944,
            -34.88805,
            206.1
          ],
          [
            138.70942,
            -34.88805,
            205.8
          ],
          [
            138.70929,
            -34.88806,
            203.5
          ],
          [
            138.70924,
            -34.88806,
            202.7
          ],
          [
            138.70921,
            -34.88806,
            202.2
          ],
          [
            138.70916,
            -34.88806,
            201.3
          ],
          [
            138.70908,
            -34.88804,
            199.8
          ],
          [
            138.70901,
            -34.88803,
            198.5
          ],
          [
            138.70892,
            -34.88798,
            196.2
          ]
        ]
      }
    },
    {
      "type": "Feature",
      "id": "norton-summit",
      "properties": {
        "featureId": "norton-summit",
        "stageCodes": [
          "SS15",
          "SS19"
        ],
        "name": "Norton Summit 1 & 2",
        "day": 2,
        "sourceMid": "1xpCx2cH8NgllswJUHqF5qYiHQx8LYPg",
        "termini": [
          {
            "name": "23 Woodland Way, Teringie SA 5072, Australia",
            "coordinate": [
              138.690976,
              -34.908369
            ]
          },
          {
            "name": "718A Norton Summit Rd, Norton Summit SA 5136, Australia",
            "coordinate": [
              138.723872,
              -34.92092
            ]
          }
        ]
      },
      "geometry": {
        "type": "LineString",
        "coordinates": [
          [
            138.69098,
            -34.90837,
            217
          ],
          [
            138.69113,
            -34.90848,
            216.4
          ],
          [
            138.69133,
            -34.90861,
            215.1
          ],
          [
            138.69148,
            -34.90873,
            215.5
          ],
          [
            138.69166,
            -34.90887,
            221.2
          ],
          [
            138.69194,
            -34.90909,
            225.9
          ],
          [
            138.69197,
            -34.90911,
            226.2
          ],
          [
            138.69212,
            -34.90921,
            227.7
          ],
          [
            138.69225,
            -34.90927,
            226.8
          ],
          [
            138.69248,
            -34.90936,
            223.4
          ],
          [
            138.69254,
            -34.90938,
            223.2
          ],
          [
            138.69296,
            -34.9095,
            226.6
          ],
          [
            138.69321,
            -34.90959,
            229.6
          ],
          [
            138.6933,
            -34.90964,
            230.8
          ],
          [
            138.69335,
            -34.90966,
            230.9
          ],
          [
            138.69342,
            -34.90971,
            231.1
          ],
          [
            138.693595,
            -34.909905,
            233.1
          ],
          [
            138.69377,
            -34.9101,
            233.8
          ],
          [
            138.69382,
            -34.91019,
            233.9
          ],
          [
            138.69401,
            -34.91054,
            231.8
          ],
          [
            138.69407,
            -34.91065,
            232.9
          ],
          [
            138.6942,
            -34.91091,
            235.6
          ],
          [
            138.69427,
            -34.91101,
            236.3
          ],
          [
            138.69435,
            -34.91109,
            236.7
          ],
          [
            138.69445,
            -34.91118,
            237.2
          ],
          [
            138.69452,
            -34.91124,
            237.7
          ],
          [
            138.6946,
            -34.9113,
            238.1
          ],
          [
            138.69472,
            -34.91137,
            239
          ],
          [
            138.69482,
            -34.91143,
            239.8
          ],
          [
            138.69488,
            -34.91146,
            240.6
          ],
          [
            138.69516,
            -34.91159,
            242.7
          ],
          [
            138.69535,
            -34.91168,
            242.9
          ],
          [
            138.6958,
            -34.91184,
            247.7
          ],
          [
            138.69596,
            -34.91191,
            249
          ],
          [
            138.69615,
            -34.912,
            248.9
          ],
          [
            138.69628,
            -34.91206,
            248.9
          ],
          [
            138.69637,
            -34.91211,
            249
          ],
          [
            138.69647,
            -34.91217,
            250.7
          ],
          [
            138.69653,
            -34.9122,
            251.5
          ],
          [
            138.69658,
            -34.91221,
            251.6
          ],
          [
            138.6967,
            -34.91224,
            251.1
          ],
          [
            138.6969,
            -34.91225,
            251
          ],
          [
            138.69696,
            -34.91225,
            251.7
          ],
          [
            138.69702,
            -34.91226,
            252.4
          ],
          [
            138.6971,
            -34.91228,
            253.6
          ],
          [
            138.69714,
            -34.91229,
            254.2
          ],
          [
            138.6972,
            -34.91231,
            255
          ],
          [
            138.69725,
            -34.91233,
            255.6
          ],
          [
            138.69757,
            -34.91251,
            263.3
          ],
          [
            138.69781,
            -34.91263,
            268.1
          ],
          [
            138.69785,
            -34.91264,
            268.4
          ],
          [
            138.69789,
            -34.91265,
            268.7
          ],
          [
            138.69792,
            -34.91265,
            268.8
          ],
          [
            138.69794,
            -34.91264,
            268.7
          ],
          [
            138.69798,
            -34.91263,
            268.7
          ],
          [
            138.698,
            -34.91261,
            268.7
          ],
          [
            138.69802,
            -34.91258,
            268.7
          ],
          [
            138.69804,
            -34.91256,
            268.7
          ],
          [
            138.69804,
            -34.91253,
            268.8
          ],
          [
            138.69804,
            -34.9125,
            269.1
          ],
          [
            138.69803,
            -34.91247,
            269.4
          ],
          [
            138.69801,
            -34.91243,
            269.6
          ],
          [
            138.69798,
            -34.91238,
            269.8
          ],
          [
            138.69782,
            -34.91216,
            268.4
          ],
          [
            138.69776,
            -34.9121,
            267.3
          ],
          [
            138.69772,
            -34.91204,
            267
          ],
          [
            138.69763,
            -34.91197,
            265.5
          ],
          [
            138.697285,
            -34.911767,
            262.7
          ],
          [
            138.69694,
            -34.911565,
            262.6
          ],
          [
            138.696595,
            -34.911362,
            262
          ],
          [
            138.69625,
            -34.91116,
            263.8
          ],
          [
            138.6962,
            -34.91112,
            264.3
          ],
          [
            138.69589,
            -34.91084,
            267.4
          ],
          [
            138.69587,
            -34.9108,
            267.4
          ],
          [
            138.69584,
            -34.91077,
            267
          ],
          [
            138.69583,
            -34.91074,
            267.1
          ],
          [
            138.69583,
            -34.91073,
            267.1
          ],
          [
            138.69583,
            -34.91071,
            267.3
          ],
          [
            138.69584,
            -34.91067,
            267.2
          ],
          [
            138.69586,
            -34.91064,
            267.4
          ],
          [
            138.69587,
            -34.91061,
            267.3
          ],
          [
            138.6959,
            -34.91059,
            267.7
          ],
          [
            138.69592,
            -34.91057,
            267.9
          ],
          [
            138.69597,
            -34.91054,
            267.8
          ],
          [
            138.69603,
            -34.9105,
            267.4
          ],
          [
            138.6961,
            -34.91047,
            268.1
          ],
          [
            138.69612,
            -34.91047,
            268.6
          ],
          [
            138.696537,
            -34.91037,
            276.4
          ],
          [
            138.696953,
            -34.91027,
            286.2
          ],
          [
            138.69737,
            -34.91017,
            294.3
          ],
          [
            138.69746,
            -34.91015,
            296.1
          ],
          [
            138.69754,
            -34.91012,
            297.5
          ],
          [
            138.69757,
            -34.9101,
            297.9
          ],
          [
            138.69763,
            -34.91007,
            299.3
          ],
          [
            138.6977,
            -34.91002,
            301.1
          ],
          [
            138.69773,
            -34.90999,
            301.8
          ],
          [
            138.69776,
            -34.90996,
            302.4
          ],
          [
            138.69777,
            -34.90993,
            302.3
          ],
          [
            138.69778,
            -34.90988,
            302
          ],
          [
            138.69777,
            -34.90984,
            301.1
          ],
          [
            138.69775,
            -34.90981,
            299.9
          ],
          [
            138.69772,
            -34.90977,
            298.3
          ],
          [
            138.69767,
            -34.90972,
            296
          ],
          [
            138.69761,
            -34.90968,
            294.2
          ],
          [
            138.69725,
            -34.90948,
            286.2
          ],
          [
            138.69694,
            -34.90927,
            286.4
          ],
          [
            138.69676,
            -34.90914,
            288.5
          ],
          [
            138.69655,
            -34.90899,
            291
          ],
          [
            138.69636,
            -34.90887,
            291.7
          ],
          [
            138.69633,
            -34.90883,
            291.9
          ],
          [
            138.69629,
            -34.90876,
            292.5
          ],
          [
            138.69626,
            -34.90867,
            293
          ],
          [
            138.69622,
            -34.90849,
            293.1
          ],
          [
            138.69622,
            -34.90841,
            293.1
          ],
          [
            138.69623,
            -34.90832,
            293.2
          ],
          [
            138.69625,
            -34.90824,
            293
          ],
          [
            138.69629,
            -34.90817,
            293.3
          ],
          [
            138.69632,
            -34.90812,
            293.5
          ],
          [
            138.69634,
            -34.90811,
            293.8
          ],
          [
            138.69635,
            -34.9081,
            293.9
          ],
          [
            138.69636,
            -34.90809,
            294
          ],
          [
            138.69638,
            -34.90808,
            294.2
          ],
          [
            138.69639,
            -34.90807,
            294.3
          ],
          [
            138.69641,
            -34.90806,
            294.6
          ],
          [
            138.69645,
            -34.90805,
            295.2
          ],
          [
            138.69651,
            -34.90805,
            296.3
          ],
          [
            138.69661,
            -34.90805,
            297.5
          ],
          [
            138.6968,
            -34.90811,
            300.3
          ],
          [
            138.69707,
            -34.90823,
            302.2
          ],
          [
            138.69716,
            -34.90827,
            301.4
          ],
          [
            138.69756,
            -34.90852,
            302
          ],
          [
            138.69779,
            -34.908675,
            303.7
          ],
          [
            138.69802,
            -34.90883,
            305.9
          ],
          [
            138.69811,
            -34.90891,
            307.6
          ],
          [
            138.69827,
            -34.90902,
            311
          ],
          [
            138.69835,
            -34.90909,
            311.8
          ],
          [
            138.69846,
            -34.90914,
            312.5
          ],
          [
            138.69857,
            -34.90918,
            313.4
          ],
          [
            138.69871,
            -34.9092,
            313.3
          ],
          [
            138.69899,
            -34.90923,
            313.4
          ],
          [
            138.69914,
            -34.90925,
            313.4
          ],
          [
            138.69924,
            -34.90928,
            313.5
          ],
          [
            138.69934,
            -34.90931,
            313.6
          ],
          [
            138.69945,
            -34.90935,
            313.4
          ],
          [
            138.69956,
            -34.90941,
            314.1
          ],
          [
            138.69964,
            -34.90947,
            315.6
          ],
          [
            138.69966,
            -34.90949,
            316.3
          ],
          [
            138.69971,
            -34.90954,
            318
          ],
          [
            138.69975,
            -34.90959,
            319.9
          ],
          [
            138.6998,
            -34.90963,
            320.7
          ],
          [
            138.69983,
            -34.90966,
            321.6
          ],
          [
            138.69994,
            -34.90972,
            323.3
          ],
          [
            138.70012,
            -34.90979,
            324.7
          ],
          [
            138.70017,
            -34.9098,
            324.6
          ],
          [
            138.70037,
            -34.90986,
            325.1
          ],
          [
            138.70073,
            -34.91,
            324.8
          ],
          [
            138.70089,
            -34.91008,
            326.4
          ],
          [
            138.7012,
            -34.91025,
            331.5
          ],
          [
            138.70131,
            -34.91031,
            334
          ],
          [
            138.70145,
            -34.91037,
            336.3
          ],
          [
            138.70153,
            -34.91039,
            337
          ],
          [
            138.70173,
            -34.91045,
            340.2
          ],
          [
            138.70213,
            -34.91057,
            342.6
          ],
          [
            138.70253,
            -34.91069,
            340.5
          ],
          [
            138.70293,
            -34.91081,
            338.9
          ],
          [
            138.70327,
            -34.91091,
            339.5
          ],
          [
            138.70351,
            -34.91099,
            344.9
          ],
          [
            138.70376,
            -34.91111,
            347.3
          ],
          [
            138.704035,
            -34.911265,
            351
          ],
          [
            138.70431,
            -34.91142,
            351.8
          ],
          [
            138.70457,
            -34.911585,
            353.3
          ],
          [
            138.70483,
            -34.91175,
            356.7
          ],
          [
            138.70489,
            -34.91179,
            357.9
          ],
          [
            138.70496,
            -34.91182,
            358.6
          ],
          [
            138.70502,
            -34.91182,
            359.3
          ],
          [
            138.70507,
            -34.91182,
            359.9
          ],
          [
            138.70512,
            -34.9118,
            360.2
          ],
          [
            138.70517,
            -34.91178,
            360.6
          ],
          [
            138.7052,
            -34.91175,
            360.5
          ],
          [
            138.70522,
            -34.91172,
            360.3
          ],
          [
            138.70524,
            -34.91168,
            359.8
          ],
          [
            138.70525,
            -34.91161,
            358.3
          ],
          [
            138.70525,
            -34.91155,
            356.8
          ],
          [
            138.70523,
            -34.91148,
            355
          ],
          [
            138.7052,
            -34.91142,
            353.2
          ],
          [
            138.70504,
            -34.91107,
            352.7
          ],
          [
            138.70488,
            -34.91072,
            354.8
          ],
          [
            138.70487,
            -34.91071,
            354.7
          ],
          [
            138.7048,
            -34.91057,
            356.1
          ],
          [
            138.70479,
            -34.91055,
            356.2
          ],
          [
            138.70459,
            -34.91024,
            357.8
          ],
          [
            138.70448,
            -34.91008,
            357.5
          ],
          [
            138.70439,
            -34.90993,
            358.2
          ],
          [
            138.70433,
            -34.90986,
            358.6
          ],
          [
            138.70427,
            -34.90978,
            359.7
          ],
          [
            138.70426,
            -34.90977,
            359.7
          ],
          [
            138.70417,
            -34.90968,
            359.8
          ],
          [
            138.70404,
            -34.90956,
            359.2
          ],
          [
            138.70393,
            -34.90942,
            360.6
          ],
          [
            138.70376,
            -34.90914,
            361.1
          ],
          [
            138.70364,
            -34.9089,
            361.2
          ],
          [
            138.70347,
            -34.9085,
            369.3
          ],
          [
            138.70341,
            -34.90832,
            372.6
          ],
          [
            138.70339,
            -34.9082,
            373.9
          ],
          [
            138.70338,
            -34.90811,
            374.6
          ],
          [
            138.70338,
            -34.90802,
            375.3
          ],
          [
            138.70345,
            -34.90785,
            376.3
          ],
          [
            138.70346,
            -34.90781,
            376.4
          ],
          [
            138.70352,
            -34.90768,
            376.3
          ],
          [
            138.70354,
            -34.90765,
            376.1
          ],
          [
            138.7036,
            -34.90751,
            375.3
          ],
          [
            138.70361,
            -34.90751,
            375.5
          ],
          [
            138.70371,
            -34.90735,
            375.2
          ],
          [
            138.7038,
            -34.90723,
            376.5
          ],
          [
            138.70383,
            -34.9072,
            376.8
          ],
          [
            138.70395,
            -34.90705,
            377.3
          ],
          [
            138.70414,
            -34.90684,
            379.7
          ],
          [
            138.70421,
            -34.90677,
            380.4
          ],
          [
            138.7043,
            -34.90668,
            379.8
          ],
          [
            138.70435,
            -34.90663,
            379.3
          ],
          [
            138.70439,
            -34.9066,
            379.3
          ],
          [
            138.70447,
            -34.90654,
            379.2
          ],
          [
            138.70452,
            -34.90651,
            378.6
          ],
          [
            138.70455,
            -34.9065,
            378.4
          ],
          [
            138.70462,
            -34.90646,
            376.9
          ],
          [
            138.70469,
            -34.90644,
            374.7
          ],
          [
            138.70472,
            -34.90644,
            374.1
          ],
          [
            138.70478,
            -34.90643,
            372.5
          ],
          [
            138.70487,
            -34.90644,
            370.1
          ],
          [
            138.70493,
            -34.90646,
            369
          ],
          [
            138.70494,
            -34.90646,
            368.6
          ],
          [
            138.70501,
            -34.90649,
            367.2
          ],
          [
            138.70507,
            -34.90654,
            367.1
          ],
          [
            138.7051,
            -34.90658,
            368
          ],
          [
            138.70514,
            -34.90666,
            371
          ],
          [
            138.70518,
            -34.90674,
            374.9
          ],
          [
            138.70519,
            -34.90675,
            375.3
          ],
          [
            138.70522,
            -34.90681,
            377.7
          ],
          [
            138.70528,
            -34.90689,
            380.5
          ],
          [
            138.70535,
            -34.90694,
            381.2
          ],
          [
            138.70548,
            -34.90702,
            380.8
          ],
          [
            138.70561,
            -34.9071,
            378.9
          ],
          [
            138.70564,
            -34.90712,
            378.4
          ],
          [
            138.70571,
            -34.90717,
            376.8
          ],
          [
            138.70574,
            -34.9072,
            376.1
          ],
          [
            138.70577,
            -34.90724,
            375.2
          ],
          [
            138.70577,
            -34.90725,
            375.3
          ],
          [
            138.7058,
            -34.9073,
            374.6
          ],
          [
            138.7058,
            -34.90735,
            375
          ],
          [
            138.7058,
            -34.90743,
            374.9
          ],
          [
            138.7058,
            -34.90754,
            375.5
          ],
          [
            138.7058,
            -34.90761,
            376
          ],
          [
            138.70579,
            -34.90778,
            380.3
          ],
          [
            138.70579,
            -34.90784,
            382.4
          ],
          [
            138.7058,
            -34.9079,
            384.1
          ],
          [
            138.70581,
            -34.90796,
            385.8
          ],
          [
            138.70584,
            -34.90805,
            387.8
          ],
          [
            138.70589,
            -34.90815,
            389.2
          ],
          [
            138.70594,
            -34.90826,
            391.4
          ],
          [
            138.70599,
            -34.90834,
            393
          ],
          [
            138.70606,
            -34.90841,
            394
          ],
          [
            138.70614,
            -34.90846,
            394.6
          ],
          [
            138.70621,
            -34.90849,
            394.7
          ],
          [
            138.70627,
            -34.9085,
            394.5
          ],
          [
            138.70639,
            -34.90852,
            393.8
          ],
          [
            138.70645,
            -34.90854,
            393.7
          ],
          [
            138.70651,
            -34.90856,
            393.8
          ],
          [
            138.70659,
            -34.9086,
            394.7
          ],
          [
            138.70667,
            -34.90864,
            394.7
          ],
          [
            138.70678,
            -34.9087,
            393.8
          ],
          [
            138.7069,
            -34.90879,
            392.9
          ],
          [
            138.70697,
            -34.90883,
            391.6
          ],
          [
            138.70703,
            -34.90889,
            391.3
          ],
          [
            138.70709,
            -34.90893,
            391.6
          ],
          [
            138.70728,
            -34.90911,
            396.7
          ],
          [
            138.70734,
            -34.90915,
            397.8
          ],
          [
            138.70736,
            -34.90916,
            398
          ],
          [
            138.70743,
            -34.90921,
            399.1
          ],
          [
            138.70753,
            -34.90926,
            400.1
          ],
          [
            138.70763,
            -34.90931,
            400.7
          ],
          [
            138.70771,
            -34.90933,
            400
          ],
          [
            138.70771,
            -34.90934,
            400.4
          ],
          [
            138.70792,
            -34.9094,
            400.2
          ],
          [
            138.70798,
            -34.90943,
            400.9
          ],
          [
            138.70805,
            -34.90945,
            401.3
          ],
          [
            138.70811,
            -34.90948,
            401.5
          ],
          [
            138.70812,
            -34.90948,
            401.3
          ],
          [
            138.70819,
            -34.90952,
            401.8
          ],
          [
            138.70842,
            -34.90965,
            402.9
          ],
          [
            138.70865,
            -34.90978,
            402.8
          ],
          [
            138.70872,
            -34.90983,
            403.5
          ],
          [
            138.70876,
            -34.90986,
            404.2
          ],
          [
            138.7088,
            -34.9099,
            404.4
          ],
          [
            138.70885,
            -34.90994,
            404.4
          ],
          [
            138.70889,
            -34.90998,
            404.7
          ],
          [
            138.70892,
            -34.91004,
            405.8
          ],
          [
            138.709,
            -34.91015,
            407.1
          ],
          [
            138.70907,
            -34.91027,
            408.8
          ],
          [
            138.70925,
            -34.91059,
            413.1
          ],
          [
            138.70932,
            -34.91069,
            415.7
          ],
          [
            138.70933,
            -34.9107,
            415.9
          ],
          [
            138.70946,
            -34.91084,
            417.9
          ],
          [
            138.70946,
            -34.91085,
            418.3
          ],
          [
            138.70957,
            -34.91094,
            419.4
          ],
          [
            138.70963,
            -34.91099,
            420.6
          ],
          [
            138.70969,
            -34.91101,
            420.6
          ],
          [
            138.7098,
            -34.91104,
            420.3
          ],
          [
            138.71002,
            -34.91109,
            419.2
          ],
          [
            138.71017,
            -34.91112,
            419.1
          ],
          [
            138.71029,
            -34.91114,
            419.3
          ],
          [
            138.71042,
            -34.91114,
            419.3
          ],
          [
            138.71051,
            -34.91114,
            419.8
          ],
          [
            138.71061,
            -34.91112,
            420.2
          ],
          [
            138.71075,
            -34.91111,
            420.8
          ],
          [
            138.71087,
            -34.9111,
            420.9
          ],
          [
            138.71099,
            -34.9111,
            421
          ],
          [
            138.7111,
            -34.91111,
            420.6
          ],
          [
            138.71125,
            -34.91114,
            421.2
          ],
          [
            138.71139,
            -34.91118,
            422.3
          ],
          [
            138.71156,
            -34.91122,
            424
          ],
          [
            138.71171,
            -34.91127,
            425.3
          ],
          [
            138.71187,
            -34.91133,
            425.1
          ],
          [
            138.71203,
            -34.91141,
            426.7
          ],
          [
            138.71216,
            -34.91148,
            426.6
          ],
          [
            138.71245,
            -34.91167,
            422.7
          ],
          [
            138.7126,
            -34.91178,
            421.7
          ],
          [
            138.71278,
            -34.9119,
            422.8
          ],
          [
            138.71288,
            -34.91196,
            424.5
          ],
          [
            138.713,
            -34.91202,
            425.9
          ],
          [
            138.71311,
            -34.91206,
            426.3
          ],
          [
            138.71327,
            -34.91213,
            427.2
          ],
          [
            138.71331,
            -34.91215,
            427.5
          ],
          [
            138.71338,
            -34.91219,
            428
          ],
          [
            138.71343,
            -34.91222,
            428.2
          ],
          [
            138.71349,
            -34.91226,
            428.4
          ],
          [
            138.71356,
            -34.91231,
            427.9
          ],
          [
            138.71374,
            -34.9125,
            427
          ],
          [
            138.714053,
            -34.912837,
            425.1
          ],
          [
            138.714367,
            -34.913173,
            422.2
          ],
          [
            138.71468,
            -34.91351,
            423.7
          ],
          [
            138.71476,
            -34.91361,
            425.8
          ],
          [
            138.71476,
            -34.91362,
            426.1
          ],
          [
            138.71483,
            -34.9137,
            426.7
          ],
          [
            138.71489,
            -34.91379,
            427.5
          ],
          [
            138.71502,
            -34.914,
            426.7
          ],
          [
            138.71523,
            -34.91433,
            429.6
          ],
          [
            138.71531,
            -34.91444,
            431.7
          ],
          [
            138.71536,
            -34.9145,
            433.1
          ],
          [
            138.71543,
            -34.91456,
            434.5
          ],
          [
            138.71553,
            -34.91464,
            436.1
          ],
          [
            138.71563,
            -34.91471,
            437.1
          ],
          [
            138.71575,
            -34.91478,
            437.2
          ],
          [
            138.7159,
            -34.91485,
            436.7
          ],
          [
            138.71612,
            -34.91494,
            439.2
          ],
          [
            138.71641,
            -34.91503,
            441.3
          ],
          [
            138.71654,
            -34.91508,
            441.3
          ],
          [
            138.71658,
            -34.9151,
            441.1
          ],
          [
            138.71667,
            -34.91516,
            440.7
          ],
          [
            138.71673,
            -34.91521,
            440.4
          ],
          [
            138.71677,
            -34.91526,
            440.1
          ],
          [
            138.7168,
            -34.91531,
            439.9
          ],
          [
            138.716895,
            -34.915525,
            439.8
          ],
          [
            138.71699,
            -34.91574,
            440.4
          ],
          [
            138.71703,
            -34.91584,
            442.1
          ],
          [
            138.71708,
            -34.91593,
            444.3
          ],
          [
            138.71714,
            -34.91601,
            446.4
          ],
          [
            138.71715,
            -34.91602,
            446.7
          ],
          [
            138.7173,
            -34.91613,
            448.3
          ],
          [
            138.717665,
            -34.916395,
            451.4
          ],
          [
            138.71803,
            -34.91666,
            449.3
          ],
          [
            138.71815,
            -34.91676,
            448
          ],
          [
            138.71845,
            -34.91697,
            446.5
          ],
          [
            138.71866,
            -34.9171,
            444.8
          ],
          [
            138.71892,
            -34.91723,
            440.4
          ],
          [
            138.71909,
            -34.91734,
            438.1
          ],
          [
            138.7193,
            -34.91749,
            440.6
          ],
          [
            138.71946,
            -34.9176,
            443.2
          ],
          [
            138.71979,
            -34.91779,
            447.3
          ],
          [
            138.71992,
            -34.91788,
            448.7
          ],
          [
            138.71999,
            -34.91797,
            448.9
          ],
          [
            138.72006,
            -34.91808,
            449
          ],
          [
            138.72016,
            -34.91824,
            447.8
          ],
          [
            138.72025,
            -34.91837,
            446
          ],
          [
            138.72026,
            -34.91837,
            446.1
          ],
          [
            138.72035,
            -34.91845,
            443.7
          ],
          [
            138.72044,
            -34.91851,
            442
          ],
          [
            138.72053,
            -34.91854,
            441.1
          ],
          [
            138.72062,
            -34.91856,
            440.4
          ],
          [
            138.72073,
            -34.91856,
            440.2
          ],
          [
            138.72081,
            -34.91854,
            440.9
          ],
          [
            138.7209,
            -34.91852,
            441.6
          ],
          [
            138.72112,
            -34.91842,
            443.8
          ],
          [
            138.72123,
            -34.91838,
            444.3
          ],
          [
            138.72136,
            -34.91832,
            445.3
          ],
          [
            138.72141,
            -34.91831,
            445.2
          ],
          [
            138.72146,
            -34.9183,
            445.2
          ],
          [
            138.7215,
            -34.9183,
            445.2
          ],
          [
            138.72155,
            -34.91829,
            445.5
          ],
          [
            138.72162,
            -34.9183,
            445.3
          ],
          [
            138.72166,
            -34.91831,
            445.5
          ],
          [
            138.72174,
            -34.91834,
            445.9
          ],
          [
            138.72181,
            -34.91837,
            446.4
          ],
          [
            138.72186,
            -34.91841,
            446.7
          ],
          [
            138.72192,
            -34.91845,
            447.3
          ],
          [
            138.72199,
            -34.91853,
            448
          ],
          [
            138.72203,
            -34.91859,
            448.6
          ],
          [
            138.72206,
            -34.91865,
            449.1
          ],
          [
            138.7221,
            -34.91875,
            450
          ],
          [
            138.72215,
            -34.91887,
            451.5
          ],
          [
            138.72219,
            -34.91895,
            451.7
          ],
          [
            138.72223,
            -34.91901,
            452.4
          ],
          [
            138.7224,
            -34.91926,
            455.7
          ],
          [
            138.72241,
            -34.91931,
            455.5
          ],
          [
            138.72242,
            -34.91937,
            455.1
          ],
          [
            138.72242,
            -34.91943,
            454.4
          ],
          [
            138.72242,
            -34.91944,
            454.3
          ],
          [
            138.72242,
            -34.91952,
            453.8
          ],
          [
            138.7224,
            -34.91959,
            452.8
          ],
          [
            138.72238,
            -34.91965,
            452.2
          ],
          [
            138.72233,
            -34.91983,
            450.7
          ],
          [
            138.72232,
            -34.9199,
            450.1
          ],
          [
            138.72232,
            -34.91997,
            449.6
          ],
          [
            138.72233,
            -34.92004,
            449.1
          ],
          [
            138.72243,
            -34.92033,
            445.6
          ],
          [
            138.72246,
            -34.9204,
            444.3
          ],
          [
            138.72251,
            -34.92047,
            442.7
          ],
          [
            138.72251,
            -34.92048,
            442.4
          ],
          [
            138.72256,
            -34.92053,
            441.2
          ],
          [
            138.72262,
            -34.92057,
            440.4
          ],
          [
            138.72267,
            -34.92059,
            439.7
          ],
          [
            138.72271,
            -34.92061,
            438.7
          ],
          [
            138.7228,
            -34.92063,
            437.7
          ],
          [
            138.72288,
            -34.92064,
            437.6
          ],
          [
            138.72321,
            -34.920645,
            441.2
          ],
          [
            138.72354,
            -34.92065,
            446
          ],
          [
            138.72362,
            -34.92067,
            447.9
          ],
          [
            138.72369,
            -34.9207,
            449.5
          ],
          [
            138.72375,
            -34.92074,
            451.3
          ],
          [
            138.72384,
            -34.92085,
            454.6
          ],
          [
            138.72387,
            -34.92092,
            455.8
          ]
        ]
      }
    },
    {
      "type": "Feature",
      "id": "knotts-range",
      "properties": {
        "featureId": "knotts-range",
        "stageCodes": [
          "SS16"
        ],
        "name": "Knotts Range",
        "day": 2,
        "sourceMid": "1xpCx2cH8NgllswJUHqF5qYiHQx8LYPg",
        "termini": [
          {
            "name": "145 Marble Hill Rd, Ashton SA 5137, Australia",
            "coordinate": [
              138.745796,
              -34.931655
            ]
          },
          {
            "name": "18 Sharps Rd, Carey Gully SA 5144, Australia",
            "coordinate": [
              138.773394,
              -34.962794
            ]
          }
        ]
      },
      "geometry": {
        "type": "LineString",
        "coordinates": [
          [
            138.7458,
            -34.93166,
            547.8
          ],
          [
            138.74595,
            -34.93157,
            547.8
          ],
          [
            138.74615,
            -34.93152,
            545.7
          ],
          [
            138.74644,
            -34.93149,
            542.3
          ],
          [
            138.74653,
            -34.93147,
            541.7
          ],
          [
            138.74655,
            -34.93147,
            541.4
          ],
          [
            138.74678,
            -34.93141,
            539.1
          ],
          [
            138.74698,
            -34.93133,
            536.4
          ],
          [
            138.74699,
            -34.93132,
            536.4
          ],
          [
            138.74715,
            -34.93126,
            534.1
          ],
          [
            138.74725,
            -34.9312,
            532.5
          ],
          [
            138.74728,
            -34.93119,
            531.8
          ],
          [
            138.74732,
            -34.93116,
            531.3
          ],
          [
            138.7474,
            -34.93112,
            530
          ],
          [
            138.74743,
            -34.93109,
            530
          ],
          [
            138.74754,
            -34.93104,
            528.2
          ],
          [
            138.74768,
            -34.93101,
            525.8
          ],
          [
            138.74789,
            -34.93101,
            522.3
          ],
          [
            138.74802,
            -34.93098,
            522.2
          ],
          [
            138.74803,
            -34.93097,
            522.3
          ],
          [
            138.74806,
            -34.93096,
            522.3
          ],
          [
            138.74808,
            -34.93094,
            522.4
          ],
          [
            138.74819,
            -34.93087,
            521.9
          ],
          [
            138.74833,
            -34.93065,
            525.1
          ],
          [
            138.74838,
            -34.93051,
            527.9
          ],
          [
            138.74857,
            -34.93018,
            525.7
          ],
          [
            138.74873,
            -34.93006,
            521
          ],
          [
            138.74877,
            -34.93004,
            520.2
          ],
          [
            138.74882,
            -34.93003,
            519
          ],
          [
            138.74887,
            -34.93001,
            518
          ],
          [
            138.74892,
            -34.93,
            516.8
          ],
          [
            138.74897,
            -34.93,
            515.9
          ],
          [
            138.74903,
            -34.92999,
            515
          ],
          [
            138.74908,
            -34.92999,
            514.2
          ],
          [
            138.74914,
            -34.93,
            513.2
          ],
          [
            138.74943,
            -34.93,
            507.8
          ],
          [
            138.74951,
            -34.92999,
            505.2
          ],
          [
            138.7496,
            -34.92996,
            502.9
          ],
          [
            138.74967,
            -34.92995,
            501.7
          ],
          [
            138.7497,
            -34.92993,
            501.5
          ],
          [
            138.74972,
            -34.92993,
            501.1
          ],
          [
            138.7498,
            -34.9299,
            499.9
          ],
          [
            138.74982,
            -34.92988,
            499.8
          ],
          [
            138.74986,
            -34.92986,
            499.4
          ],
          [
            138.74987,
            -34.92986,
            499.2
          ],
          [
            138.74988,
            -34.92985,
            499.1
          ],
          [
            138.7499,
            -34.92984,
            498.9
          ],
          [
            138.74991,
            -34.92984,
            498.7
          ],
          [
            138.74995,
            -34.92982,
            498.1
          ],
          [
            138.74998,
            -34.92979,
            498
          ],
          [
            138.75005,
            -34.92975,
            497.5
          ],
          [
            138.75033,
            -34.92951,
            495.1
          ],
          [
            138.75053,
            -34.92929,
            491.2
          ],
          [
            138.750775,
            -34.929125,
            490
          ],
          [
            138.75102,
            -34.92896,
            491.9
          ],
          [
            138.75133,
            -34.9288,
            495
          ],
          [
            138.75136,
            -34.92877,
            495
          ],
          [
            138.75137,
            -34.92877,
            495
          ],
          [
            138.75155,
            -34.92869,
            494.6
          ],
          [
            138.751953,
            -34.92855,
            490.6
          ],
          [
            138.752357,
            -34.92841,
            489
          ],
          [
            138.75276,
            -34.92827,
            487.6
          ],
          [
            138.75317,
            -34.92809,
            486.1
          ],
          [
            138.75336,
            -34.92804,
            485.9
          ],
          [
            138.75353,
            -34.92802,
            485.1
          ],
          [
            138.75366,
            -34.92804,
            484.2
          ],
          [
            138.75372,
            -34.92807,
            483.7
          ],
          [
            138.75374,
            -34.92807,
            483.7
          ],
          [
            138.75379,
            -34.9281,
            483.5
          ],
          [
            138.7538,
            -34.92812,
            483.3
          ],
          [
            138.75383,
            -34.92813,
            483.2
          ],
          [
            138.75385,
            -34.92816,
            483
          ],
          [
            138.75398,
            -34.92827,
            483.3
          ],
          [
            138.75401,
            -34.92838,
            482.3
          ],
          [
            138.75405,
            -34.92847,
            481.3
          ],
          [
            138.75418,
            -34.92868,
            477.9
          ],
          [
            138.75438,
            -34.92892,
            471.5
          ],
          [
            138.75458,
            -34.92904,
            467.7
          ],
          [
            138.75475,
            -34.9291,
            467.4
          ],
          [
            138.75492,
            -34.92912,
            469.2
          ],
          [
            138.75533,
            -34.92922,
            468.9
          ],
          [
            138.75547,
            -34.92924,
            469.9
          ],
          [
            138.75585,
            -34.92934,
            468.5
          ],
          [
            138.75613,
            -34.92947,
            466.2
          ],
          [
            138.75661,
            -34.92965,
            461.2
          ],
          [
            138.75699,
            -34.92974,
            458.5
          ],
          [
            138.7572,
            -34.92975,
            459.9
          ],
          [
            138.75724,
            -34.92976,
            460.1
          ],
          [
            138.75729,
            -34.92976,
            461
          ],
          [
            138.75738,
            -34.92978,
            461.6
          ],
          [
            138.75744,
            -34.92981,
            461.1
          ],
          [
            138.75748,
            -34.92984,
            460.4
          ],
          [
            138.75754,
            -34.92991,
            458.6
          ],
          [
            138.75762,
            -34.93004,
            454.9
          ],
          [
            138.75769,
            -34.93013,
            452.6
          ],
          [
            138.75774,
            -34.93018,
            451.8
          ],
          [
            138.75784,
            -34.93025,
            450.9
          ],
          [
            138.75825,
            -34.93042,
            449.6
          ],
          [
            138.75832,
            -34.93046,
            448.4
          ],
          [
            138.75864,
            -34.93059,
            446.1
          ],
          [
            138.75896,
            -34.93072,
            443.4
          ],
          [
            138.759315,
            -34.930815,
            440.4
          ],
          [
            138.75967,
            -34.93091,
            436.4
          ],
          [
            138.7601,
            -34.93107,
            427.9
          ],
          [
            138.76017,
            -34.93108,
            427.3
          ],
          [
            138.76024,
            -34.9311,
            426.4
          ],
          [
            138.76036,
            -34.93111,
            425.5
          ],
          [
            138.76045,
            -34.93109,
            425.5
          ],
          [
            138.76059,
            -34.931,
            427.4
          ],
          [
            138.76071,
            -34.93089,
            429.6
          ],
          [
            138.76078,
            -34.93087,
            430.1
          ],
          [
            138.76107,
            -34.93088,
            428.7
          ],
          [
            138.76127,
            -34.93087,
            426.9
          ],
          [
            138.7615,
            -34.93084,
            425.3
          ],
          [
            138.761765,
            -34.93077,
            423.3
          ],
          [
            138.76203,
            -34.9307,
            419.7
          ],
          [
            138.76248,
            -34.93053,
            415.2
          ],
          [
            138.76265,
            -34.93042,
            413.7
          ],
          [
            138.76287,
            -34.9302,
            411.1
          ],
          [
            138.76291,
            -34.93013,
            411.4
          ],
          [
            138.76302,
            -34.93003,
            409.6
          ],
          [
            138.76316,
            -34.92995,
            406.6
          ],
          [
            138.763415,
            -34.92985,
            401.7
          ],
          [
            138.76367,
            -34.92975,
            396.4
          ],
          [
            138.76387,
            -34.92971,
            393.5
          ],
          [
            138.76426,
            -34.92968,
            387.7
          ],
          [
            138.76444,
            -34.92962,
            385.5
          ],
          [
            138.76464,
            -34.92948,
            382.2
          ],
          [
            138.76485,
            -34.92927,
            378.5
          ],
          [
            138.76516,
            -34.92905,
            374.1
          ],
          [
            138.76531,
            -34.92897,
            371.3
          ],
          [
            138.7655,
            -34.92889,
            368
          ],
          [
            138.76572,
            -34.92883,
            364.4
          ],
          [
            138.76587,
            -34.92883,
            362.5
          ],
          [
            138.76602,
            -34.92886,
            360.6
          ],
          [
            138.76638,
            -34.92887,
            357.2
          ],
          [
            138.76672,
            -34.92879,
            353.1
          ],
          [
            138.76708,
            -34.92864,
            347.4
          ],
          [
            138.76736,
            -34.92843,
            348.1
          ],
          [
            138.76747,
            -34.92832,
            350.2
          ],
          [
            138.767685,
            -34.927995,
            353
          ],
          [
            138.7679,
            -34.92767,
            355.7
          ],
          [
            138.76796,
            -34.92762,
            355.7
          ],
          [
            138.7681,
            -34.92755,
            354.4
          ],
          [
            138.76832,
            -34.92751,
            350.7
          ],
          [
            138.76862,
            -34.92748,
            346
          ],
          [
            138.76874,
            -34.92748,
            345.1
          ],
          [
            138.76889,
            -34.92743,
            346
          ],
          [
            138.76892,
            -34.9276,
            343
          ],
          [
            138.76912,
            -34.92795,
            344.7
          ],
          [
            138.769285,
            -34.92835,
            349.3
          ],
          [
            138.76945,
            -34.92875,
            352.4
          ],
          [
            138.76953,
            -34.929,
            347.8
          ],
          [
            138.76968,
            -34.929225,
            346.3
          ],
          [
            138.76983,
            -34.92945,
            346.6
          ],
          [
            138.76999,
            -34.92972,
            350
          ],
          [
            138.77015,
            -34.92999,
            350.9
          ],
          [
            138.77029,
            -34.93031,
            349.2
          ],
          [
            138.77034,
            -34.93047,
            348.8
          ],
          [
            138.77034,
            -34.93048,
            348.7
          ],
          [
            138.77051,
            -34.930813,
            347.9
          ],
          [
            138.77068,
            -34.931147,
            348.1
          ],
          [
            138.77085,
            -34.93148,
            351.1
          ],
          [
            138.77086,
            -34.93158,
            352.5
          ],
          [
            138.77085,
            -34.93194,
            360.7
          ],
          [
            138.77084,
            -34.9323,
            365.7
          ],
          [
            138.77083,
            -34.93266,
            364.1
          ],
          [
            138.770875,
            -34.932945,
            362.8
          ],
          [
            138.77092,
            -34.93323,
            360.8
          ],
          [
            138.77092,
            -34.93333,
            360.7
          ],
          [
            138.77086,
            -34.93375,
            361.6
          ],
          [
            138.77083,
            -34.93383,
            361.7
          ],
          [
            138.77081,
            -34.93394,
            361.6
          ],
          [
            138.77074,
            -34.93411,
            361.6
          ],
          [
            138.77066,
            -34.93426,
            363.2
          ],
          [
            138.770443,
            -34.9346,
            368.5
          ],
          [
            138.770227,
            -34.93494,
            380.8
          ],
          [
            138.77001,
            -34.93528,
            382.8
          ],
          [
            138.76993,
            -34.93546,
            382.1
          ],
          [
            138.76988,
            -34.93561,
            382.4
          ],
          [
            138.769855,
            -34.935975,
            387.5
          ],
          [
            138.76983,
            -34.93634,
            385.6
          ],
          [
            138.76984,
            -34.93649,
            388.7
          ],
          [
            138.76983,
            -34.93681,
            391.9
          ],
          [
            138.76984,
            -34.93684,
            391.6
          ],
          [
            138.76984,
            -34.93687,
            391.6
          ],
          [
            138.76988,
            -34.93695,
            391.4
          ],
          [
            138.76992,
            -34.93699,
            391.3
          ],
          [
            138.76995,
            -34.937,
            390.9
          ],
          [
            138.77028,
            -34.93719,
            390.1
          ],
          [
            138.77036,
            -34.93725,
            390
          ],
          [
            138.77039,
            -34.93729,
            389.9
          ],
          [
            138.77052,
            -34.93742,
            387.7
          ],
          [
            138.77057,
            -34.93749,
            386.4
          ],
          [
            138.77059,
            -34.93753,
            385.7
          ],
          [
            138.77062,
            -34.93763,
            384.4
          ],
          [
            138.77062,
            -34.93768,
            384.3
          ],
          [
            138.77055,
            -34.93797,
            386.2
          ],
          [
            138.77051,
            -34.93807,
            388
          ],
          [
            138.77031,
            -34.93837,
            394.2
          ],
          [
            138.770075,
            -34.938585,
            399.9
          ],
          [
            138.76984,
            -34.9388,
            404.2
          ],
          [
            138.76975,
            -34.9389,
            406
          ],
          [
            138.76955,
            -34.93918,
            408.5
          ],
          [
            138.7695,
            -34.93928,
            409.1
          ],
          [
            138.76947,
            -34.93932,
            409.5
          ],
          [
            138.76941,
            -34.93944,
            410.4
          ],
          [
            138.76932,
            -34.9398,
            412.8
          ],
          [
            138.76929,
            -34.93988,
            413.7
          ],
          [
            138.76947,
            -34.93989,
            412.6
          ],
          [
            138.76949,
            -34.9399,
            412.6
          ],
          [
            138.76952,
            -34.9399,
            412.3
          ],
          [
            138.76981,
            -34.94001,
            410.7
          ],
          [
            138.76983,
            -34.94001,
            410.5
          ],
          [
            138.77011,
            -34.94014,
            408.8
          ],
          [
            138.77024,
            -34.94023,
            408.7
          ],
          [
            138.7703,
            -34.94031,
            409.4
          ],
          [
            138.77044,
            -34.940565,
            411.4
          ],
          [
            138.77058,
            -34.94082,
            413.2
          ],
          [
            138.77061,
            -34.94085,
            412.9
          ],
          [
            138.77062,
            -34.94087,
            412.8
          ],
          [
            138.77066,
            -34.94091,
            412.1
          ],
          [
            138.7709,
            -34.94108,
            408.5
          ],
          [
            138.77096,
            -34.94114,
            407.1
          ],
          [
            138.771,
            -34.94123,
            405.5
          ],
          [
            138.771,
            -34.94134,
            404.5
          ],
          [
            138.77096,
            -34.94157,
            402.7
          ],
          [
            138.77096,
            -34.94166,
            401.1
          ],
          [
            138.770925,
            -34.94193,
            397.6
          ],
          [
            138.77089,
            -34.9422,
            396.2
          ],
          [
            138.77084,
            -34.94231,
            398
          ],
          [
            138.77071,
            -34.94251,
            403.1
          ],
          [
            138.77068,
            -34.94254,
            404.6
          ],
          [
            138.77067,
            -34.94256,
            405.1
          ],
          [
            138.77059,
            -34.94285,
            408.5
          ],
          [
            138.77055,
            -34.94317,
            407.1
          ],
          [
            138.77051,
            -34.94349,
            402.2
          ],
          [
            138.77052,
            -34.94352,
            401.3
          ],
          [
            138.77052,
            -34.94357,
            400.2
          ],
          [
            138.77053,
            -34.94361,
            399
          ],
          [
            138.77055,
            -34.94364,
            398
          ],
          [
            138.77056,
            -34.94367,
            397.4
          ],
          [
            138.77063,
            -34.94378,
            395
          ],
          [
            138.77073,
            -34.94385,
            393.5
          ],
          [
            138.77088,
            -34.94389,
            393.7
          ],
          [
            138.77099,
            -34.94389,
            394.8
          ],
          [
            138.77106,
            -34.94385,
            395
          ],
          [
            138.7711,
            -34.9438,
            395.2
          ],
          [
            138.77111,
            -34.94377,
            395.2
          ],
          [
            138.77112,
            -34.94376,
            395.4
          ],
          [
            138.77117,
            -34.94345,
            397.3
          ],
          [
            138.77117,
            -34.94341,
            397.6
          ],
          [
            138.77119,
            -34.94336,
            398.3
          ],
          [
            138.77121,
            -34.94334,
            398.8
          ],
          [
            138.77122,
            -34.94332,
            399.1
          ],
          [
            138.77124,
            -34.9433,
            399.6
          ],
          [
            138.77127,
            -34.94329,
            400.2
          ],
          [
            138.77129,
            -34.94327,
            400.7
          ],
          [
            138.77137,
            -34.94326,
            402.2
          ],
          [
            138.7715,
            -34.94326,
            404.5
          ],
          [
            138.77155,
            -34.94328,
            405.2
          ],
          [
            138.77167,
            -34.94328,
            407.3
          ],
          [
            138.77171,
            -34.94327,
            408.1
          ],
          [
            138.7718,
            -34.94322,
            409.7
          ],
          [
            138.77183,
            -34.94317,
            410.7
          ],
          [
            138.77183,
            -34.94315,
            411
          ],
          [
            138.77184,
            -34.94311,
            411.8
          ],
          [
            138.77184,
            -34.94301,
            413
          ],
          [
            138.77181,
            -34.94274,
            412.2
          ],
          [
            138.77182,
            -34.94271,
            412.2
          ],
          [
            138.77184,
            -34.94268,
            412.6
          ],
          [
            138.77193,
            -34.9426,
            414.5
          ],
          [
            138.77207,
            -34.9425,
            417.1
          ],
          [
            138.77213,
            -34.94247,
            417.6
          ],
          [
            138.77222,
            -34.94239,
            417.5
          ],
          [
            138.77235,
            -34.94213,
            417.9
          ],
          [
            138.77242,
            -34.94202,
            418.1
          ],
          [
            138.77271,
            -34.94174,
            415.8
          ],
          [
            138.77281,
            -34.94167,
            414.8
          ],
          [
            138.77293,
            -34.94163,
            414.1
          ],
          [
            138.77305,
            -34.94163,
            413.2
          ],
          [
            138.77316,
            -34.94166,
            412.2
          ],
          [
            138.77322,
            -34.94169,
            411.5
          ],
          [
            138.77338,
            -34.94183,
            410.7
          ],
          [
            138.77348,
            -34.94195,
            410.4
          ],
          [
            138.77367,
            -34.942225,
            412.4
          ],
          [
            138.77386,
            -34.9425,
            420.9
          ],
          [
            138.77403,
            -34.94269,
            429.2
          ],
          [
            138.77428,
            -34.94286,
            428.1
          ],
          [
            138.7744,
            -34.94292,
            425.2
          ],
          [
            138.77485,
            -34.94308,
            415.9
          ],
          [
            138.77493,
            -34.94309,
            415.6
          ],
          [
            138.77503,
            -34.94309,
            415.1
          ],
          [
            138.77505,
            -34.94308,
            415
          ],
          [
            138.77507,
            -34.94308,
            415
          ],
          [
            138.77515,
            -34.94304,
            415
          ],
          [
            138.77517,
            -34.943,
            415
          ],
          [
            138.77518,
            -34.94299,
            415
          ],
          [
            138.77519,
            -34.94297,
            415.1
          ],
          [
            138.77519,
            -34.94296,
            415.1
          ],
          [
            138.7752,
            -34.94294,
            415.1
          ],
          [
            138.77519,
            -34.94292,
            415.5
          ],
          [
            138.77518,
            -34.94288,
            416.3
          ],
          [
            138.77502,
            -34.94263,
            417.2
          ],
          [
            138.775,
            -34.94261,
            416.9
          ],
          [
            138.77498,
            -34.94256,
            416.7
          ],
          [
            138.77498,
            -34.94254,
            416.7
          ],
          [
            138.77496,
            -34.94247,
            416.5
          ],
          [
            138.77495,
            -34.94229,
            416.8
          ],
          [
            138.774955,
            -34.94194,
            419.2
          ],
          [
            138.77496,
            -34.94159,
            421.6
          ],
          [
            138.77493,
            -34.94132,
            420.9
          ],
          [
            138.77495,
            -34.9412,
            423.2
          ],
          [
            138.77501,
            -34.94103,
            428.3
          ],
          [
            138.77503,
            -34.94086,
            429.9
          ],
          [
            138.77503,
            -34.94065,
            429.6
          ],
          [
            138.77514,
            -34.94038,
            432.5
          ],
          [
            138.7753,
            -34.94013,
            434.9
          ],
          [
            138.77538,
            -34.94003,
            435.2
          ],
          [
            138.77545,
            -34.93998,
            435.7
          ],
          [
            138.77561,
            -34.93992,
            436.9
          ],
          [
            138.77576,
            -34.9399,
            438.6
          ],
          [
            138.77592,
            -34.93992,
            440.4
          ],
          [
            138.776,
            -34.93994,
            441.2
          ],
          [
            138.77622,
            -34.94004,
            444.2
          ],
          [
            138.77627,
            -34.94008,
            445
          ],
          [
            138.77633,
            -34.94011,
            445.7
          ],
          [
            138.7764,
            -34.94016,
            446.1
          ],
          [
            138.77669,
            -34.94043,
            448.3
          ],
          [
            138.77672,
            -34.94044,
            448.5
          ],
          [
            138.77705,
            -34.94065,
            452
          ],
          [
            138.77727,
            -34.94074,
            452.9
          ],
          [
            138.77733,
            -34.94075,
            452.8
          ],
          [
            138.77774,
            -34.94087,
            456.8
          ],
          [
            138.77825,
            -34.94097,
            463.8
          ],
          [
            138.77839,
            -34.94103,
            466.4
          ],
          [
            138.77853,
            -34.94111,
            468.5
          ],
          [
            138.77855,
            -34.94113,
            468.8
          ],
          [
            138.7786,
            -34.94114,
            469.2
          ],
          [
            138.77865,
            -34.94116,
            469.3
          ],
          [
            138.77871,
            -34.94116,
            469.3
          ],
          [
            138.7788,
            -34.94114,
            469.2
          ],
          [
            138.77907,
            -34.94103,
            466.1
          ],
          [
            138.77926,
            -34.94102,
            463
          ],
          [
            138.77929,
            -34.94103,
            462.8
          ],
          [
            138.77932,
            -34.94105,
            462.9
          ],
          [
            138.77937,
            -34.94106,
            462.3
          ],
          [
            138.7794,
            -34.94109,
            462.6
          ],
          [
            138.77944,
            -34.94111,
            462.5
          ],
          [
            138.77957,
            -34.94125,
            466.7
          ],
          [
            138.779785,
            -34.941435,
            476.1
          ],
          [
            138.78,
            -34.94162,
            489.5
          ],
          [
            138.78005,
            -34.94165,
            491.3
          ],
          [
            138.78029,
            -34.94173,
            495.1
          ],
          [
            138.78033,
            -34.94173,
            495
          ],
          [
            138.78036,
            -34.94174,
            495.4
          ],
          [
            138.78043,
            -34.94174,
            495.6
          ],
          [
            138.78045,
            -34.94173,
            495.3
          ],
          [
            138.78046,
            -34.94173,
            495.3
          ],
          [
            138.78049,
            -34.94172,
            495
          ],
          [
            138.78051,
            -34.94172,
            495.2
          ],
          [
            138.78052,
            -34.94171,
            495
          ],
          [
            138.78054,
            -34.9417,
            495
          ],
          [
            138.78058,
            -34.94166,
            494.6
          ],
          [
            138.78058,
            -34.94165,
            494.3
          ],
          [
            138.7806,
            -34.94161,
            493.7
          ],
          [
            138.7806,
            -34.9416,
            493.5
          ],
          [
            138.78066,
            -34.94143,
            489.2
          ],
          [
            138.78073,
            -34.94135,
            488
          ],
          [
            138.78088,
            -34.94122,
            485.3
          ],
          [
            138.78102,
            -34.94118,
            486.6
          ],
          [
            138.78141,
            -34.9412,
            493.9
          ],
          [
            138.7818,
            -34.94122,
            494.3
          ],
          [
            138.782,
            -34.94127,
            495.6
          ],
          [
            138.78222,
            -34.94135,
            498.5
          ],
          [
            138.78252,
            -34.9415,
            502.8
          ],
          [
            138.78287,
            -34.94157,
            500.7
          ],
          [
            138.78293,
            -34.94159,
            500.8
          ],
          [
            138.78306,
            -34.94166,
            503.3
          ],
          [
            138.7832,
            -34.94169,
            504
          ],
          [
            138.78362,
            -34.94173,
            505.2
          ],
          [
            138.78365,
            -34.94175,
            506.2
          ],
          [
            138.78368,
            -34.94176,
            506.4
          ],
          [
            138.78371,
            -34.94178,
            507.4
          ],
          [
            138.78375,
            -34.94182,
            509.4
          ],
          [
            138.78377,
            -34.94183,
            509.8
          ],
          [
            138.78384,
            -34.94192,
            514.2
          ],
          [
            138.78395,
            -34.94198,
            516
          ],
          [
            138.78418,
            -34.94198,
            513.9
          ],
          [
            138.784455,
            -34.94196,
            513.5
          ],
          [
            138.78473,
            -34.94194,
            519.6
          ],
          [
            138.78496,
            -34.94189,
            523.7
          ],
          [
            138.78513,
            -34.94187,
            525.3
          ],
          [
            138.78558,
            -34.94188,
            527.3
          ],
          [
            138.78603,
            -34.94189,
            528.7
          ],
          [
            138.7861,
            -34.94187,
            529.2
          ],
          [
            138.78615,
            -34.94184,
            529.3
          ],
          [
            138.78638,
            -34.94166,
            528.8
          ],
          [
            138.78651,
            -34.9416,
            531
          ],
          [
            138.78657,
            -34.94156,
            531.1
          ],
          [
            138.78691,
            -34.94143,
            530.9
          ],
          [
            138.78709,
            -34.9414,
            530.6
          ],
          [
            138.78726,
            -34.9414,
            532.4
          ],
          [
            138.78747,
            -34.94142,
            537.1
          ],
          [
            138.78753,
            -34.94141,
            538.2
          ],
          [
            138.78758,
            -34.94141,
            539.4
          ],
          [
            138.78762,
            -34.9414,
            540.1
          ],
          [
            138.78766,
            -34.94138,
            540.6
          ],
          [
            138.78772,
            -34.94133,
            540.9
          ],
          [
            138.78772,
            -34.94132,
            540.7
          ],
          [
            138.78774,
            -34.94128,
            540.5
          ],
          [
            138.78775,
            -34.94115,
            538.9
          ],
          [
            138.78776,
            -34.94113,
            539
          ],
          [
            138.78776,
            -34.9411,
            538.7
          ],
          [
            138.7878,
            -34.94101,
            539.1
          ],
          [
            138.78787,
            -34.94092,
            540
          ],
          [
            138.78793,
            -34.94086,
            540.4
          ],
          [
            138.78808,
            -34.94075,
            541.9
          ],
          [
            138.78823,
            -34.94067,
            543
          ],
          [
            138.78839,
            -34.94062,
            544.5
          ],
          [
            138.78851,
            -34.9406,
            545.9
          ],
          [
            138.78885,
            -34.9406,
            552.8
          ],
          [
            138.789,
            -34.94056,
            552.8
          ],
          [
            138.78941,
            -34.940335,
            546
          ],
          [
            138.78982,
            -34.94011,
            552.2
          ],
          [
            138.78992,
            -34.94003,
            553.9
          ],
          [
            138.79013,
            -34.939805,
            556.5
          ],
          [
            138.79034,
            -34.93958,
            560.5
          ],
          [
            138.79042,
            -34.93952,
            561.6
          ],
          [
            138.79042,
            -34.93964,
            561
          ],
          [
            138.79038,
            -34.93976,
            560
          ],
          [
            138.79031,
            -34.94013,
            559
          ],
          [
            138.79023,
            -34.94042,
            557.8
          ],
          [
            138.79022,
            -34.9405,
            558.3
          ],
          [
            138.79019,
            -34.9406,
            559.4
          ],
          [
            138.79019,
            -34.94063,
            559.9
          ],
          [
            138.7901,
            -34.94105,
            569.8
          ],
          [
            138.79001,
            -34.94147,
            574.6
          ],
          [
            138.79001,
            -34.94164,
            575
          ],
          [
            138.790035,
            -34.94196,
            578.7
          ],
          [
            138.79006,
            -34.94228,
            582.7
          ],
          [
            138.79012,
            -34.94256,
            584.6
          ],
          [
            138.79017,
            -34.94272,
            587.1
          ],
          [
            138.79035,
            -34.9431,
            593.3
          ],
          [
            138.79038,
            -34.94323,
            595
          ],
          [
            138.790335,
            -34.94347,
            595.8
          ],
          [
            138.79029,
            -34.94371,
            596.5
          ],
          [
            138.79029,
            -34.94377,
            596.9
          ],
          [
            138.79028,
            -34.94383,
            597.3
          ],
          [
            138.79028,
            -34.94394,
            598.1
          ],
          [
            138.79029,
            -34.94399,
            598.5
          ],
          [
            138.790415,
            -34.94433,
            601.1
          ],
          [
            138.79054,
            -34.94467,
            603.6
          ],
          [
            138.79057,
            -34.94484,
            604
          ],
          [
            138.79057,
            -34.9449,
            604
          ],
          [
            138.79056,
            -34.94496,
            604
          ],
          [
            138.79051,
            -34.94505,
            604
          ],
          [
            138.79033,
            -34.94528,
            601.9
          ],
          [
            138.79015,
            -34.94551,
            601.6
          ],
          [
            138.79,
            -34.94573,
            601.8
          ],
          [
            138.78992,
            -34.9459,
            603.4
          ],
          [
            138.78986,
            -34.94617,
            604.3
          ],
          [
            138.78977,
            -34.94628,
            606.9
          ],
          [
            138.7894,
            -34.946607,
            610.1
          ],
          [
            138.78903,
            -34.946933,
            607.4
          ],
          [
            138.78866,
            -34.94726,
            600.3
          ],
          [
            138.78857,
            -34.9473,
            599.1
          ],
          [
            138.78847,
            -34.9473,
            600.2
          ],
          [
            138.78804,
            -34.94721,
            607.7
          ],
          [
            138.7879,
            -34.9472,
            608.4
          ],
          [
            138.78754,
            -34.94724,
            611.3
          ],
          [
            138.78737,
            -34.9473,
            612.9
          ],
          [
            138.78723,
            -34.9474,
            613.2
          ],
          [
            138.78721,
            -34.94747,
            612.6
          ],
          [
            138.78721,
            -34.94753,
            612.1
          ],
          [
            138.78722,
            -34.94756,
            611.7
          ],
          [
            138.78737,
            -34.94777,
            606.2
          ],
          [
            138.78741,
            -34.94786,
            604
          ],
          [
            138.78743,
            -34.94794,
            603.2
          ],
          [
            138.78742,
            -34.94804,
            602.9
          ],
          [
            138.78739,
            -34.9481,
            603
          ],
          [
            138.78731,
            -34.9482,
            603.8
          ],
          [
            138.7869,
            -34.94845,
            606.1
          ],
          [
            138.78681,
            -34.94854,
            605.7
          ],
          [
            138.78677,
            -34.94864,
            603.9
          ],
          [
            138.78674,
            -34.94875,
            602
          ],
          [
            138.78666,
            -34.94893,
            599.5
          ],
          [
            138.78633,
            -34.94925,
            598.4
          ],
          [
            138.78628,
            -34.94931,
            598.4
          ],
          [
            138.78628,
            -34.94932,
            598.3
          ],
          [
            138.78625,
            -34.94937,
            598.3
          ],
          [
            138.78623,
            -34.9495,
            597.4
          ],
          [
            138.78627,
            -34.94971,
            594.4
          ],
          [
            138.78627,
            -34.94978,
            593.8
          ],
          [
            138.78626,
            -34.94983,
            593.7
          ],
          [
            138.78614,
            -34.95005,
            595.4
          ],
          [
            138.78597,
            -34.95027,
            595.9
          ],
          [
            138.78581,
            -34.95039,
            595.4
          ],
          [
            138.78545,
            -34.95056,
            600
          ],
          [
            138.78514,
            -34.95068,
            603.9
          ],
          [
            138.785,
            -34.95071,
            603.9
          ],
          [
            138.78485,
            -34.95068,
            605.6
          ],
          [
            138.78476,
            -34.95063,
            606.5
          ],
          [
            138.78468,
            -34.95053,
            607.4
          ],
          [
            138.78454,
            -34.95039,
            607.1
          ],
          [
            138.78446,
            -34.95033,
            606.6
          ],
          [
            138.78439,
            -34.9503,
            606
          ],
          [
            138.78426,
            -34.95028,
            604.7
          ],
          [
            138.78419,
            -34.95028,
            603.8
          ],
          [
            138.78413,
            -34.95029,
            603.1
          ],
          [
            138.78401,
            -34.95034,
            602.2
          ],
          [
            138.78386,
            -34.95043,
            601.5
          ],
          [
            138.783625,
            -34.9506,
            599.5
          ],
          [
            138.78339,
            -34.95077,
            599.7
          ],
          [
            138.78313,
            -34.95107,
            594.1
          ],
          [
            138.78301,
            -34.95124,
            591.6
          ],
          [
            138.78283,
            -34.951545,
            590.6
          ],
          [
            138.78265,
            -34.95185,
            592
          ],
          [
            138.782505,
            -34.952217,
            591.4
          ],
          [
            138.78236,
            -34.952585,
            593.2
          ],
          [
            138.782215,
            -34.952952,
            595.8
          ],
          [
            138.78207,
            -34.95332,
            593.7
          ],
          [
            138.78197,
            -34.95348,
            592.5
          ],
          [
            138.78185,
            -34.9536,
            593.6
          ],
          [
            138.7817,
            -34.95368,
            595.7
          ],
          [
            138.78149,
            -34.95373,
            599.1
          ],
          [
            138.78138,
            -34.95378,
            601.4
          ],
          [
            138.78135,
            -34.9538,
            601.9
          ],
          [
            138.78129,
            -34.95387,
            602.5
          ],
          [
            138.78129,
            -34.95395,
            602
          ],
          [
            138.7813,
            -34.95396,
            601.8
          ],
          [
            138.78131,
            -34.95398,
            601.5
          ],
          [
            138.7815,
            -34.95417,
            597.5
          ],
          [
            138.78156,
            -34.95426,
            596.6
          ],
          [
            138.78158,
            -34.95433,
            596.4
          ],
          [
            138.78158,
            -34.95455,
            597.9
          ],
          [
            138.78156,
            -34.9546,
            598.3
          ],
          [
            138.78149,
            -34.95488,
            594.5
          ],
          [
            138.78144,
            -34.95498,
            592.2
          ],
          [
            138.78136,
            -34.95508,
            590.8
          ],
          [
            138.78125,
            -34.95517,
            591.4
          ],
          [
            138.78114,
            -34.95523,
            592.7
          ],
          [
            138.781,
            -34.95535,
            593
          ],
          [
            138.78093,
            -34.95546,
            593.5
          ],
          [
            138.78092,
            -34.95549,
            593.5
          ],
          [
            138.78094,
            -34.95566,
            591.6
          ],
          [
            138.780935,
            -34.956045,
            589.9
          ],
          [
            138.78093,
            -34.95643,
            589.2
          ],
          [
            138.78091,
            -34.95664,
            587
          ],
          [
            138.78089,
            -34.95671,
            586.8
          ],
          [
            138.780687,
            -34.956987,
            587
          ],
          [
            138.780483,
            -34.957263,
            588.9
          ],
          [
            138.78028,
            -34.95754,
            590.6
          ],
          [
            138.78025,
            -34.95757,
            590.8
          ],
          [
            138.78024,
            -34.95761,
            590.8
          ],
          [
            138.78022,
            -34.95765,
            590.9
          ],
          [
            138.78015,
            -34.958015,
            590.3
          ],
          [
            138.78008,
            -34.95838,
            590.3
          ],
          [
            138.78004,
            -34.9585,
            588.5
          ],
          [
            138.78,
            -34.95856,
            587.6
          ],
          [
            138.77997,
            -34.95863,
            585.8
          ],
          [
            138.779755,
            -34.95889,
            583.4
          ],
          [
            138.77954,
            -34.95915,
            582.2
          ],
          [
            138.779293,
            -34.95953,
            577.4
          ],
          [
            138.779047,
            -34.95991,
            574.7
          ],
          [
            138.7788,
            -34.96029,
            575.9
          ],
          [
            138.77852,
            -34.96066,
            572
          ],
          [
            138.77827,
            -34.96105,
            571.5
          ],
          [
            138.77816,
            -34.96114,
            571.9
          ],
          [
            138.77809,
            -34.96116,
            572.5
          ],
          [
            138.77796,
            -34.96117,
            572.6
          ],
          [
            138.77791,
            -34.96116,
            573
          ],
          [
            138.77788,
            -34.96116,
            573
          ],
          [
            138.77787,
            -34.96115,
            573.3
          ],
          [
            138.77785,
            -34.96114,
            573.6
          ],
          [
            138.77777,
            -34.96105,
            575.9
          ],
          [
            138.77763,
            -34.96098,
            576.8
          ],
          [
            138.7776,
            -34.96098,
            576.7
          ],
          [
            138.77758,
            -34.96097,
            576.7
          ],
          [
            138.77752,
            -34.96097,
            576.7
          ],
          [
            138.77749,
            -34.96098,
            576.5
          ],
          [
            138.77748,
            -34.96098,
            576.4
          ],
          [
            138.77739,
            -34.96103,
            575.4
          ],
          [
            138.77735,
            -34.9611,
            574.2
          ],
          [
            138.777295,
            -34.96133,
            571.7
          ],
          [
            138.77724,
            -34.96156,
            567.9
          ],
          [
            138.77718,
            -34.96168,
            566.2
          ],
          [
            138.77709,
            -34.96176,
            565.5
          ],
          [
            138.77678,
            -34.9619,
            566.1
          ],
          [
            138.77647,
            -34.96204,
            565.2
          ],
          [
            138.77626,
            -34.96211,
            564
          ],
          [
            138.77608,
            -34.96211,
            564.2
          ],
          [
            138.77591,
            -34.96207,
            565.8
          ],
          [
            138.77588,
            -34.96204,
            566.7
          ],
          [
            138.77579,
            -34.96199,
            567.6
          ],
          [
            138.77574,
            -34.96195,
            568
          ],
          [
            138.77568,
            -34.96188,
            568.2
          ],
          [
            138.77544,
            -34.9615,
            567.7
          ],
          [
            138.77542,
            -34.96149,
            567.4
          ],
          [
            138.77541,
            -34.96148,
            567.3
          ],
          [
            138.77539,
            -34.96147,
            567
          ],
          [
            138.77538,
            -34.96147,
            566.8
          ],
          [
            138.77537,
            -34.96146,
            566.7
          ],
          [
            138.77534,
            -34.96146,
            566.3
          ],
          [
            138.77532,
            -34.96147,
            565.9
          ],
          [
            138.7753,
            -34.96147,
            565.6
          ],
          [
            138.775065,
            -34.961665,
            560.2
          ],
          [
            138.77483,
            -34.96186,
            557.1
          ],
          [
            138.77473,
            -34.96192,
            556.2
          ],
          [
            138.77454,
            -34.96201,
            556.5
          ],
          [
            138.77434,
            -34.96208,
            556.8
          ],
          [
            138.77433,
            -34.96209,
            556.7
          ],
          [
            138.77422,
            -34.96213,
            556.8
          ],
          [
            138.7741,
            -34.96222,
            555.9
          ],
          [
            138.773835,
            -34.962455,
            549.9
          ],
          [
            138.77357,
            -34.96269,
            543.9
          ],
          [
            138.77355,
            -34.9627,
            543.6
          ],
          [
            138.77352,
            -34.96273,
            543
          ],
          [
            138.77344,
            -34.96277,
            542
          ],
          [
            138.77342,
            -34.96279,
            541.7
          ],
          [
            138.77339,
            -34.96279,
            541.5
          ]
        ]
      }
    },
    {
      "type": "Feature",
      "id": "millbrook",
      "properties": {
        "featureId": "millbrook",
        "stageCodes": [
          "SS17"
        ],
        "name": "Millbrook",
        "day": 2,
        "sourceMid": "1xpCx2cH8NgllswJUHqF5qYiHQx8LYPg",
        "termini": [
          {
            "name": "197 Tippett Rd, Millbrook SA 5231, Australia",
            "coordinate": [
              138.821669,
              -34.83658
            ]
          },
          {
            "name": "North East Road, Millbrook SA 5231, Australia",
            "coordinate": [
              138.81074,
              -34.814739
            ]
          }
        ]
      },
      "geometry": {
        "type": "LineString",
        "coordinates": [
          [
            138.82167,
            -34.83658,
            324.1
          ],
          [
            138.82166,
            -34.83657,
            324.1
          ],
          [
            138.82157,
            -34.83652,
            323.9
          ],
          [
            138.8215,
            -34.83646,
            324.2
          ],
          [
            138.82149,
            -34.83644,
            324.4
          ],
          [
            138.82146,
            -34.83638,
            325.1
          ],
          [
            138.82144,
            -34.83631,
            325.8
          ],
          [
            138.82143,
            -34.83621,
            326.4
          ],
          [
            138.82143,
            -34.8362,
            326.5
          ],
          [
            138.82145,
            -34.83609,
            327.4
          ],
          [
            138.82149,
            -34.83597,
            329.2
          ],
          [
            138.82162,
            -34.8357,
            332.3
          ],
          [
            138.82168,
            -34.83554,
            333.5
          ],
          [
            138.82187,
            -34.83519,
            338.2
          ],
          [
            138.82205,
            -34.83494,
            341
          ],
          [
            138.82215,
            -34.83484,
            340.3
          ],
          [
            138.82217,
            -34.83481,
            340.1
          ],
          [
            138.82231,
            -34.83471,
            339.9
          ],
          [
            138.82248,
            -34.8346,
            339.9
          ],
          [
            138.82275,
            -34.834425,
            338.2
          ],
          [
            138.82302,
            -34.83425,
            337
          ],
          [
            138.82318,
            -34.83413,
            335.6
          ],
          [
            138.82335,
            -34.83402,
            333.7
          ],
          [
            138.82342,
            -34.83397,
            333.2
          ],
          [
            138.82366,
            -34.83381,
            334.4
          ],
          [
            138.82375,
            -34.83375,
            334.9
          ],
          [
            138.82382,
            -34.83365,
            335.5
          ],
          [
            138.82385,
            -34.83357,
            336.3
          ],
          [
            138.82393,
            -34.83335,
            338.3
          ],
          [
            138.82401,
            -34.83295,
            338.8
          ],
          [
            138.824065,
            -34.83258,
            334.6
          ],
          [
            138.82412,
            -34.83221,
            334
          ],
          [
            138.82416,
            -34.83203,
            334
          ],
          [
            138.82423,
            -34.83174,
            333.6
          ],
          [
            138.82435,
            -34.83152,
            334
          ],
          [
            138.82437,
            -34.83148,
            334
          ],
          [
            138.82441,
            -34.83136,
            333.9
          ],
          [
            138.82443,
            -34.83128,
            333.9
          ],
          [
            138.82441,
            -34.83117,
            333.7
          ],
          [
            138.82438,
            -34.83104,
            331.9
          ],
          [
            138.82436,
            -34.83099,
            331
          ],
          [
            138.8243,
            -34.83081,
            329
          ],
          [
            138.82419,
            -34.83054,
            328.8
          ],
          [
            138.82415,
            -34.83012,
            330.3
          ],
          [
            138.82413,
            -34.82994,
            330.7
          ],
          [
            138.82412,
            -34.82982,
            331.5
          ],
          [
            138.82407,
            -34.82958,
            333.7
          ],
          [
            138.82395,
            -34.82938,
            333.1
          ],
          [
            138.82385,
            -34.82927,
            332.8
          ],
          [
            138.82376,
            -34.82917,
            333
          ],
          [
            138.82375,
            -34.82911,
            332.9
          ],
          [
            138.82371,
            -34.82894,
            332.5
          ],
          [
            138.8237,
            -34.82889,
            332.3
          ],
          [
            138.82368,
            -34.82876,
            331.2
          ],
          [
            138.82365,
            -34.82858,
            330.9
          ],
          [
            138.8236,
            -34.82829,
            331.4
          ],
          [
            138.82357,
            -34.82803,
            330.9
          ],
          [
            138.82354,
            -34.82777,
            330.1
          ],
          [
            138.82352,
            -34.82744,
            331
          ],
          [
            138.82354,
            -34.82735,
            331
          ],
          [
            138.82355,
            -34.82733,
            331
          ],
          [
            138.82361,
            -34.82721,
            331.7
          ],
          [
            138.82371,
            -34.82712,
            331.3
          ],
          [
            138.82381,
            -34.82705,
            330.7
          ],
          [
            138.82426,
            -34.82681,
            328.1
          ],
          [
            138.82451,
            -34.82672,
            324.6
          ],
          [
            138.82462,
            -34.82666,
            323
          ],
          [
            138.82478,
            -34.82655,
            322
          ],
          [
            138.8248,
            -34.82652,
            322.1
          ],
          [
            138.82482,
            -34.8265,
            322.2
          ],
          [
            138.82486,
            -34.82646,
            322.4
          ],
          [
            138.8249,
            -34.82635,
            322.7
          ],
          [
            138.82493,
            -34.8262,
            322.8
          ],
          [
            138.82487,
            -34.8258,
            323.4
          ],
          [
            138.82486,
            -34.82568,
            322.5
          ],
          [
            138.82485,
            -34.82554,
            321.4
          ],
          [
            138.82487,
            -34.82514,
            319.1
          ],
          [
            138.82487,
            -34.82513,
            319
          ],
          [
            138.82487,
            -34.82496,
            318.5
          ],
          [
            138.82487,
            -34.82494,
            318.5
          ],
          [
            138.82483,
            -34.82478,
            319.4
          ],
          [
            138.82476,
            -34.8246,
            319.7
          ],
          [
            138.8247,
            -34.82444,
            319
          ],
          [
            138.82468,
            -34.82426,
            318.8
          ],
          [
            138.82468,
            -34.82405,
            318.6
          ],
          [
            138.82471,
            -34.82396,
            318.6
          ],
          [
            138.82474,
            -34.82388,
            318.2
          ],
          [
            138.82477,
            -34.82385,
            318.2
          ],
          [
            138.82479,
            -34.82382,
            318.1
          ],
          [
            138.82484,
            -34.82378,
            318.1
          ],
          [
            138.82494,
            -34.82373,
            318.3
          ],
          [
            138.82502,
            -34.8237,
            318.6
          ],
          [
            138.82506,
            -34.8237,
            318.8
          ],
          [
            138.82514,
            -34.82369,
            319.2
          ],
          [
            138.82523,
            -34.82369,
            319.8
          ],
          [
            138.82528,
            -34.82369,
            320.2
          ],
          [
            138.8254,
            -34.8237,
            321
          ],
          [
            138.82586,
            -34.82377,
            320.7
          ],
          [
            138.82622,
            -34.82381,
            309.2
          ],
          [
            138.82658,
            -34.82385,
            307.2
          ],
          [
            138.82679,
            -34.82388,
            318.7
          ],
          [
            138.827105,
            -34.82392,
            323.9
          ],
          [
            138.82742,
            -34.82396,
            324.6
          ],
          [
            138.82744,
            -34.82396,
            324.7
          ],
          [
            138.82766,
            -34.82399,
            326.7
          ],
          [
            138.828045,
            -34.82405,
            327.7
          ],
          [
            138.82843,
            -34.82411,
            326.8
          ],
          [
            138.82852,
            -34.82411,
            326.3
          ],
          [
            138.82868,
            -34.82411,
            324.8
          ],
          [
            138.82882,
            -34.8241,
            324.1
          ],
          [
            138.82888,
            -34.82408,
            323.7
          ],
          [
            138.82905,
            -34.82402,
            322.4
          ],
          [
            138.82926,
            -34.82393,
            320.7
          ],
          [
            138.82931,
            -34.82389,
            320.1
          ],
          [
            138.82932,
            -34.82387,
            319.9
          ],
          [
            138.82937,
            -34.82381,
            319
          ],
          [
            138.8294,
            -34.82371,
            317.5
          ],
          [
            138.82925,
            -34.82368,
            316.2
          ],
          [
            138.82909,
            -34.82364,
            314.9
          ],
          [
            138.82884,
            -34.82355,
            314.1
          ],
          [
            138.82861,
            -34.82343,
            314.2
          ],
          [
            138.8285,
            -34.82337,
            314.2
          ],
          [
            138.82837,
            -34.82328,
            314.5
          ],
          [
            138.82823,
            -34.82317,
            314.2
          ],
          [
            138.82809,
            -34.82304,
            314
          ],
          [
            138.82797,
            -34.82292,
            313.7
          ],
          [
            138.82788,
            -34.82284,
            313.8
          ],
          [
            138.82778,
            -34.82276,
            313.3
          ],
          [
            138.82764,
            -34.82269,
            310.9
          ],
          [
            138.82759,
            -34.82267,
            310
          ],
          [
            138.82741,
            -34.82259,
            306.4
          ],
          [
            138.82705,
            -34.82243,
            305.7
          ],
          [
            138.82696,
            -34.82239,
            306
          ],
          [
            138.82683,
            -34.82232,
            307
          ],
          [
            138.82671,
            -34.82223,
            309.7
          ],
          [
            138.82661,
            -34.82213,
            310.9
          ],
          [
            138.82649,
            -34.82196,
            313.2
          ],
          [
            138.82624,
            -34.82156,
            317.4
          ],
          [
            138.826077,
            -34.821287,
            319.4
          ],
          [
            138.825913,
            -34.821013,
            318.7
          ],
          [
            138.82575,
            -34.82074,
            318.4
          ],
          [
            138.825575,
            -34.82043,
            321.1
          ],
          [
            138.8254,
            -34.82012,
            322.2
          ],
          [
            138.82535,
            -34.82007,
            322.4
          ],
          [
            138.8253,
            -34.82002,
            322.6
          ],
          [
            138.82523,
            -34.81999,
            321.9
          ],
          [
            138.82515,
            -34.81998,
            320.7
          ],
          [
            138.82509,
            -34.81998,
            319.9
          ],
          [
            138.82503,
            -34.81998,
            319.3
          ],
          [
            138.82498,
            -34.81999,
            318.5
          ],
          [
            138.8249,
            -34.82003,
            317.5
          ],
          [
            138.824527,
            -34.82031,
            319
          ],
          [
            138.824153,
            -34.82059,
            317.3
          ],
          [
            138.82378,
            -34.82087,
            314.6
          ],
          [
            138.82348,
            -34.82108,
            312.5
          ],
          [
            138.82323,
            -34.82125,
            313.2
          ],
          [
            138.82312,
            -34.82132,
            311.9
          ],
          [
            138.8229,
            -34.82142,
            310
          ],
          [
            138.82262,
            -34.82156,
            311.6
          ],
          [
            138.82242,
            -34.82165,
            314
          ],
          [
            138.8223,
            -34.82169,
            315
          ],
          [
            138.8222,
            -34.82173,
            315.9
          ],
          [
            138.8221,
            -34.82175,
            316.9
          ],
          [
            138.82196,
            -34.82176,
            318.3
          ],
          [
            138.82192,
            -34.82177,
            318.5
          ],
          [
            138.82186,
            -34.82177,
            318.9
          ],
          [
            138.82175,
            -34.82175,
            319
          ],
          [
            138.82169,
            -34.82174,
            319
          ],
          [
            138.8216,
            -34.82171,
            319.1
          ],
          [
            138.82125,
            -34.82155,
            320.5
          ],
          [
            138.82116,
            -34.82153,
            320.5
          ],
          [
            138.82113,
            -34.82153,
            320.5
          ],
          [
            138.82111,
            -34.82153,
            320.5
          ],
          [
            138.82108,
            -34.82153,
            320.5
          ],
          [
            138.82104,
            -34.82154,
            320.3
          ],
          [
            138.82099,
            -34.82155,
            320.2
          ],
          [
            138.82093,
            -34.82158,
            319.9
          ],
          [
            138.82091,
            -34.8216,
            319.6
          ],
          [
            138.8209,
            -34.82161,
            319.5
          ],
          [
            138.82088,
            -34.82164,
            318.9
          ],
          [
            138.82074,
            -34.82192,
            315.9
          ],
          [
            138.82071,
            -34.82202,
            315.7
          ],
          [
            138.8207,
            -34.82212,
            315.2
          ],
          [
            138.82071,
            -34.82228,
            314.9
          ],
          [
            138.82072,
            -34.82239,
            314.1
          ],
          [
            138.82071,
            -34.82246,
            314.7
          ],
          [
            138.82071,
            -34.82248,
            314.8
          ],
          [
            138.82068,
            -34.82255,
            315.7
          ],
          [
            138.82062,
            -34.82263,
            315.8
          ],
          [
            138.8204,
            -34.82283,
            315
          ],
          [
            138.82031,
            -34.8229,
            315.6
          ],
          [
            138.82021,
            -34.82295,
            316.4
          ],
          [
            138.82013,
            -34.82297,
            317.1
          ],
          [
            138.82002,
            -34.82297,
            318.3
          ],
          [
            138.81961,
            -34.82294,
            320.5
          ],
          [
            138.81944,
            -34.8229,
            320.3
          ],
          [
            138.81931,
            -34.82285,
            319.9
          ],
          [
            138.81923,
            -34.82278,
            319.9
          ],
          [
            138.81915,
            -34.82268,
            320.2
          ],
          [
            138.81911,
            -34.82257,
            321.6
          ],
          [
            138.8191,
            -34.82252,
            322.4
          ],
          [
            138.81909,
            -34.82243,
            324.2
          ],
          [
            138.81907,
            -34.82223,
            328.2
          ],
          [
            138.81905,
            -34.8219,
            331
          ],
          [
            138.81902,
            -34.82166,
            332.3
          ],
          [
            138.81899,
            -34.82153,
            333.2
          ],
          [
            138.81892,
            -34.82137,
            334.4
          ],
          [
            138.81884,
            -34.82123,
            335
          ],
          [
            138.81867,
            -34.821035,
            335.6
          ],
          [
            138.8185,
            -34.82084,
            336.3
          ],
          [
            138.81847,
            -34.8208,
            336.6
          ],
          [
            138.81838,
            -34.82069,
            337.9
          ],
          [
            138.81819,
            -34.82047,
            339.3
          ],
          [
            138.818,
            -34.82025,
            335.4
          ],
          [
            138.8178,
            -34.82002,
            329.9
          ],
          [
            138.81764,
            -34.819825,
            327.8
          ],
          [
            138.81748,
            -34.81963,
            326.5
          ],
          [
            138.81717,
            -34.81927,
            322.5
          ],
          [
            138.81709,
            -34.8192,
            321.6
          ],
          [
            138.81707,
            -34.81918,
            321.2
          ],
          [
            138.81696,
            -34.81911,
            320.7
          ],
          [
            138.81653,
            -34.81889,
            320
          ],
          [
            138.81636,
            -34.8188,
            321
          ],
          [
            138.81633,
            -34.81878,
            321
          ],
          [
            138.81622,
            -34.81869,
            320.7
          ],
          [
            138.8162,
            -34.81867,
            320.5
          ],
          [
            138.81614,
            -34.81861,
            319.7
          ],
          [
            138.81609,
            -34.81854,
            318.7
          ],
          [
            138.81605,
            -34.81847,
            317.4
          ],
          [
            138.81601,
            -34.81837,
            316.2
          ],
          [
            138.81598,
            -34.81827,
            315.5
          ],
          [
            138.81597,
            -34.81818,
            315.5
          ],
          [
            138.81597,
            -34.81811,
            316
          ],
          [
            138.81597,
            -34.81804,
            316.5
          ],
          [
            138.816,
            -34.81789,
            318.2
          ],
          [
            138.81602,
            -34.81783,
            318.3
          ],
          [
            138.81607,
            -34.81765,
            318.2
          ],
          [
            138.81611,
            -34.81752,
            317.8
          ],
          [
            138.81615,
            -34.81738,
            318.4
          ],
          [
            138.81615,
            -34.81729,
            318.6
          ],
          [
            138.81614,
            -34.81725,
            318.5
          ],
          [
            138.81613,
            -34.8172,
            318.6
          ],
          [
            138.8161,
            -34.81716,
            318.4
          ],
          [
            138.81607,
            -34.81714,
            318
          ],
          [
            138.81605,
            -34.81712,
            317.8
          ],
          [
            138.81599,
            -34.81709,
            317.1
          ],
          [
            138.81592,
            -34.81706,
            316.5
          ],
          [
            138.81588,
            -34.81706,
            316
          ],
          [
            138.81586,
            -34.81705,
            315.9
          ],
          [
            138.81576,
            -34.81705,
            315.3
          ],
          [
            138.81561,
            -34.81705,
            313.9
          ],
          [
            138.81552,
            -34.81705,
            312.9
          ],
          [
            138.81545,
            -34.81704,
            312.7
          ],
          [
            138.81538,
            -34.81702,
            312.8
          ],
          [
            138.81532,
            -34.817,
            312.9
          ],
          [
            138.81525,
            -34.81696,
            313.1
          ],
          [
            138.81515,
            -34.81689,
            313.3
          ],
          [
            138.81499,
            -34.81673,
            315.9
          ],
          [
            138.81491,
            -34.81667,
            316.9
          ],
          [
            138.81486,
            -34.81664,
            317
          ],
          [
            138.81479,
            -34.81661,
            317.2
          ],
          [
            138.81476,
            -34.81661,
            317.2
          ],
          [
            138.8147,
            -34.8166,
            317.3
          ],
          [
            138.81462,
            -34.8166,
            317.3
          ],
          [
            138.81448,
            -34.81662,
            317.1
          ],
          [
            138.81398,
            -34.81675,
            316.2
          ],
          [
            138.8139,
            -34.81676,
            316.5
          ],
          [
            138.81382,
            -34.81677,
            316.8
          ],
          [
            138.81371,
            -34.81676,
            317.1
          ],
          [
            138.81362,
            -34.81674,
            317.5
          ],
          [
            138.81354,
            -34.81671,
            318.5
          ],
          [
            138.81346,
            -34.81665,
            319.6
          ],
          [
            138.8133,
            -34.81644,
            322.3
          ],
          [
            138.81326,
            -34.81638,
            322.6
          ],
          [
            138.81316,
            -34.81623,
            323.3
          ],
          [
            138.81311,
            -34.81616,
            323.2
          ],
          [
            138.81307,
            -34.81607,
            323.4
          ],
          [
            138.81303,
            -34.81598,
            323
          ],
          [
            138.812975,
            -34.815745,
            323.4
          ],
          [
            138.81292,
            -34.81551,
            323.8
          ],
          [
            138.81289,
            -34.8154,
            324.6
          ],
          [
            138.81284,
            -34.81531,
            325.4
          ],
          [
            138.81279,
            -34.81525,
            325.8
          ],
          [
            138.81273,
            -34.8152,
            326
          ],
          [
            138.81267,
            -34.81516,
            326
          ],
          [
            138.81258,
            -34.81512,
            326
          ],
          [
            138.81257,
            -34.81511,
            326
          ],
          [
            138.81249,
            -34.81509,
            326
          ],
          [
            138.81238,
            -34.81507,
            326
          ],
          [
            138.81236,
            -34.81507,
            326
          ],
          [
            138.81224,
            -34.81506,
            326.1
          ],
          [
            138.81202,
            -34.81503,
            327.6
          ],
          [
            138.81169,
            -34.814995,
            328.8
          ],
          [
            138.81136,
            -34.81496,
            330.3
          ],
          [
            138.8112,
            -34.81493,
            330.1
          ],
          [
            138.8111,
            -34.8149,
            330.5
          ],
          [
            138.81101,
            -34.81487,
            330.8
          ],
          [
            138.81082,
            -34.81478,
            331.6
          ],
          [
            138.81074,
            -34.81474,
            332
          ]
        ]
      }
    },
    {
      "type": "Feature",
      "id": "vista-2",
      "properties": {
        "featureId": "vista-2",
        "stageCodes": [
          "SS18"
        ],
        "name": "Vista 2",
        "day": 2,
        "sourceMid": "1xpCx2cH8NgllswJUHqF5qYiHQx8LYPg",
        "termini": [
          {
            "name": "Churchett Rd, Houghton SA 5131, Australia",
            "coordinate": [
              138.747093,
              -34.84069
            ]
          },
          {
            "name": "1255 Lower North East Rd, Vista SA 5091, Australia",
            "coordinate": [
              138.723855,
              -34.840147
            ]
          }
        ]
      },
      "geometry": {
        "type": "LineString",
        "coordinates": [
          [
            138.74709,
            -34.84069,
            408
          ],
          [
            138.74704,
            -34.84069,
            408
          ],
          [
            138.7468,
            -34.84074,
            408
          ],
          [
            138.74665,
            -34.84078,
            407.6
          ],
          [
            138.74649,
            -34.84082,
            406.9
          ],
          [
            138.74639,
            -34.84086,
            406.7
          ],
          [
            138.74626,
            -34.84092,
            405.7
          ],
          [
            138.74593,
            -34.8411,
            405.1
          ],
          [
            138.74583,
            -34.84114,
            405
          ],
          [
            138.7458,
            -34.84116,
            404.7
          ],
          [
            138.74577,
            -34.84117,
            404.7
          ],
          [
            138.74573,
            -34.84117,
            404.9
          ],
          [
            138.74569,
            -34.84117,
            405.1
          ],
          [
            138.74561,
            -34.84116,
            405.8
          ],
          [
            138.74552,
            -34.84115,
            406.6
          ],
          [
            138.74544,
            -34.84115,
            407
          ],
          [
            138.74537,
            -34.84116,
            407.2
          ],
          [
            138.74532,
            -34.84118,
            407.1
          ],
          [
            138.74518,
            -34.84124,
            405.9
          ],
          [
            138.74507,
            -34.84129,
            404.4
          ],
          [
            138.74495,
            -34.84131,
            403.3
          ],
          [
            138.7448,
            -34.84132,
            402.5
          ],
          [
            138.74462,
            -34.8413,
            402.6
          ],
          [
            138.74447,
            -34.84127,
            401.4
          ],
          [
            138.7444,
            -34.84125,
            400.8
          ],
          [
            138.74421,
            -34.84118,
            398.9
          ],
          [
            138.74408,
            -34.84115,
            397.6
          ],
          [
            138.74394,
            -34.84113,
            396.2
          ],
          [
            138.74383,
            -34.84113,
            395.6
          ],
          [
            138.7436,
            -34.84113,
            394.3
          ],
          [
            138.74347,
            -34.84114,
            393.3
          ],
          [
            138.74335,
            -34.84114,
            392.2
          ],
          [
            138.74294,
            -34.84119,
            388.1
          ],
          [
            138.74292,
            -34.8412,
            387.5
          ],
          [
            138.74287,
            -34.8412,
            387.1
          ],
          [
            138.74275,
            -34.84122,
            384.8
          ],
          [
            138.7427,
            -34.84123,
            384.1
          ],
          [
            138.74265,
            -34.84123,
            384
          ],
          [
            138.74261,
            -34.84123,
            383.9
          ],
          [
            138.74258,
            -34.84123,
            383.9
          ],
          [
            138.74254,
            -34.84122,
            384.2
          ],
          [
            138.74251,
            -34.84121,
            384.5
          ],
          [
            138.74247,
            -34.8412,
            384.9
          ],
          [
            138.74239,
            -34.84117,
            385.9
          ],
          [
            138.74235,
            -34.84115,
            386.4
          ],
          [
            138.74231,
            -34.84114,
            386.5
          ],
          [
            138.74226,
            -34.84112,
            386.7
          ],
          [
            138.74221,
            -34.8411,
            386.8
          ],
          [
            138.74216,
            -34.84109,
            387
          ],
          [
            138.7421,
            -34.84108,
            387
          ],
          [
            138.74193,
            -34.84108,
            386.6
          ],
          [
            138.74178,
            -34.84108,
            387
          ],
          [
            138.74153,
            -34.84106,
            388.6
          ],
          [
            138.74149,
            -34.84105,
            388.6
          ],
          [
            138.74143,
            -34.84105,
            388.6
          ],
          [
            138.74137,
            -34.84103,
            388.8
          ],
          [
            138.74134,
            -34.84103,
            388.8
          ],
          [
            138.74127,
            -34.84101,
            389
          ],
          [
            138.74125,
            -34.841,
            389
          ],
          [
            138.74122,
            -34.84099,
            389
          ],
          [
            138.74117,
            -34.84096,
            389.1
          ],
          [
            138.74112,
            -34.84094,
            389.2
          ],
          [
            138.74106,
            -34.84089,
            389.2
          ],
          [
            138.74085,
            -34.84071,
            386.9
          ],
          [
            138.74069,
            -34.84057,
            384
          ],
          [
            138.74062,
            -34.84051,
            382.9
          ],
          [
            138.74053,
            -34.84044,
            381.4
          ],
          [
            138.74037,
            -34.84033,
            380.8
          ],
          [
            138.74023,
            -34.84025,
            380.3
          ],
          [
            138.74007,
            -34.84018,
            379.5
          ],
          [
            138.73988,
            -34.84014,
            378.1
          ],
          [
            138.73982,
            -34.84013,
            377.7
          ],
          [
            138.73978,
            -34.84012,
            377.7
          ],
          [
            138.73969,
            -34.84011,
            377.3
          ],
          [
            138.73964,
            -34.8401,
            377.1
          ],
          [
            138.73959,
            -34.8401,
            376.8
          ],
          [
            138.73954,
            -34.84009,
            376.8
          ],
          [
            138.73949,
            -34.84009,
            376.5
          ],
          [
            138.73945,
            -34.84009,
            376.3
          ],
          [
            138.7394,
            -34.84009,
            376.2
          ],
          [
            138.73936,
            -34.84009,
            376.1
          ],
          [
            138.73931,
            -34.84009,
            375.9
          ],
          [
            138.73894,
            -34.84013,
            376.1
          ],
          [
            138.73876,
            -34.84016,
            374.7
          ],
          [
            138.73862,
            -34.84017,
            373
          ],
          [
            138.73854,
            -34.84018,
            371.5
          ],
          [
            138.73852,
            -34.84019,
            371
          ],
          [
            138.73845,
            -34.8402,
            369.5
          ],
          [
            138.73836,
            -34.84022,
            367.6
          ],
          [
            138.73826,
            -34.84026,
            365.4
          ],
          [
            138.73814,
            -34.84032,
            363.7
          ],
          [
            138.73799,
            -34.8404,
            362.2
          ],
          [
            138.73757,
            -34.84062,
            360.3
          ],
          [
            138.73715,
            -34.84084,
            358.1
          ],
          [
            138.73673,
            -34.84106,
            354.7
          ],
          [
            138.73632,
            -34.84126,
            351.6
          ],
          [
            138.73628,
            -34.84128,
            351.6
          ],
          [
            138.73598,
            -34.84142,
            350
          ],
          [
            138.7356,
            -34.84164,
            349
          ],
          [
            138.73555,
            -34.84167,
            349.2
          ],
          [
            138.73538,
            -34.84177,
            349.3
          ],
          [
            138.73518,
            -34.84187,
            349.3
          ],
          [
            138.73502,
            -34.84195,
            348.9
          ],
          [
            138.73477,
            -34.84206,
            347
          ],
          [
            138.73464,
            -34.84215,
            344.2
          ],
          [
            138.73432,
            -34.84243,
            338.4
          ],
          [
            138.73416,
            -34.84256,
            336.4
          ],
          [
            138.73405,
            -34.84263,
            335.3
          ],
          [
            138.73395,
            -34.84267,
            335.4
          ],
          [
            138.73374,
            -34.84275,
            332.8
          ],
          [
            138.73353,
            -34.84281,
            327.8
          ],
          [
            138.73344,
            -34.84283,
            325.9
          ],
          [
            138.73334,
            -34.84285,
            324.1
          ],
          [
            138.73323,
            -34.84285,
            324
          ],
          [
            138.73308,
            -34.84283,
            326.3
          ],
          [
            138.73297,
            -34.8428,
            328.9
          ],
          [
            138.73287,
            -34.84278,
            330.1
          ],
          [
            138.7328,
            -34.84278,
            329.9
          ],
          [
            138.73272,
            -34.84278,
            329.4
          ],
          [
            138.73266,
            -34.84279,
            328.5
          ],
          [
            138.73257,
            -34.84282,
            326.7
          ],
          [
            138.73248,
            -34.84286,
            325.3
          ],
          [
            138.73215,
            -34.84307,
            318.9
          ],
          [
            138.73208,
            -34.84311,
            318.3
          ],
          [
            138.73199,
            -34.84314,
            318.3
          ],
          [
            138.73187,
            -34.84316,
            319.1
          ],
          [
            138.73173,
            -34.84318,
            319.5
          ],
          [
            138.73164,
            -34.84318,
            319
          ],
          [
            138.73154,
            -34.84317,
            318.6
          ],
          [
            138.73146,
            -34.84314,
            318.8
          ],
          [
            138.7314,
            -34.8431,
            319.2
          ],
          [
            138.73138,
            -34.84308,
            319.3
          ],
          [
            138.73135,
            -34.84306,
            319.2
          ],
          [
            138.73133,
            -34.84303,
            319.5
          ],
          [
            138.73131,
            -34.843,
            319.8
          ],
          [
            138.73129,
            -34.84294,
            320.4
          ],
          [
            138.73128,
            -34.84286,
            321.1
          ],
          [
            138.73128,
            -34.84273,
            322.1
          ],
          [
            138.7313,
            -34.84251,
            323.1
          ],
          [
            138.73131,
            -34.8422,
            321.2
          ],
          [
            138.73129,
            -34.84207,
            319.3
          ],
          [
            138.73128,
            -34.84197,
            318.4
          ],
          [
            138.73123,
            -34.841735,
            319.5
          ],
          [
            138.73118,
            -34.8415,
            316.8
          ],
          [
            138.73118,
            -34.84146,
            316.1
          ],
          [
            138.73118,
            -34.8414,
            315
          ],
          [
            138.7312,
            -34.84136,
            314.8
          ],
          [
            138.73122,
            -34.84131,
            314.3
          ],
          [
            138.73129,
            -34.84115,
            312.5
          ],
          [
            138.73138,
            -34.84099,
            310.1
          ],
          [
            138.73144,
            -34.8409,
            308.6
          ],
          [
            138.73148,
            -34.84081,
            306.4
          ],
          [
            138.7315,
            -34.84075,
            304.5
          ],
          [
            138.73151,
            -34.84073,
            304
          ],
          [
            138.73152,
            -34.8407,
            303.3
          ],
          [
            138.73153,
            -34.84067,
            302.9
          ],
          [
            138.73154,
            -34.84064,
            302.5
          ],
          [
            138.73155,
            -34.84058,
            301.5
          ],
          [
            138.73155,
            -34.84055,
            301.2
          ],
          [
            138.73155,
            -34.84053,
            301.1
          ],
          [
            138.73155,
            -34.84052,
            301
          ],
          [
            138.73155,
            -34.8405,
            300.9
          ],
          [
            138.73155,
            -34.84049,
            300.8
          ],
          [
            138.73154,
            -34.84046,
            300.4
          ],
          [
            138.73152,
            -34.8404,
            299.6
          ],
          [
            138.73146,
            -34.8403,
            298.6
          ],
          [
            138.73142,
            -34.84025,
            298.5
          ],
          [
            138.7314,
            -34.84022,
            298.5
          ],
          [
            138.73133,
            -34.84015,
            298.6
          ],
          [
            138.73125,
            -34.84004,
            299.6
          ],
          [
            138.73112,
            -34.83985,
            301
          ],
          [
            138.73102,
            -34.83967,
            300.9
          ],
          [
            138.73095,
            -34.83952,
            301
          ],
          [
            138.73088,
            -34.83941,
            300.8
          ],
          [
            138.73072,
            -34.83921,
            297.9
          ],
          [
            138.73071,
            -34.83918,
            297.3
          ],
          [
            138.7307,
            -34.83916,
            296.8
          ],
          [
            138.73068,
            -34.8391,
            295.3
          ],
          [
            138.73068,
            -34.83907,
            294.5
          ],
          [
            138.73067,
            -34.83905,
            294.1
          ],
          [
            138.73067,
            -34.83901,
            293.3
          ],
          [
            138.73067,
            -34.83896,
            292.6
          ],
          [
            138.73072,
            -34.83858,
            285.4
          ],
          [
            138.73072,
            -34.83853,
            284.4
          ],
          [
            138.73072,
            -34.83846,
            282.8
          ],
          [
            138.73071,
            -34.83837,
            280.5
          ],
          [
            138.73071,
            -34.83834,
            279.7
          ],
          [
            138.73069,
            -34.8383,
            279.2
          ],
          [
            138.73069,
            -34.83828,
            278.6
          ],
          [
            138.73067,
            -34.83826,
            278.7
          ],
          [
            138.73066,
            -34.83824,
            278.5
          ],
          [
            138.73064,
            -34.83821,
            278.4
          ],
          [
            138.73061,
            -34.83816,
            278.1
          ],
          [
            138.73056,
            -34.83812,
            278.7
          ],
          [
            138.73045,
            -34.83805,
            280
          ],
          [
            138.73039,
            -34.83802,
            280.9
          ],
          [
            138.73033,
            -34.83798,
            281.4
          ],
          [
            138.73027,
            -34.83792,
            281.5
          ],
          [
            138.73023,
            -34.83787,
            281.3
          ],
          [
            138.73015,
            -34.83777,
            281.1
          ],
          [
            138.73005,
            -34.83762,
            279.5
          ],
          [
            138.72997,
            -34.83752,
            277.9
          ],
          [
            138.72984,
            -34.83741,
            277
          ],
          [
            138.7298,
            -34.83739,
            276.8
          ],
          [
            138.72976,
            -34.83737,
            276.5
          ],
          [
            138.72972,
            -34.83735,
            276.2
          ],
          [
            138.7297,
            -34.83734,
            276
          ],
          [
            138.72967,
            -34.83734,
            276.4
          ],
          [
            138.72965,
            -34.83733,
            276.1
          ],
          [
            138.72948,
            -34.83729,
            275.5
          ],
          [
            138.72931,
            -34.83726,
            275.4
          ],
          [
            138.72924,
            -34.83725,
            275.5
          ],
          [
            138.72901,
            -34.83721,
            274.7
          ],
          [
            138.72885,
            -34.83719,
            272.9
          ],
          [
            138.72862,
            -34.83718,
            272.2
          ],
          [
            138.72844,
            -34.83717,
            272
          ],
          [
            138.7282,
            -34.83717,
            272.7
          ],
          [
            138.72808,
            -34.83716,
            272.3
          ],
          [
            138.72801,
            -34.83715,
            272
          ],
          [
            138.72789,
            -34.83713,
            271.2
          ],
          [
            138.72771,
            -34.8371,
            269.4
          ],
          [
            138.72757,
            -34.83708,
            267
          ],
          [
            138.72749,
            -34.83708,
            265.6
          ],
          [
            138.72744,
            -34.83708,
            264.7
          ],
          [
            138.72741,
            -34.83708,
            264.3
          ],
          [
            138.72738,
            -34.83709,
            264.3
          ],
          [
            138.72719,
            -34.83714,
            262.8
          ],
          [
            138.72704,
            -34.83718,
            260.5
          ],
          [
            138.72684,
            -34.83726,
            259
          ],
          [
            138.72672,
            -34.83732,
            259.2
          ],
          [
            138.72665,
            -34.83735,
            258.7
          ],
          [
            138.72659,
            -34.83739,
            258.7
          ],
          [
            138.7265,
            -34.83746,
            258.6
          ],
          [
            138.72623,
            -34.837697,
            255.4
          ],
          [
            138.72596,
            -34.837933,
            252.2
          ],
          [
            138.72569,
            -34.83817,
            249
          ],
          [
            138.72555,
            -34.8383,
            247.5
          ],
          [
            138.72547,
            -34.8384,
            247.4
          ],
          [
            138.72543,
            -34.83845,
            247.4
          ],
          [
            138.72539,
            -34.83853,
            245.7
          ],
          [
            138.72536,
            -34.8386,
            240.4
          ],
          [
            138.72533,
            -34.83867,
            235.3
          ],
          [
            138.72529,
            -34.83878,
            228.7
          ],
          [
            138.72527,
            -34.8389,
            225.6
          ],
          [
            138.72523,
            -34.83918,
            217.7
          ],
          [
            138.72523,
            -34.83924,
            215.4
          ],
          [
            138.72521,
            -34.83967,
            215.6
          ],
          [
            138.72521,
            -34.83982,
            219.1
          ],
          [
            138.7252,
            -34.8399,
            220.3
          ],
          [
            138.72519,
            -34.83994,
            220.8
          ],
          [
            138.72518,
            -34.83997,
            221.1
          ],
          [
            138.72517,
            -34.83999,
            221.3
          ],
          [
            138.72516,
            -34.84001,
            221.6
          ],
          [
            138.72514,
            -34.84003,
            221.8
          ],
          [
            138.72513,
            -34.84005,
            222.1
          ],
          [
            138.72512,
            -34.84006,
            222.2
          ],
          [
            138.72506,
            -34.8401,
            222.7
          ],
          [
            138.725,
            -34.84014,
            222.7
          ],
          [
            138.72493,
            -34.84016,
            222.3
          ],
          [
            138.7249,
            -34.84017,
            222.2
          ],
          [
            138.72487,
            -34.84017,
            221.8
          ],
          [
            138.72483,
            -34.84018,
            221.5
          ],
          [
            138.7248,
            -34.84018,
            221.1
          ],
          [
            138.7245,
            -34.84017,
            216.4
          ],
          [
            138.72428,
            -34.84016,
            210.9
          ],
          [
            138.72425,
            -34.84016,
            210.5
          ],
          [
            138.72385,
            -34.84015,
            217.2
          ]
        ]
      }
    },
    {
      "type": "Feature",
      "id": "wairoa",
      "properties": {
        "featureId": "wairoa",
        "stageCodes": [
          "SS20"
        ],
        "name": "Wairoa",
        "day": 2,
        "sourceMid": "1xpCx2cH8NgllswJUHqF5qYiHQx8LYPg",
        "termini": [
          {
            "name": "18 Euston Rd, Aldgate SA 5154, Australia",
            "coordinate": [
              138.734376,
              -35.014143
            ]
          },
          {
            "name": "Stop 40 Mt Barker Rd - South side, Aldgate SA 5154, Australia",
            "coordinate": [
              138.727232,
              -35.008312
            ]
          }
        ]
      },
      "geometry": {
        "type": "LineString",
        "coordinates": [
          [
            138.73438,
            -35.01414,
            429.2
          ],
          [
            138.73411,
            -35.014035,
            431.4
          ],
          [
            138.73384,
            -35.01393,
            430.5
          ],
          [
            138.73383,
            -35.01393,
            430.5
          ],
          [
            138.73338,
            -35.01375,
            431.4
          ],
          [
            138.73325,
            -35.0137,
            431.4
          ],
          [
            138.732935,
            -35.013565,
            430.6
          ],
          [
            138.73262,
            -35.01343,
            430.8
          ],
          [
            138.73248,
            -35.01334,
            432.9
          ],
          [
            138.73236,
            -35.01326,
            435.3
          ],
          [
            138.73228,
            -35.01321,
            437
          ],
          [
            138.73224,
            -35.01319,
            437.8
          ],
          [
            138.73219,
            -35.01316,
            438.9
          ],
          [
            138.73211,
            -35.01313,
            439.9
          ],
          [
            138.73201,
            -35.0131,
            440
          ],
          [
            138.73191,
            -35.01308,
            439.6
          ],
          [
            138.73182,
            -35.01306,
            439.4
          ],
          [
            138.73173,
            -35.01304,
            439.2
          ],
          [
            138.73156,
            -35.01301,
            439.5
          ],
          [
            138.73137,
            -35.01297,
            440.4
          ],
          [
            138.73121,
            -35.01292,
            441.7
          ],
          [
            138.73107,
            -35.01287,
            443.7
          ],
          [
            138.73102,
            -35.01285,
            444.4
          ],
          [
            138.73094,
            -35.0128,
            444.8
          ],
          [
            138.73084,
            -35.01273,
            445.2
          ],
          [
            138.73077,
            -35.01267,
            445.6
          ],
          [
            138.73073,
            -35.01262,
            445.6
          ],
          [
            138.73069,
            -35.01254,
            445.6
          ],
          [
            138.73066,
            -35.01245,
            445.8
          ],
          [
            138.73065,
            -35.01236,
            445.8
          ],
          [
            138.73065,
            -35.01225,
            445.6
          ],
          [
            138.73067,
            -35.01218,
            445.3
          ],
          [
            138.7307,
            -35.0121,
            445
          ],
          [
            138.73075,
            -35.01194,
            446.3
          ],
          [
            138.73077,
            -35.01184,
            447
          ],
          [
            138.73079,
            -35.01175,
            447
          ],
          [
            138.7308,
            -35.01166,
            446.6
          ],
          [
            138.7308,
            -35.0116,
            446.1
          ],
          [
            138.73079,
            -35.01156,
            446
          ],
          [
            138.73078,
            -35.01152,
            446
          ],
          [
            138.73075,
            -35.01145,
            446
          ],
          [
            138.73071,
            -35.01139,
            446.4
          ],
          [
            138.73061,
            -35.01129,
            447.9
          ],
          [
            138.73052,
            -35.01119,
            451.4
          ],
          [
            138.73046,
            -35.01109,
            454
          ],
          [
            138.7304,
            -35.01099,
            455.9
          ],
          [
            138.73036,
            -35.0109,
            457
          ],
          [
            138.73033,
            -35.01082,
            457.6
          ],
          [
            138.73029,
            -35.01065,
            458.5
          ],
          [
            138.73026,
            -35.01051,
            458.6
          ],
          [
            138.73022,
            -35.01036,
            458.2
          ],
          [
            138.73019,
            -35.01017,
            457.2
          ],
          [
            138.73017,
            -35.00996,
            457.3
          ],
          [
            138.73015,
            -35.00978,
            459
          ],
          [
            138.73012,
            -35.00962,
            459.9
          ],
          [
            138.7301,
            -35.00952,
            459.5
          ],
          [
            138.73004,
            -35.00934,
            458
          ],
          [
            138.73,
            -35.00929,
            457.9
          ],
          [
            138.72995,
            -35.00924,
            458.1
          ],
          [
            138.72992,
            -35.0092,
            458.1
          ],
          [
            138.72987,
            -35.00914,
            458.8
          ],
          [
            138.72979,
            -35.00908,
            460.3
          ],
          [
            138.72972,
            -35.00904,
            461.3
          ],
          [
            138.72964,
            -35.009,
            461.9
          ],
          [
            138.72956,
            -35.00895,
            461.8
          ],
          [
            138.7294,
            -35.00885,
            461.2
          ],
          [
            138.72925,
            -35.00873,
            460.9
          ],
          [
            138.72912,
            -35.00861,
            460.6
          ],
          [
            138.72898,
            -35.0085,
            460.4
          ],
          [
            138.72893,
            -35.00846,
            459.6
          ],
          [
            138.72888,
            -35.00842,
            458.8
          ],
          [
            138.72883,
            -35.0084,
            458.5
          ],
          [
            138.72878,
            -35.00837,
            458.2
          ],
          [
            138.7287,
            -35.00835,
            458.6
          ],
          [
            138.72865,
            -35.00834,
            458.9
          ],
          [
            138.72857,
            -35.00833,
            459.2
          ],
          [
            138.7285,
            -35.00833,
            459.6
          ],
          [
            138.72841,
            -35.00832,
            459
          ],
          [
            138.72811,
            -35.00832,
            458.6
          ],
          [
            138.72804,
            -35.00832,
            459
          ],
          [
            138.72776,
            -35.00831,
            461.5
          ],
          [
            138.72723,
            -35.00831,
            467.3
          ]
        ]
      }
    },
    {
      "type": "Feature",
      "id": "skinny-pole",
      "properties": {
        "featureId": "skinny-pole",
        "stageCodes": [
          "SS21"
        ],
        "name": "Skinny Pole",
        "day": 2,
        "sourceMid": "1xpCx2cH8NgllswJUHqF5qYiHQx8LYPg",
        "termini": [
          {
            "name": "152 Pole Rd, Ironbank SA 5153, Australia",
            "coordinate": [
              138.674099,
              -35.031868
            ]
          },
          {
            "name": "Stop 31A Upper Sturt Rd - South side, Upper Sturt SA 5156, Australia",
            "coordinate": [
              138.671676,
              -35.026303
            ]
          }
        ]
      },
      "geometry": {
        "type": "LineString",
        "coordinates": [
          [
            138.6741,
            -35.03187,
            331
          ],
          [
            138.67416,
            -35.03186,
            331
          ],
          [
            138.67423,
            -35.03186,
            331
          ],
          [
            138.67429,
            -35.03185,
            331.3
          ],
          [
            138.67431,
            -35.03185,
            331.5
          ],
          [
            138.67436,
            -35.03183,
            331.7
          ],
          [
            138.67448,
            -35.03181,
            332.8
          ],
          [
            138.67464,
            -35.03177,
            334.3
          ],
          [
            138.67466,
            -35.03177,
            334.5
          ],
          [
            138.67472,
            -35.03176,
            335.1
          ],
          [
            138.67485,
            -35.03174,
            336
          ],
          [
            138.67487,
            -35.03174,
            336.1
          ],
          [
            138.67494,
            -35.03173,
            336.4
          ],
          [
            138.67495,
            -35.03173,
            336.4
          ],
          [
            138.67506,
            -35.03171,
            336.3
          ],
          [
            138.67509,
            -35.03171,
            336.4
          ],
          [
            138.67515,
            -35.0317,
            336.6
          ],
          [
            138.67517,
            -35.03169,
            336.5
          ],
          [
            138.67528,
            -35.03168,
            337.1
          ],
          [
            138.67542,
            -35.03165,
            339.2
          ],
          [
            138.67549,
            -35.03163,
            339.8
          ],
          [
            138.67555,
            -35.0316,
            340.1
          ],
          [
            138.67559,
            -35.03158,
            340.3
          ],
          [
            138.67563,
            -35.03157,
            340.5
          ],
          [
            138.67567,
            -35.03154,
            340.3
          ],
          [
            138.67571,
            -35.03152,
            340.2
          ],
          [
            138.67575,
            -35.03149,
            340
          ],
          [
            138.67578,
            -35.03146,
            339.8
          ],
          [
            138.6758,
            -35.03144,
            339.8
          ],
          [
            138.67582,
            -35.03142,
            339.9
          ],
          [
            138.67584,
            -35.03139,
            339.9
          ],
          [
            138.67587,
            -35.03135,
            340.3
          ],
          [
            138.67589,
            -35.03131,
            340.4
          ],
          [
            138.67592,
            -35.03126,
            340.6
          ],
          [
            138.67593,
            -35.03123,
            340.3
          ],
          [
            138.67594,
            -35.03121,
            340.1
          ],
          [
            138.67596,
            -35.03115,
            339.5
          ],
          [
            138.67598,
            -35.03108,
            339
          ],
          [
            138.67599,
            -35.03103,
            338.7
          ],
          [
            138.67599,
            -35.03096,
            338.3
          ],
          [
            138.67599,
            -35.03083,
            337.5
          ],
          [
            138.67599,
            -35.03075,
            336.9
          ],
          [
            138.67599,
            -35.03069,
            336.6
          ],
          [
            138.676,
            -35.03065,
            336.7
          ],
          [
            138.67601,
            -35.03054,
            336.5
          ],
          [
            138.67603,
            -35.03047,
            336.2
          ],
          [
            138.67604,
            -35.03043,
            336.1
          ],
          [
            138.67607,
            -35.03032,
            336.3
          ],
          [
            138.67608,
            -35.03029,
            336.4
          ],
          [
            138.67608,
            -35.03027,
            336.4
          ],
          [
            138.67608,
            -35.03026,
            336.3
          ],
          [
            138.67608,
            -35.03024,
            336.2
          ],
          [
            138.67608,
            -35.03021,
            336
          ],
          [
            138.67608,
            -35.03019,
            335.8
          ],
          [
            138.67608,
            -35.03016,
            335.6
          ],
          [
            138.67607,
            -35.03012,
            335.2
          ],
          [
            138.67606,
            -35.03009,
            334.8
          ],
          [
            138.67605,
            -35.03007,
            334.6
          ],
          [
            138.67603,
            -35.03002,
            334.1
          ],
          [
            138.67602,
            -35.02997,
            333.9
          ],
          [
            138.67601,
            -35.02994,
            333.9
          ],
          [
            138.676,
            -35.02993,
            333.9
          ],
          [
            138.676,
            -35.02992,
            333.9
          ],
          [
            138.67599,
            -35.02987,
            333.8
          ],
          [
            138.67598,
            -35.02981,
            334.2
          ],
          [
            138.67599,
            -35.02974,
            334.6
          ],
          [
            138.676,
            -35.02966,
            335
          ],
          [
            138.67601,
            -35.0296,
            335.3
          ],
          [
            138.67601,
            -35.02956,
            335.5
          ],
          [
            138.67602,
            -35.02952,
            335.8
          ],
          [
            138.67602,
            -35.0295,
            336
          ],
          [
            138.67601,
            -35.02947,
            336.4
          ],
          [
            138.67601,
            -35.02945,
            336.5
          ],
          [
            138.67599,
            -35.02943,
            336.8
          ],
          [
            138.67598,
            -35.02941,
            337
          ],
          [
            138.67595,
            -35.02938,
            337.5
          ],
          [
            138.67593,
            -35.02935,
            338.1
          ],
          [
            138.6759,
            -35.02933,
            338.7
          ],
          [
            138.67587,
            -35.02932,
            339.3
          ],
          [
            138.6758,
            -35.02929,
            340.8
          ],
          [
            138.67573,
            -35.02926,
            342
          ],
          [
            138.67563,
            -35.02923,
            343.7
          ],
          [
            138.6755,
            -35.0292,
            345.2
          ],
          [
            138.67541,
            -35.02917,
            346
          ],
          [
            138.67538,
            -35.02916,
            346.3
          ],
          [
            138.67499,
            -35.02906,
            350.6
          ],
          [
            138.67481,
            -35.02901,
            352.1
          ],
          [
            138.67468,
            -35.02897,
            353.3
          ],
          [
            138.67456,
            -35.02895,
            354.3
          ],
          [
            138.67433,
            -35.02891,
            356.5
          ],
          [
            138.67424,
            -35.0289,
            357
          ],
          [
            138.67421,
            -35.02889,
            357.4
          ],
          [
            138.67417,
            -35.02889,
            357.5
          ],
          [
            138.67411,
            -35.02887,
            358.1
          ],
          [
            138.67402,
            -35.02884,
            359.4
          ],
          [
            138.67401,
            -35.02883,
            359.7
          ],
          [
            138.67385,
            -35.02876,
            362.5
          ],
          [
            138.67376,
            -35.02872,
            364.2
          ],
          [
            138.67357,
            -35.02864,
            367.8
          ],
          [
            138.67352,
            -35.02862,
            369.2
          ],
          [
            138.67348,
            -35.0286,
            370.6
          ],
          [
            138.67346,
            -35.0286,
            371.1
          ],
          [
            138.67344,
            -35.0286,
            371.5
          ],
          [
            138.67343,
            -35.0286,
            371.8
          ],
          [
            138.67342,
            -35.02861,
            371.9
          ],
          [
            138.67341,
            -35.02861,
            372.2
          ],
          [
            138.6734,
            -35.02862,
            372.3
          ],
          [
            138.67339,
            -35.02863,
            372.5
          ],
          [
            138.67339,
            -35.02864,
            372.4
          ],
          [
            138.67338,
            -35.02866,
            372.6
          ],
          [
            138.67339,
            -35.02871,
            371.9
          ],
          [
            138.67341,
            -35.02877,
            371.5
          ],
          [
            138.67343,
            -35.02882,
            371.2
          ],
          [
            138.67344,
            -35.02883,
            370.9
          ],
          [
            138.67348,
            -35.02894,
            370.1
          ],
          [
            138.67355,
            -35.02912,
            367.9
          ],
          [
            138.67356,
            -35.02915,
            367.7
          ],
          [
            138.67359,
            -35.02923,
            365.9
          ],
          [
            138.67361,
            -35.02927,
            364.8
          ],
          [
            138.67362,
            -35.02932,
            364.2
          ],
          [
            138.67362,
            -35.02937,
            364.2
          ],
          [
            138.6736,
            -35.02943,
            364.7
          ],
          [
            138.67356,
            -35.02947,
            365.3
          ],
          [
            138.67352,
            -35.02951,
            365.7
          ],
          [
            138.67347,
            -35.02955,
            366
          ],
          [
            138.6734,
            -35.0296,
            366
          ],
          [
            138.67336,
            -35.02962,
            366
          ],
          [
            138.67334,
            -35.02962,
            366.3
          ],
          [
            138.67328,
            -35.02964,
            366.4
          ],
          [
            138.67325,
            -35.02964,
            366.7
          ],
          [
            138.67322,
            -35.02964,
            367.1
          ],
          [
            138.67321,
            -35.02964,
            367.2
          ],
          [
            138.67317,
            -35.02962,
            368.8
          ],
          [
            138.67315,
            -35.02961,
            369.5
          ],
          [
            138.67313,
            -35.0296,
            370.3
          ],
          [
            138.67308,
            -35.02958,
            372
          ],
          [
            138.67303,
            -35.02955,
            374.4
          ],
          [
            138.67298,
            -35.02953,
            376.1
          ],
          [
            138.67291,
            -35.0295,
            378.6
          ],
          [
            138.67286,
            -35.02948,
            380.1
          ],
          [
            138.6728,
            -35.02946,
            381.3
          ],
          [
            138.67275,
            -35.02945,
            382
          ],
          [
            138.67271,
            -35.02944,
            382.7
          ],
          [
            138.67267,
            -35.02944,
            382.8
          ],
          [
            138.67262,
            -35.02944,
            382.8
          ],
          [
            138.67257,
            -35.02944,
            382.8
          ],
          [
            138.67253,
            -35.02945,
            382.4
          ],
          [
            138.6725,
            -35.02945,
            382.2
          ],
          [
            138.67246,
            -35.02945,
            381.7
          ],
          [
            138.67241,
            -35.02947,
            380.6
          ],
          [
            138.67233,
            -35.02949,
            379.2
          ],
          [
            138.67226,
            -35.02951,
            377.8
          ],
          [
            138.67221,
            -35.02952,
            376.9
          ],
          [
            138.67218,
            -35.02953,
            376.3
          ],
          [
            138.67215,
            -35.02954,
            375.8
          ],
          [
            138.67211,
            -35.02954,
            375.6
          ],
          [
            138.67208,
            -35.02954,
            375.4
          ],
          [
            138.67206,
            -35.02953,
            375.6
          ],
          [
            138.67205,
            -35.02953,
            375.5
          ],
          [
            138.67203,
            -35.02952,
            375.7
          ],
          [
            138.67201,
            -35.0295,
            376.1
          ],
          [
            138.672,
            -35.02948,
            376.6
          ],
          [
            138.67199,
            -35.02946,
            377.2
          ],
          [
            138.67198,
            -35.02944,
            377.7
          ],
          [
            138.67198,
            -35.02942,
            378.2
          ],
          [
            138.67198,
            -35.0294,
            378.8
          ],
          [
            138.67198,
            -35.02936,
            379.9
          ],
          [
            138.67199,
            -35.02932,
            381.1
          ],
          [
            138.67199,
            -35.02928,
            382.2
          ],
          [
            138.67201,
            -35.02925,
            383.3
          ],
          [
            138.67202,
            -35.02921,
            384.5
          ],
          [
            138.67207,
            -35.02908,
            389.5
          ],
          [
            138.67208,
            -35.02906,
            390.4
          ],
          [
            138.67211,
            -35.02897,
            394.5
          ],
          [
            138.67211,
            -35.02896,
            394.9
          ],
          [
            138.67213,
            -35.02891,
            397.2
          ],
          [
            138.67214,
            -35.02885,
            399.5
          ],
          [
            138.67215,
            -35.0288,
            401.4
          ],
          [
            138.67215,
            -35.02879,
            401.7
          ],
          [
            138.67215,
            -35.02874,
            403.5
          ],
          [
            138.67214,
            -35.02868,
            405.5
          ],
          [
            138.67212,
            -35.02862,
            407.3
          ],
          [
            138.67208,
            -35.02858,
            408.1
          ],
          [
            138.67204,
            -35.02854,
            408.5
          ],
          [
            138.67198,
            -35.02852,
            407.8
          ],
          [
            138.67194,
            -35.0285,
            407.1
          ],
          [
            138.67189,
            -35.02849,
            405.9
          ],
          [
            138.67179,
            -35.02846,
            403.7
          ],
          [
            138.67169,
            -35.02845,
            401.6
          ],
          [
            138.67162,
            -35.02844,
            401
          ],
          [
            138.67157,
            -35.02843,
            401
          ],
          [
            138.67153,
            -35.02842,
            401.1
          ],
          [
            138.6715,
            -35.0284,
            401.5
          ],
          [
            138.67148,
            -35.02839,
            401.6
          ],
          [
            138.67147,
            -35.02837,
            402
          ],
          [
            138.67146,
            -35.02836,
            402.2
          ],
          [
            138.67145,
            -35.02834,
            402.6
          ],
          [
            138.67145,
            -35.0283,
            403.6
          ],
          [
            138.67144,
            -35.02826,
            404.2
          ],
          [
            138.67144,
            -35.02822,
            404.8
          ],
          [
            138.67144,
            -35.0282,
            405.2
          ],
          [
            138.67144,
            -35.02818,
            405.5
          ],
          [
            138.67143,
            -35.02816,
            405.8
          ],
          [
            138.67141,
            -35.02813,
            406.2
          ],
          [
            138.6714,
            -35.02811,
            406.5
          ],
          [
            138.67137,
            -35.02809,
            406.6
          ],
          [
            138.67133,
            -35.02807,
            406.5
          ],
          [
            138.6712,
            -35.028,
            406.2
          ],
          [
            138.67119,
            -35.02799,
            406.3
          ],
          [
            138.67116,
            -35.02797,
            406.4
          ],
          [
            138.67111,
            -35.02791,
            406.8
          ],
          [
            138.6711,
            -35.02787,
            407.6
          ],
          [
            138.67109,
            -35.02784,
            408.3
          ],
          [
            138.67108,
            -35.02782,
            408.7
          ],
          [
            138.67106,
            -35.02777,
            409.8
          ],
          [
            138.67106,
            -35.02773,
            410.9
          ],
          [
            138.67106,
            -35.02769,
            411.9
          ],
          [
            138.67106,
            -35.02766,
            412.6
          ],
          [
            138.67109,
            -35.02762,
            414
          ],
          [
            138.67113,
            -35.02757,
            415.3
          ],
          [
            138.67117,
            -35.02753,
            416.3
          ],
          [
            138.67124,
            -35.02747,
            418
          ],
          [
            138.67132,
            -35.0274,
            419.4
          ],
          [
            138.67139,
            -35.02734,
            419.9
          ],
          [
            138.67141,
            -35.02732,
            420
          ],
          [
            138.6715,
            -35.02724,
            420
          ],
          [
            138.67158,
            -35.02718,
            420
          ],
          [
            138.67162,
            -35.02714,
            420.1
          ],
          [
            138.67164,
            -35.02711,
            420.1
          ],
          [
            138.67167,
            -35.02707,
            420
          ],
          [
            138.67168,
            -35.02703,
            420
          ],
          [
            138.67169,
            -35.027,
            420.2
          ],
          [
            138.6717,
            -35.02696,
            420.4
          ],
          [
            138.6717,
            -35.02688,
            421.1
          ],
          [
            138.67171,
            -35.02674,
            422.9
          ],
          [
            138.67171,
            -35.02656,
            424.4
          ],
          [
            138.6717,
            -35.02645,
            425.3
          ],
          [
            138.67168,
            -35.02634,
            426.1
          ],
          [
            138.67168,
            -35.0263,
            426.7
          ]
        ]
      }
    },
    {
      "type": "Feature",
      "id": "windy-point",
      "properties": {
        "featureId": "windy-point",
        "stageCodes": [
          "SS22"
        ],
        "name": "Windy Point",
        "day": 2,
        "sourceMid": "1xpCx2cH8NgllswJUHqF5qYiHQx8LYPg",
        "termini": [
          {
            "name": "335 Belair Rd, Lynton SA 5062, Australia",
            "coordinate": [
              138.609371,
              -34.998334
            ]
          },
          {
            "name": "455 Belair Rd, Belair SA 5052, Australia",
            "coordinate": [
              138.620755,
              -34.998402
            ]
          }
        ]
      },
      "geometry": {
        "type": "LineString",
        "coordinates": [
          [
            138.60937,
            -34.99833,
            158.4
          ],
          [
            138.60966,
            -34.99852,
            160.9
          ],
          [
            138.6099,
            -34.9987,
            188.3
          ],
          [
            138.61008,
            -34.99884,
            189
          ],
          [
            138.61028,
            -34.99896,
            191.9
          ],
          [
            138.61043,
            -34.99904,
            193.1
          ],
          [
            138.61047,
            -34.99907,
            192.9
          ],
          [
            138.61064,
            -34.99917,
            194.5
          ],
          [
            138.61065,
            -34.99918,
            194.4
          ],
          [
            138.61101,
            -34.99944,
            200.1
          ],
          [
            138.61115,
            -34.99954,
            206.8
          ],
          [
            138.61121,
            -34.99958,
            210.2
          ],
          [
            138.61127,
            -34.99963,
            212.9
          ],
          [
            138.61128,
            -34.99965,
            213.4
          ],
          [
            138.61128,
            -34.99966,
            213.5
          ],
          [
            138.61129,
            -34.99967,
            213.9
          ],
          [
            138.61129,
            -34.99968,
            214.1
          ],
          [
            138.6113,
            -34.9997,
            214.6
          ],
          [
            138.61131,
            -34.99973,
            215.2
          ],
          [
            138.6113,
            -34.99977,
            215.4
          ],
          [
            138.61129,
            -34.99979,
            215.3
          ],
          [
            138.61128,
            -34.99982,
            215.3
          ],
          [
            138.61127,
            -34.99983,
            215.1
          ],
          [
            138.61127,
            -34.99984,
            215.2
          ],
          [
            138.61126,
            -34.99984,
            215
          ],
          [
            138.61124,
            -34.99987,
            214.7
          ],
          [
            138.61122,
            -34.99989,
            214.3
          ],
          [
            138.61118,
            -34.99991,
            213.6
          ],
          [
            138.61109,
            -34.99995,
            212.9
          ],
          [
            138.61097,
            -34.99998,
            212.3
          ],
          [
            138.61084,
            -35.00001,
            212.4
          ],
          [
            138.61064,
            -35.00003,
            213
          ],
          [
            138.61054,
            -35.00003,
            213
          ],
          [
            138.61042,
            -35.00002,
            212.7
          ],
          [
            138.61032,
            -34.99999,
            211.6
          ],
          [
            138.61025,
            -34.99997,
            210.9
          ],
          [
            138.61024,
            -34.99997,
            210.9
          ],
          [
            138.61017,
            -34.99995,
            210.2
          ],
          [
            138.61011,
            -34.99995,
            210.4
          ],
          [
            138.61,
            -34.99997,
            211.4
          ],
          [
            138.60971,
            -35.00004,
            215.4
          ],
          [
            138.60965,
            -35.00005,
            216.2
          ],
          [
            138.60955,
            -35.00005,
            216.8
          ],
          [
            138.60946,
            -35.00004,
            217.3
          ],
          [
            138.60936,
            -35.00002,
            217.8
          ],
          [
            138.6092,
            -34.99995,
            219
          ],
          [
            138.60882,
            -34.99982,
            216.7
          ],
          [
            138.60847,
            -34.99974,
            214.4
          ],
          [
            138.60814,
            -34.99967,
            145
          ],
          [
            138.60801,
            -34.99965,
            147.4
          ],
          [
            138.60794,
            -34.99964,
            148.7
          ],
          [
            138.60782,
            -34.99962,
            150.6
          ],
          [
            138.60775,
            -34.99962,
            152
          ],
          [
            138.60769,
            -34.99962,
            153.3
          ],
          [
            138.60756,
            -34.99965,
            156.7
          ],
          [
            138.60735,
            -34.99972,
            161.9
          ],
          [
            138.60721,
            -34.99976,
            165.5
          ],
          [
            138.6071,
            -34.99978,
            168.2
          ],
          [
            138.60692,
            -34.99979,
            170.5
          ],
          [
            138.60687,
            -34.9998,
            170.9
          ],
          [
            138.60665,
            -34.99982,
            171.8
          ],
          [
            138.60656,
            -34.99983,
            170.6
          ],
          [
            138.60645,
            -34.99987,
            165.7
          ],
          [
            138.60634,
            -34.99992,
            159.3
          ],
          [
            138.60619,
            -35,
            158.4
          ],
          [
            138.60598,
            -35.00014,
            168.6
          ],
          [
            138.60582,
            -35.00024,
            177.7
          ],
          [
            138.60573,
            -35.00031,
            181.1
          ],
          [
            138.60572,
            -35.00031,
            181.2
          ],
          [
            138.60566,
            -35.00038,
            182.3
          ],
          [
            138.60564,
            -35.00042,
            182.7
          ],
          [
            138.60563,
            -35.00044,
            183
          ],
          [
            138.60563,
            -35.00045,
            183
          ],
          [
            138.60563,
            -35.00047,
            183.2
          ],
          [
            138.60563,
            -35.0005,
            183.5
          ],
          [
            138.60563,
            -35.00052,
            183.6
          ],
          [
            138.60564,
            -35.00054,
            183.8
          ],
          [
            138.60565,
            -35.00057,
            184
          ],
          [
            138.60567,
            -35.00059,
            184
          ],
          [
            138.6057,
            -35.00062,
            184.1
          ],
          [
            138.60573,
            -35.00063,
            183.9
          ],
          [
            138.60578,
            -35.00065,
            183.7
          ],
          [
            138.60584,
            -35.00066,
            183.4
          ],
          [
            138.60589,
            -35.00066,
            183
          ],
          [
            138.60594,
            -35.00066,
            182.6
          ],
          [
            138.60648,
            -35.00061,
            170.2
          ],
          [
            138.60657,
            -35.00061,
            166.7
          ],
          [
            138.60677,
            -35.00061,
            161.1
          ],
          [
            138.60679,
            -35.00061,
            160.7
          ],
          [
            138.60721,
            -35.00062,
            162
          ],
          [
            138.60746,
            -35.00062,
            230.2
          ],
          [
            138.60783,
            -35.00061,
            232.1
          ],
          [
            138.60815,
            -35.00057,
            233.9
          ],
          [
            138.60845,
            -35.00055,
            236.5
          ],
          [
            138.60869,
            -35.00054,
            237
          ],
          [
            138.60886,
            -35.00053,
            237.3
          ],
          [
            138.60914,
            -35.00055,
            241
          ],
          [
            138.60935,
            -35.00056,
            244.2
          ],
          [
            138.60955,
            -35.00058,
            245.3
          ],
          [
            138.60964,
            -35.0006,
            245.7
          ],
          [
            138.60972,
            -35.00063,
            245.9
          ],
          [
            138.60978,
            -35.00065,
            245.8
          ],
          [
            138.60993,
            -35.00073,
            246.6
          ],
          [
            138.61008,
            -35.00081,
            247.6
          ],
          [
            138.6102,
            -35.00086,
            249.2
          ],
          [
            138.61026,
            -35.00088,
            250
          ],
          [
            138.61033,
            -35.00089,
            250.6
          ],
          [
            138.61054,
            -35.00092,
            253.2
          ],
          [
            138.61073,
            -35.00092,
            254.6
          ],
          [
            138.61105,
            -35.00092,
            256.6
          ],
          [
            138.61117,
            -35.00092,
            257.4
          ],
          [
            138.61122,
            -35.00092,
            257.8
          ],
          [
            138.61139,
            -35.00094,
            258.6
          ],
          [
            138.61146,
            -35.00096,
            259.5
          ],
          [
            138.61173,
            -35.00101,
            262.1
          ],
          [
            138.61201,
            -35.00111,
            263.8
          ],
          [
            138.61209,
            -35.00114,
            264.3
          ],
          [
            138.6124,
            -35.00122,
            265.5
          ],
          [
            138.61243,
            -35.00122,
            265.6
          ],
          [
            138.61254,
            -35.00122,
            266.2
          ],
          [
            138.61261,
            -35.00121,
            266.5
          ],
          [
            138.61266,
            -35.00119,
            266.5
          ],
          [
            138.61274,
            -35.00116,
            266.4
          ],
          [
            138.61281,
            -35.00112,
            265.9
          ],
          [
            138.61292,
            -35.00105,
            265
          ],
          [
            138.61299,
            -35.00101,
            264.3
          ],
          [
            138.61301,
            -35.00101,
            264.3
          ],
          [
            138.61305,
            -35.00099,
            263.7
          ],
          [
            138.61313,
            -35.00097,
            263.2
          ],
          [
            138.61319,
            -35.00096,
            263
          ],
          [
            138.61325,
            -35.00097,
            263.5
          ],
          [
            138.61332,
            -35.00099,
            264.4
          ],
          [
            138.61337,
            -35.001,
            264.8
          ],
          [
            138.61346,
            -35.00104,
            266.2
          ],
          [
            138.61393,
            -35.00127,
            274.9
          ],
          [
            138.61402,
            -35.00131,
            275.4
          ],
          [
            138.61411,
            -35.00134,
            275.4
          ],
          [
            138.61419,
            -35.00135,
            275.4
          ],
          [
            138.61427,
            -35.00135,
            275.9
          ],
          [
            138.61438,
            -35.00134,
            276.1
          ],
          [
            138.61448,
            -35.00132,
            276
          ],
          [
            138.61455,
            -35.0013,
            276.4
          ],
          [
            138.61461,
            -35.00127,
            276.6
          ],
          [
            138.6147,
            -35.0012,
            276.3
          ],
          [
            138.61482,
            -35.0011,
            276.9
          ],
          [
            138.61485,
            -35.001,
            275.9
          ],
          [
            138.61487,
            -35.00085,
            275.3
          ],
          [
            138.6149,
            -35.00072,
            275.6
          ],
          [
            138.61492,
            -35.00063,
            276.2
          ],
          [
            138.61495,
            -35.00056,
            277.1
          ],
          [
            138.61499,
            -35.00052,
            278.2
          ],
          [
            138.61506,
            -35.00045,
            280
          ],
          [
            138.61522,
            -35.00034,
            282.4
          ],
          [
            138.61534,
            -35.00025,
            283.2
          ],
          [
            138.61543,
            -35.00017,
            283.7
          ],
          [
            138.61554,
            -35.00005,
            285.2
          ],
          [
            138.61561,
            -34.99995,
            286.8
          ],
          [
            138.61567,
            -34.99985,
            288.6
          ],
          [
            138.61579,
            -34.99958,
            291
          ],
          [
            138.61585,
            -34.99947,
            290.4
          ],
          [
            138.61591,
            -34.9994,
            290.1
          ],
          [
            138.61597,
            -34.99935,
            290.1
          ],
          [
            138.61602,
            -34.99932,
            290.3
          ],
          [
            138.61604,
            -34.99931,
            290.4
          ],
          [
            138.61609,
            -34.99928,
            290.2
          ],
          [
            138.61621,
            -34.99928,
            290.5
          ],
          [
            138.61631,
            -34.99928,
            290.5
          ],
          [
            138.61641,
            -34.9993,
            291.1
          ],
          [
            138.61654,
            -34.99933,
            292.4
          ],
          [
            138.61668,
            -34.99938,
            292.9
          ],
          [
            138.61685,
            -34.99944,
            294.7
          ],
          [
            138.61701,
            -34.99949,
            297.3
          ],
          [
            138.61711,
            -34.99952,
            298.8
          ],
          [
            138.61722,
            -34.99952,
            300.1
          ],
          [
            138.61731,
            -34.99952,
            300.9
          ],
          [
            138.61741,
            -34.99951,
            301.4
          ],
          [
            138.61752,
            -34.99948,
            301.4
          ],
          [
            138.6177,
            -34.99943,
            301.4
          ],
          [
            138.61772,
            -34.99943,
            301.5
          ],
          [
            138.61788,
            -34.99939,
            302.3
          ],
          [
            138.61803,
            -34.99933,
            303.3
          ],
          [
            138.61808,
            -34.9993,
            303.6
          ],
          [
            138.61809,
            -34.99929,
            303.5
          ],
          [
            138.61811,
            -34.99928,
            303.6
          ],
          [
            138.61813,
            -34.99926,
            303.6
          ],
          [
            138.61814,
            -34.99924,
            303.4
          ],
          [
            138.61819,
            -34.99916,
            303.8
          ],
          [
            138.61821,
            -34.99907,
            304
          ],
          [
            138.61822,
            -34.99894,
            303.7
          ],
          [
            138.61823,
            -34.99889,
            303.6
          ],
          [
            138.61827,
            -34.99875,
            303.3
          ],
          [
            138.61833,
            -34.99865,
            303
          ],
          [
            138.61837,
            -34.99861,
            302.9
          ],
          [
            138.6184,
            -34.99859,
            303
          ],
          [
            138.61844,
            -34.99857,
            303.2
          ],
          [
            138.61847,
            -34.99856,
            303.5
          ],
          [
            138.61856,
            -34.99855,
            304.9
          ],
          [
            138.61869,
            -34.99854,
            306.8
          ],
          [
            138.61871,
            -34.99853,
            306.9
          ],
          [
            138.61889,
            -34.99855,
            308.3
          ],
          [
            138.619,
            -34.99856,
            308.4
          ],
          [
            138.61916,
            -34.99859,
            308.8
          ],
          [
            138.6192,
            -34.9986,
            309.3
          ],
          [
            138.61951,
            -34.99865,
            311.2
          ],
          [
            138.61959,
            -34.99866,
            311.8
          ],
          [
            138.61968,
            -34.99866,
            312.7
          ],
          [
            138.61975,
            -34.99865,
            313.8
          ],
          [
            138.61977,
            -34.99865,
            314.1
          ],
          [
            138.61982,
            -34.99865,
            315
          ],
          [
            138.62031,
            -34.99854,
            320.7
          ],
          [
            138.62064,
            -34.99844,
            320.9
          ],
          [
            138.62075,
            -34.9984,
            320.8
          ]
        ]
      }
    }
  ]
}
